id,title,indexed,bgcov,n_mb_works
1010-whippoorwill-lane,1010 Whippoorwill Lane,0,0,0
1-1-love,1+1 = Love,0,0,0
11-months-29-days,11 Months 29 Days,0,0,0
12-12-84,12-12-84,0,0,0
1460-elder-street,1460 Elder Street,0,0,0
16th-avenue,16th Avenue,0,0,1
18-wheels-humming-home-sweet-home,18 Wheels Humming Home Sweet Home,1,0,0
1929,1929,0,0,3
1952-vincent-black-lightning,1952 Vincent Black Lightning,1,2,1
1953-dear-john-honky-tonk-blues,1953 Dear John Honky Tonk Blues,0,0,1
1959,1959,0,0,7
1976,1976,0,1,8
19-years-and-1800-miles,19 Years And 1800 Miles,0,0,0
1-rock-n-roll-c-w-boogie-blues-man,#1 Rock 'N' Roll C & W Boogie Blues Man,0,0,0
20-20-vision,20 20 Vision,0,8,5
2020-vision,2020 vision,1,0,2
21-miles-to-lake-charles-prison,21 Miles To Lake Charles Prison,0,0,0
2393,The Key to Heaven,1,2,2
2402,I’ll Be Alright Tomorrow,1,2,0
24-karat-heartache,24 Karat Heartache,0,0,1
24th-hour,24th Hour,0,0,0
25-minutes-to-go,25 Minutes To Go,0,0,1
30-000-feet,"30,000 Feet",0,0,5
30-pieces-of-silver,30 Pieces of Silver,0,0,1
32-acres,32 Acres,0,1,1
35-mph-town,35 mph Town,0,0,0
45-dollars-in-quarters,45 Dollars in Quarters,0,0,0
50-000-names-carved-in-the-wall,"50,000 Names Carved In The Wall",0,0,0
5-01-blues,5:01 Blues,0,0,1
57-chevrolet,57 Chevrolet,0,0,0
727-east-magnolia-avenue,727 East Magnolia Avenue,0,0,1
80-proof-bottle-of-tear-stopper,80 Proof Bottle Of Tear Stopper,0,0,0
900-miles,900 Miles,1,5,1
99-years,99 Years,1,1,1
a-11,A-11,0,3,21
a-baby-again,A Baby Again,0,0,0
a-baby-and-a-sewing-machine,A Baby And A Sewing Machine,0,0,0
a-baby-just-like-you,A Baby Just Like You,0,0,1
a-bad-goodbye,A Bad Goodbye,0,0,1
abbey-reel-the,Abbey Reel (The),0,0,0
a-beautiful-home,A Beautiful Home,1,1,2
a-beautiful-mistake,A Beautiful Mistake,0,0,5
a-better-life-is-waiting,A Better Life Is Waiting,0,0,1
a-better-man,A Better Man,0,2,38
a-better-rain,A Better Rain,0,0,1
a-better-time-to-say-goodbye,A Better Time To Say Goodbye,0,0,1
a-better-way,A Better Way,0,1,16
abide-with-me,Abide With Me,0,2,9
a-big-hunk-o-love,A Big Hunk O' Love,0,0,1
a-big-one,A Big One,0,0,9
abilene,Abilene,1,1,11
abilene-rose,Abilene Rose,0,0,1
a-blanket-of-stars,A Blanket Of Stars,0,0,4
able-bodied-man,Able Bodied Man,0,0,1
a-blossom-fell,A Blossom Fell,0,0,1
a-bottle-of-wine-and-patsy-cline,A Bottle Of Wine And Patsy Cline,0,0,1
about-horses-and-wars,About Horses and Wars,0,0,0
above-all,Above All,0,1,9
above-and-beyond-the-call-of-love,Above and Beyond the Call of Love,0,0,0
above-suspicion,Above Suspicion,0,0,0
abraham-martin-and-john,Abraham Martin And John,0,0,1
a-brand-new-bed-of-roses,A Brand New Bed Of Roses,0,0,1
a-brand-new-broken-heart,A Brand New Broken Heart,0,3,2
a-bridge-i-didnt-burn,A Bridge I Didn’t Burn,0,0,0
a-bridge-i-just-can-t-burn,A Bridge I Just Can't Burn,0,0,0
a-bridge-that-just-won-t-burn,A Bridge That Just Won't Burn,0,0,0
a-broken-heart-and-a-glass-of-beer,A broken Heart And A Glass Of Beer,0,0,1
a-broken-heart-a-wedding-band,A Broken Heart A Wedding Band,0,0,0
a-broken-hearted-me,A Broken Hearted Me,0,0,1
a-broken-tie,A Broken Tie,0,0,0
absence,Absence,0,0,47
absent-minded-me,Absent Minded Me,0,0,1
a-cabin-in-the-hills,A Cabin In The Hills,0,3,1
acadian-a-two-step,Acadian(a) Two Step,0,0,0
a-candle-in-the-window,A Candle In The Window,0,0,3
acapulco,Acapulco,0,0,13
a-castle-in-the-sky,A Castle in the Sky,0,0,11
ac-cent-tchu-ate-the-positive,Ac-Cent-Tchu-Ate The Positive,0,0,1
accidental-love,Accidental Love,0,0,0
accidentally-on-purpose,Accidentally on Purpose,0,0,3
accidentally-on-purpose-1,Accidentally On Purpose,0,0,3
accidentally-on-purpose-tonight,Accidentally On Purpose Tonight,0,0,0
according-to-my-heart,According to my Heart,0,0,1
according-to-the-bible,According To The Bible,0,0,0
ace-in-the-hole,Ace In The Hole,0,1,17
ace-of-hearts,Ace Of Hearts,0,2,4
ace-of-spades,Ace of Spades,1,6,6
a-change-in-the-air,A Change In The Air,0,0,3
aching-breaking-heart,Aching Breaking Heart,0,0,1
achin-thing-called-love,Achin' Thing Called Love,0,0,0
a-christmas-card,A Christmas Card,0,0,6
achy-breaky-heart,Achy Breaky Heart,0,0,1
achy-breaky-heart-1,Achy Breaky Heart,0,0,1
a-cold-day-in-december,A Cold Day In December,0,0,1
acony-bell,Acony Bell,0,0,1
acorn-hill-breakdown,Acorn Hill (Breakdown),0,0,0
a-country-boy-can-survive,A Country Boy Can Survive,0,0,2
a-country-song,A Country Song,0,2,17
a-courtroom-then-goodbye,A Courtroom Then Goodbye,0,0,0
a-cowboy-like-you,A Cowboy Like You,0,0,1
a-cowboy-s-special-christmas,A Cowboy's Special Christmas,0,0,0
a-cradle-in-bethlehem,A Cradle In Bethlehem,0,1,1
across-the-alley-from-the-alamo,Across the Alley From the Alamo,0,1,1
across-the-border,Across The Border,0,1,7
across-the-borderline,Across The Borderline,0,0,1
across-the-bridge,Across the Bridge,0,1,4
across-the-great-divide,Across the Great Divide,1,3,3
across-the-miles-at-christmas,Across The Miles At Christmas,0,0,1
across-the-plains,Across the Plains,0,1,6
across-the-sea,Across the Sea,0,25,15
across-the-sea-blues,Across the Sea Blues,0,3,1
across-the-wide-missouri,Across The Wide Missouri,0,0,1
across-this-town-and-gone-lyrics-with-chords,Across This Town And Gone Lyrics with Chords,0,0,0
act-1-act-2-act-3,Act 1 Act 2 Act 3,0,0,0
acting-like-my-old-self-again,Acting Like My Old Self Again,0,0,1
action,Action,0,0,68
actions-speak-louder-than-words,Actions Speak Louder Than Words,0,0,2
act-like-a-fool,Act Like A Fool,0,1,1
act-like-a-married-man,Act Like A Married Man,0,1,1
act-naturally-lyrics-with-chords,Act Naturally,1,2,2
a-daisy-a-day,A Daisy a Day,0,1,1
adalida,Adalida,0,0,1
adam-s-side,Adam's Side,0,0,0
a-dark-road-is-a-hard-road-to-travel,A Dark Road Is A Hard Road To Travel,0,1,0
a-dark-starless-night,A Dark Starless Night,0,0,0
a-day-in-the-life-of-a-fool,A Day In The Life Of A Fool,0,0,2
a-day-without-prayer,A Day Without Prayer,0,0,1
add-another-fool-to-the-flame,Add Another Fool To The Flame,0,0,0
address-unknown,Address Unknown,0,0,1
a-devil-like-me-needs-an-angel-like-you,A Devil Like Me Needs An Angel Like You,0,0,0
adieu-false-heart,Adieu False Heart,1,2,1
a-different-kind-of-sad,A Different Kind Of Sad,0,0,1
adios-amigo,Adios Amigo,0,0,11
adios-farewell-goodbye-good-luck-so-long-lyrics-with-chords,Adios Farewell Goodbye Good Luck So Long Lyrics with Chords,0,0,0
a-distant-land-to-roam,A Distant Land To Roam,1,5,1
a-dog-s-life,A Dog's Life,0,0,11
adorable-women,Adorable Women,0,0,0
a-dozen-more-like-you,A Dozen More Like You,0,0,0
a-drunk-can-t-be-a-man,A Drunk Can't Be A Man,0,0,1
a-eee,A-Eee,0,0,0
a-face-in-the-crowd,A Face In The Crowd,1,4,20
a-faded-red-ribbon,A Faded Red Ribbon,1,3,0
a-faded-rose-a-broken-heart,A Faded Rose A Broken Heart,0,0,0
a-fallen-star,A Fallen Star,0,2,11
a-far-cry-from-you,A Far Cry From You,0,2,1
a-far-cry-from-you-1,A Far Cry From You,0,2,1
a-few-good-ole-country-boys-around,A Few Good Ole Country Boys Around,0,0,0
a-few-more-seasons,A Few More Seasons,0,3,1
a-few-more-years,A Few More Years,0,5,1
a-few-old-memories,A Few Old Memories,1,4,1
a-few-old-memories-1,A Few Old Memories,1,4,1
a-few-stars-short-of-the-moon,A Few Stars Short Of The Moon,0,0,0
a-few-steps-away,A Few Steps Away,0,0,0
a-fire-i-can-t-put-out,A Fire I Can't Put Out,0,0,0
a-flower-blooming-in-the-wildwood,A Flower Blooming in the Wildwood,1,11,1
a-fool-and-his-dreams,A Fool And His Dreams,0,0,0
a-fool-and-his-love-are-soon-parted,A Fool And His Love Are Soon Parted,0,0,0
a-fooler-a-faker,A Fooler A Faker,0,0,1
a-fool-never-learns,A Fool Never Learns,0,0,1
a-fool-such-as-i,A Fool Such As I,1,4,0
afraid,Afraid,0,0,28
afraid-i-ll-want-to-love-her-one-more-time,Afraid I'll Want To Love Her One More Time,0,0,0
afraid-to-care,Afraid To Care,0,0,0
afraid-to-love-again,Afraid To Love Again,0,1,2
afraid-to-love-and-afraid-of-dying,Afraid To Love And Afraid Of Dying,0,0,0
afraid-to-sleep,Afraid To Sleep,0,0,1
a-friend-in-california,A Friend In California,0,2,1
a-friend-to-me,A Friend To Me,0,0,1
a-front-seat-to-hear-ole-johnny-sing,A Front Seat To Hear Ole Johnny Sing,0,0,0
after-17,After 17,0,1,0
after-all,After All,0,1,91
after-all-1,After All,0,1,91
after-all-2,After All,0,1,91
after-all-3,After All,0,1,91
after-all-the-good-is-gone,After All The Good Is Gone,0,0,1
after-all-the-things-i-ve-done,After All The Things I've Done,0,0,1
after-all-they-used-to-belong-to-me,After All They Used To Belong To Me,0,0,0
after-all-this-time,After All This Time,0,1,15
after-all-this-time-1,After All This Time,0,1,15
after-all-we-have-meant-to-each-other,After All (We Have Meant To Each Other),0,0,0
after-awhile,After Awhile,0,0,3
after-being-your-lover,After Being Your Lover,0,0,0
after-calvary,After Calvary,0,0,0
after-closing-time,After Closing Time,0,0,1
after-dark,After Dark,0,0,52
after-effects-from-loving-you,After Effects From Loving You,0,0,0
afterglow,Afterglow,0,1,128
after-i-sing-all-my-songs,After I Sing All My Songs,0,0,1
after-losing-you,After Losing You,0,0,0
after-losing-you-1,After Losing You,0,0,0
after-losing-you-2,After Losing You,0,0,0
after-loving-you-lyrics-chords,After Loving You Lyrics Chords,0,0,0
afternoon-delight,Afternoon Delight,0,0,3
after-texas,After Texas,0,0,0
after-the-ball,After The Ball,0,1,9
after-the-best,After The Best,0,0,0
after-the-boy-gets-the-girl-lyrics-chords,After the Boy Gets the Girl Lyrics Chords,0,0,0
after-the-fact,After The Fact,0,0,3
after-the-fire-is-gone,After The Fire Is Gone,1,4,2
after-the-fire-is-gone-lyrics-chords,After the Fire is Gone Lyrics chords,0,0,0
after-the-heartache,After The Heartache,0,0,1
after-the-hurt-is-gone,After The Hurt Is Gone,0,0,0
after-the-laughter-comes-the-tears,After The Laughter Comes The Tears,0,0,0
after-the-lights-go-out,After The Lights Go Out,0,0,2
after-the-love-has-gone,After The Love Has Gone,0,0,5
after-the-love-is-gone,After The Love Is Gone,0,0,1
after-the-love-slips-away,After The Love Slips Away,0,0,0
after-the-loving,After The Loving,0,0,0
after-the-party,After The Party,0,0,9
after-the-storm,After the Storm,0,3,55
after-the-thrill-is-gone,After The Thrill Is Gone,0,0,2
after-yesterday,After Yesterday,0,0,0
after-you,After You,0,0,26
after-you-leave-me,After You Leave Me,0,0,3
after-you-leave-me-1,After You Leave Me,0,0,3
after-you-turn-out-your-light,After You Turn Out Your Light,0,0,1
after-you-ve-gone,After You've Gone,0,2,7
a-full-time-job,A Full Time Job,0,0,4
again,Again,0,2,141
again-1,Again,0,2,141
against-the-grain,Against The Grain,0,2,22
again-today,Again Today,0,0,3
age,Age,1,4,10
a-gentleman-on-my-mind,A Gentleman On My Mind,0,0,0
age-of-worry,Age of Worry,0,0,1
ages-and-ages-ago,Ages And Ages Ago,1,4,1
ages-and-ages-ago-1,Ages And Ages Ago,1,4,1
ages-and-ages-ago-with-chords,Ages And Ages Ago with chords,0,0,0
a-ghost-of-a-chance,A Ghost Of A Chance,0,1,5
a-gift-of-love,A Gift Of Love,0,3,16
a-girl-in-the-night,A Girl In The Night,0,1,2
agony-of-waiting,Agony Of Waiting,0,0,1
a-good-chance-of-tear-fall-tonight,A Good Chance Of Tear Fall Tonight,0,0,1
a-good-love-and-a-bottle-of-wine,A Good Love And A Bottle Of Wine,0,0,1
a-good-love-died-tonight,A Good Love Died Tonight,0,0,0
a-good-love-is-like-a-good-song,A Good Love Is Like A Good Song,0,0,1
a-good-man-is-hard-to-find,A Good Man Is Hard To Find,0,0,3
a-good-old-country-song,A Good Old Country Song,0,0,2
a-good-year-for-the-roses,A Good Year For The Roses,0,1,1
a-guy-named-joe,A Guy Named Joe,0,0,1
a-habit-i-can-t-break,A Habit I Can't Break,0,1,1
a-half-way-chance-with-you,A Half Way Chance With You,0,0,0
a-handful-of-dust,A Handful Of Dust,0,2,5
a-harley-someday,A Harley Someday,0,0,0
a-headache-tomorrow-or-a-heartache-tonight,A Headache Tomorrow Or A Heartache Tonight,0,0,0
a-heartache-for-a-keepsake,A Heartache for a Keepsake,0,0,0
a-heartache-to-recall,A Heartache To Recall,0,0,0
a-heartbreak-ago,A Heartbreak Ago,0,0,1
a-heart-don-t-need-eyes,A Heart Don't Need Eyes,0,0,0
a-heart-full-of-love,A Heart Full Of Love,0,1,4
a-heart-full-of-love-1,A Heart Full Of Love,0,1,4
a-heart-like-hers,A Heart Like Hers,0,0,1
a-heart-like-mine,A Heart Like Mine,0,0,8
a-heart-like-you,A Heart Like You,0,0,0
a-heart-that-will-never-break-again,A Heart That Will Never Break Again,1,4,1
a-home-in-heaven,A Home in Heaven,0,0,2
a-house-of-gold,A House of Gold,1,16,5
a-house-that-has-everything,A House That Has Everything,0,0,1
a-house-without-love,A House Without Love,0,0,1
a-hundred-and-sixty-acres,A Hundred and Sixty Acres,0,0,1
a-hundred-times-today,A Hundred Times Today,0,0,1
a-hundred-years-from-now,A Hundred Years From Now,1,7,1
a-hundred-years-from-now-1,A Hundred Years From Now,1,7,1
a-hundred-years-from-now-2,A Hundred Years From Now,1,7,1
a-hundred-years-from-now-3,A Hundred Years From Now,1,7,1
ain-t-a-woman-somebody-when-she-s-gone,Ain't A Woman Somebody When She's Gone,0,0,0
ain-t-goin-down-till-the-sun-comes-up,Ain't Goin' Down (Till The Sun Comes Up),0,0,0
ain-t-gonna-be-your-day,Ain't Gonna Be Your Day,0,0,0
aint-gonna-do-it,Ain’t Gonna Do It,0,0,1
ain-t-gonna-hobo-no-more,Ain't Gonna Hobo No More,0,0,1
ain-t-gonna-work-no-more,Ain't Gonna Work No More,0,0,1
ain-t-gonna-work-tomorrow,Ain't Gonna Work Tomorrow,1,18,1
aint-gonna-work-tomorrow,Ain’t Gonna Work Tomorrow,1,18,1
ain-t-got-no-home,Ain't Got No Home,0,3,1
ain-t-got-the-time,Ain't Got The Time,0,0,1
ain-t-got-time-to-be-unhappy,Ain't Got Time To Be Unhappy,0,0,0
ain-t-got-trouble-now,Ain't Got Trouble Now,0,1,0
aint-had-no-loving,Ain’t Had No Loving,0,0,0
aint-i-been-good-to-you,Ain’t I Been Good to You,0,2,2
ain-t-it-amazing,Ain't It Amazing,0,0,1
ain-t-it-amazing-gracie,Ain't It Amazing Gracie,0,0,1
ain-t-it-been-love,Ain't It Been Love,0,0,1
ain-t-it-easy,Ain't It Easy,0,0,1
ain-t-it-funny,Ain't It Funny,0,2,7
ain-t-it-funny-the-way-love-can-do-ya,Ain't It Funny The Way Love Can Do Ya,0,0,1
ain-t-it-good,Ain't It Good,0,0,4
ain-t-it-good-1,Ain't It Good,0,0,4
ain-t-it-good-to-be-in-love-again,Ain't It Good To Be In Love Again,0,0,0
aint-i-the-lucky-one,Ain’t I The Lucky One,0,0,1
ain-t-it-just-like-a-woman,Ain't It Just Like A Woman,0,0,1
aint-life-a-crying-shame,Ain’t Life A Crying Shame,0,0,0
ain-t-life-sweet,Ain't Life Sweet,0,0,1
aint-living-long-like-this,Ain’t Living Long Like This,0,4,0
ain-t-love-a-good-thing,Ain't Love A Good Thing,0,1,1
ain-t-love-a-hurting-thing,Ain't Love A Hurting Thing,0,0,0
ain-t-love-a-lot-like-that,Ain't Love A Lot Like That,0,0,1
ain-t-love-been-good,Ain't Love Been Good,0,0,1
ain-t-love-good,Ain't Love Good,0,0,0
ain-t-makin-no-headlines,Ain't Makin' No Headlines,0,0,0
ain-t-misbehavin,Ain't Misbehavin',0,4,2
ain-t-much-more,Ain't Much More,0,0,0
ain-t-necessarily-so,Ain't Necessarily So,0,0,0
aint-nobody-gonna-miss-me,Ain’t Nobody Gonna Miss Me,1,13,1
ain-t-nobody-gonna-miss-me-when-i-m-gone,Ain't Nobody Gonna Miss Me When I'm Gone,1,12,1
ain-t-nobody-s-business,Ain't Nobody's Business,0,2,6
ain-t-no-california,Ain't No California,0,0,0
ain-t-no-fun-to-be-alone-in-san-antone,Ain't No Fun To Be Alone In San Antone,0,0,0
aint-no-grave,Ain’t No Grave,0,2,6
ain-t-nothing-but-love,Ain't Nothing But Love,0,0,1
ain-t-nothin-like-a-woman,Ain't Nothin' Like A Woman,0,0,1
ain-t-nothin-shakin-but-the-leaves,Ain't Nothin' Shakin' (But The Leaves),0,0,1
ain-t-no-trick-it-takes-magic,Ain't No Trick It Takes Magic,0,0,0
ain-t-no-wheels-on-this-ship,Ain't No Wheels On This Ship,0,0,1
ain-t-she-something-else,Ain't She Something Else,0,0,1
ain-t-she-sweet,Ain't She Sweet,0,0,2
ain-t-that-a-shame,Ain't That a Shame,0,0,7
ain-t-that-fine,Ain't That Fine,0,1,3
aint-that-just-like-a-woman,Ain’t That Just Like A Woman,0,0,2
ain-t-that-lonely-yet,Ain't That Lonely Yet,0,0,1
ain-t-that-love,Ain't That Love,0,1,4
ain-t-we-havin-us-a-good-time,Ain't We Havin' Us A Good Time,0,0,0
ain-t-we-sad-today,Ain't We Sad Today,0,0,0
ain-t-worth-the-powder,Ain't Worth The Powder,0,0,1
ain-t-you-ashamed,Ain't You Ashamed,0,0,1
ain-t-you-even-gonna-cry,Ain't You Even Gonna Cry,0,0,0
ain-t-you-even-gonna-cry-1,Ain't You Even Gonna Cry,1,0,0
ain-t-your-memory-got-no-pride-at-all,Ain't Your Memory Got No Pride At All,0,1,1
air-a-danser,Air à danser,0,0,2
air-mail-special,Air Mail Special,0,8,1
airmail-to-heaven,Airmail to Heaven,0,0,0
air-that-i-breathe,Air That I Breathe,0,0,2
a-jukebox-with-a-country-song,A Jukebox With a Country Song,0,0,1
a-king-without-a-queen,A King Without A Queen,0,0,1
a-kiss-and-the-keys,A Kiss And The Keys,0,0,0
alabam,Alabam,0,3,1
alabama,Alabama,0,3,17
alabama-bound,Alabama Bound,1,10,1
alabama-clay,Alabama Clay,0,1,1
alabama-gals,Alabama Gals,0,3,0
alabama-jig,Alabama Jig,0,0,0
alabama-joe,Alabama Joe,0,0,0
alabama-jubilee,Alabama Jubilee,1,15,2
alabama-rose,Alabama Rose,0,0,1
alabama-shuffle-buck-and-wing-dance,Alabama Shuffle Buck and Wing Dance,0,0,0
alabama-sky,Alabama Sky,0,0,1
alabama-waltz,Alabama Waltz,0,3,1
alabama-woman,Alabama Woman,0,0,0
a-lady-in-your-life,A Lady in Your Life,0,0,1
a-lady-like-you,A Lady Like You,0,0,4
alberta,Alberta,1,2,10
alcatraz-blues,Alcatraz Blues,1,0,0
alcohol-love,Alcohol Love,0,0,0
alcohol-of-fame,Alcohol Of Fame,0,2,1
alcohol-of-fame-1,Alcohol of Fame,0,2,1
a-letter-from-home,A Letter From Home,0,2,10
a-letter-from-shirley-miller,A Letter From Shirley Miller,0,0,0
a-letter-to-my-heart,A Letter To My Heart,0,0,1
a-letter-to-tom,A Letter To Tom,0,3,1
alexander-waltz,Alexander Waltz,0,0,0
alexis-from-texas,Alexis From Texas,0,0,0
alibis,Alibis,0,0,7
alibis-1,Alibis,0,0,7
alice-in-wonderland,Alice In Wonderland,0,0,15
alien,Alien,0,0,90
a-life-of-sorrow,A Life Of Sorrow,1,4,1
a-lifetime-isn-t-long-enough,A Lifetime isn't Long Enough,0,0,0
a-lifetime-to-regret,A Lifetime To Regret,0,0,1
alimony,Alimony,0,1,3
a-little-at-a-time,A Little At A Time,1,9,6
a-little-at-a-time-1,A Little At A Time,0,9,6
a-little-bit-crazy,A Little Bit Crazy,0,0,1
a-little-bit-in-love,A Little Bit In Love,0,2,1
a-little-bit-later-on-down-the-line,A Little Bit Later On Down The Line,0,0,1
a-little-bit-lonesome,A Little Bit Lonesome,0,0,1
a-little-bit-of-heaven,A Little Bit of Heaven,1,0,7
a-little-bit-south-of-saskatoon,A Little Bit South Of Saskatoon,0,0,0
a-little-bitty-tear,A Little Bitty Tear,0,0,1
a-little-bluer-than-that,A Little Bluer Than That,0,1,1
a-little-boy-called-joe,A Little Boy Called Joe,0,1,0
a-little-feeling,A Little Feeling,0,0,0
a-little-getting-used-to,A Little Getting Used To,0,0,0
a-little-good-news,A Little Good News,0,0,1
a-little-guy-called-joe,A Little Guy Called Joe,0,0,0
a-little-heartache,A Little Heartache,0,0,0
a-little-heaven-s-rubbing-off-on-me,A Little Heaven's Rubbing Off On Me,0,0,0
a-little-late-to-say-goodbye,A Little Late To Say Goodbye,0,0,0
a-little-left-over,A Little Left Over,0,1,1
a-little-more-like-me,A Little More Like Me,0,0,0
a-little-of-you,A Little Of You,0,0,1
a-little-old-fashioned-karma,A Little Old Fashioned Karma,0,0,1
a-little-old-wine-drinker-me,A Little Old Wine Drinker Me,0,0,0
a-little-piece-at-a-time,A Little Piece At A Time,0,0,0
a-little-piece-of-my-heart,A Little Piece Of My Heart,0,1,1
a-little-sentimental,A Little Sentimental,0,0,1
a-little-spot-in-heaven,A Little Spot In Heaven,0,1,1
a-little-time-out,A Little Time Out,0,0,0
a-little-too-late,A Little Too Late,0,0,6
a-little-unfair,A Little Unfair,0,1,1
alive-and-alone,Alive And Alone,1,0,0
alive-and-well,Alive And Well,0,2,4
a-living-part-of-you,A Living Part of You,0,0,0
a-living-prayer,A Living Prayer,0,2,2
all-aboard,All Aboard,0,4,14
all-alone-am-i,All Alone Am I,0,1,1
all-alone-in-austin,All Alone In Austin,0,0,1
all-alone-in-this-world-without-you,All Alone In This World Without You,0,0,1
all-american-boy,All American Boy,0,1,7
all-american-country-boy,All American Country Boy,0,1,1
all-american-dream,All American Dream,0,0,1
all-american-girl,All American Girl,0,0,7
all-american-girl-1,All American Girl,0,0,7
all-american-kid,All American Kid,0,0,0
all-american-man,All American Man,0,0,1
alla-my-love-lyrics-chords,Alla My Love Lyrics Chords,0,0,0
all-around-cowboy,All Around Cowboy,0,0,2
all-around-cowboy-1,All Around Cowboy,0,0,2
all-around-this-world,All Around This World,1,3,0
all-at-once-it-s-forever-lyrics-chords,All At Once It's Forever Lyrics chords,0,0,0
all-because-of-you,All Because Of You,0,4,26
all-by-my-lonesome,All By My Lonesome,0,0,0
all-by-myself,All By Myself,0,0,22
all-by-myself-1,All By Myself,0,0,22
all-day-sucker,All Day Sucker,0,1,2
all-dressed-up-and-lonely,All Dressed Up and Lonely,0,0,1
allegheny-moon,Allegheny Moon,0,0,1
allentown-polka,Allentown Polka,0,0,0
allergic-to-the-blues,Allergic To The Blues,0,0,0
alleycat,Alleycat,1,0,1
alley-girl-ways,Alley Girl Ways,0,0,0
all-fall-down,All Fall Down,0,3,27
all-fall-down-1,All Fall Down,0,3,27
all-for-the-love-of-a-girl,All For The Love of a Girl,0,2,1
all-for-the-love-of-sunshine,All for the Love of Sunshine,0,0,3
all-girl-all-gospel-quartet,All Girl All Gospel Quartet,0,0,0
all-grownup,All Grownup,0,0,0
all-hail-the-power-of-jesus-name,All Hail The Power Of Jesus' Name,0,0,1
all-hat-no-cattle,All Hat No Cattle,0,0,1
all-her-little-loving-ways,All Her Little Loving Ways,0,0,1
all-his-children,All His Children,0,1,1
all-i-can-be-is-a-sweet-memory,All I Can Be Is A Sweet Memory,0,1,1
all-i-can-do,All I Can Do,0,3,14
all-i-can-give-you-is-my-heart,All I Can Give You Is My Heart,0,0,0
all-i-can-handle-at-home,All I Can Handle At Home,0,0,0
all-i-can-hold-to,All I Can Hold To,0,0,0
all-i-ever-give-is-in,All I Ever Give Is In,0,0,0
all-i-ever-loved-was-you,All I Ever Loved Was You,0,4,1
all-i-ever-need-is-you,All I Ever Need Is You,0,2,1
all-i-ever-wanted-to-do,All I Ever Wanted To Do,0,0,0
all-i-have-for-you-mom,All I Have For You Mom,0,0,0
all-i-have-is-just-a-memory,All I Have Is Just A Memory,1,1,0
all-i-have-to-do-is-dream,All I Have to Do Is Dream,0,4,1
all-i-have-to-offer-you-is-love,All I Have To Offer You Is Love,0,0,1
all-i-have-to-offer-you-is-me,All I Have to Offer You is Me,0,1,0
all-i-knew-to-talk-about-was-texas,All I Knew To Talk About Was Texas,0,0,0
all-i-left-behind,All I Left Behind,0,0,2
all-i-love-is-you,All I Love Is You,0,0,0
all-i-m-missing-is-you,All I'm Missing Is You,0,0,1
all-in-alabama,All In Alabama,0,0,0
all-i-needed-was-the-rain,All I Needed Was The Rain,0,0,1
all-i-need-is-jesus,All I Need Is Jesus,0,0,0
all-i-need-is-not-to-need-you,All I Need Is Not To Need You,1,1,0
all-i-need-is-some-more-lovin,All I Need Is Some More Lovin',0,0,0
all-i-need-is-you,All I Need Is You,0,2,16
all-i-need-is-you-1,All I Need Is You,0,2,16
all-i-need-is-you-2,All I Need Is You,0,2,16
all-in-my-love-for-you,All In My Love For You,0,1,0
all-in-one-night,All In One Night,0,0,4
all-in-the-name-of-love,All In The Name Of Love,0,1,7
all-in-the-name-of-love-1,All In The Name Of Love,0,1,7
all-is-fair-in-love-and-war,All Is Fair In Love And War,0,0,1
allison-miranda,Allison Miranda,0,0,0
all-ive-got-left,All I’ve Got Left,0,0,0
all-i-wanna-do-in-life,All I Wanna Do In Life,0,0,1
all-i-want-and-need-forever,All I Want And Need Forever,0,0,0
all-i-want-for-christmas-is-my-daddy,All I Want For Christmas Is My Daddy,0,0,1
all-i-want-for-christmas-is-my-two-front-teeth,All I Want for Christmas Is My Two Front Teeth,0,0,1
all-i-want-for-christmas-is-you-lyrics-with-chords,All I Want For Christmas Is You Lyrics with Chords,0,0,0
all-i-want-for-christmas-is-you-lyrics-with-chords-1,All I Want For Christmas Is You Lyrics with Chords,0,0,0
all-i-want-from-you-is-away,All I Want From You Is Away,0,0,0
all-i-want-is-mary-for-christmas-lyrics-with-chords,All I Want Is Mary For Christmas Lyrics with Chords,0,0,0
all-i-want-is-you,All I Want is You,0,3,36
all-i-want-to-do,All I Want To Do,0,0,6
all-i-want-to-do-in-life,All I Want To Do In Life,0,0,1
all-i-want-to-do-is-sing-my-song,All I Want To Do Is Sing My Song,0,0,1
all-i-want-to-do-is-touch-you,All I Want To Do Is Touch You,0,0,0
all-jokes-aside,All Jokes Aside,0,0,0
all-kinds-of-everything,All Kinds Of Everything,0,0,1
all-my-ex-s-live-in-texas,All My Ex's Live In Texas,1,2,1
all-my-exs-live-in-texas,All My Ex’s Live In Texas,0,2,1
all-my-good-times-are-gone,All My Good Times Are Gone,0,0,0
all-my-hard-times,All My Hard Times,0,0,1
all-my-life,All My Life,0,1,73
all-my-love,All My Love,0,0,44
all-my-love-1,All My Love,0,0,44
all-my-love-all-my-life-lyrics-and-chords,All My Love All My Life Lyrics and Chords,0,0,0
all-my-love-belongs-to-you,All My Love Belongs To You,0,0,2
all-my-loving,All My Loving,1,1,2
all-my-roads-lead-back-to-you,All My Roads Lead Back To You,0,1,0
all-my-rowdy-friends-have-settled-down,All My Rowdy Friends Have Settled Down,0,0,0
all-my-tears,All My Tears,0,2,0
all-my-woman-asks,All My Woman Asks,0,0,0
all-new-me,All New Me,0,0,1
all-night-blue,All Night Blue,0,0,1
all-night-long,All Night Long,0,9,104
all-night-long-1,All Night Long,0,9,104
all-night-long-2,All Night Long,0,9,104
all-of-a-sudden,All Of A Sudden,0,0,9
all-of-me,All of Me,1,0,40
all-of-me-belongs-to-you,All Of Me Belongs To You,0,0,1
all-of-me-loves-all-of-you,All Of Me (Loves All Of You),1,0,0
all-of-me-loves-all-of-you-1,All Of Me Loves All Of You,0,0,1
all-of-me-loves-all-of-you-2,All Of Me Loves All Of You,0,0,1
all-of-my-tomorrows,All Of My Tomorrows,0,0,0
all-of-the-monkeys-ain-t-in-the-zoo,All Of The Monkeys Ain't In The Zoo,0,0,0
all-of-the-time,All Of The Time,0,0,8
all-over-again,All Over Again,0,3,27
all-over-me,All Over Me,0,2,22
all-over-my-mind,All Over My Mind,0,0,0
all-prayed-up,All Prayed Up,1,3,1
all-right-i-ll-sign-the-papers,All Right I'll Sign The Papers,0,0,1
all-right-lyrics-chords,All Right Lyrics chords,0,0,0
all-shook-up,All Shook Up,0,1,4
all-that-heaven-will-allow,All That Heaven Will Allow,0,0,1
all-that-i-am,All That I Am,0,0,14
all-that-i-m-asking-is-sympathy,All That I'm Asking Is Sympathy,0,0,0
all-that-keeps-me-goin,All That Keeps Me Goin',0,0,1
all-that-keeps-me-going,All That Keeps Me Going,0,0,1
all-that-she-could-take,All That She Could Take,0,0,0
all-that-s-worth-remembering-is-you,All That's Worth Remembering Is You,1,0,0
all-that-we-ve-got-left,All That We've Got Left,0,0,1
all-that-you-could-be,All That You Could Be,0,0,1
all-that-you-have-is-your-soul,All That You Have Is Your Soul,0,0,1
all-the-beer-and-all-my-friends-are-gone,All The Beer And All My Friends Are Gone,0,0,0
all-the-dreamin-they-could-stand,All The Dreamin' They Could Stand,0,0,0
all-the-gold-in-california,All The Gold in California,0,0,1
all-the-good-is-gone,All The Good Is Gone,0,0,0
all-the-good-things-are-gone,All The Good Things Are Gone,0,0,0
all-the-good-times-are-past-and-gone,All The Good Times Are Past And Gone,1,15,1
all-the-good-times-are-past-and-gone-2,All The Good Times Are Past And Gone,1,15,1
all-the-lonely-women-in-the-world,All The Lonely Women In The World,0,0,1
all-the-love-i-ever-had,All The Love I Ever Had,0,0,1
all-the-love-i-had-is-gone,All The Love I Had Is Gone,0,3,1
all-the-people-are-talkin,All The People Are Talkin',0,0,1
all-the-praises,All The Praises,0,0,1
all-the-soft-places-to-fall,All The Soft Places To Fall,0,0,1
all-the-tea-in-china,All The Tea In China,0,0,2
all-the-time,All the Time,0,8,47
all-the-way,All The Way,0,10,71
all-the-way-through,All The Way Through,0,0,2
all-the-way-together,All The Way Together,0,0,0
all-the-way-to-love,All The Way To Love,0,0,0
all-the-way-with-jesus,All The Way With Jesus,0,0,1
all-the-world-and-the-seven-seas,All The World And The Seven Seas,0,0,0
all-the-world-is-lonely-now,All the World is Lonely Now,0,1,1
all-things-to-all-things,All Things To All Things,0,0,1
all-those-years,All Those Years,0,1,5
all-those-yesterdays,All Those Yesterdays,0,0,1
all-together-now,All Together Now,0,0,9
all-together-now-let-s-fall-apart,All Together Now Let's Fall Apart,0,0,0
all-we-had-going-is-gone,All We Had Going Is Gone,0,0,0
all-wrapped-up-in-christmas,All Wrapped Up in Christmas,0,0,0
all-you-ever-do-is-bring-me-down,All You Ever Do Is Bring Me Down,0,0,2
all-you-need-is-love,All You Need is Love,1,1,7
all-you-want-when-you-please,All You Want When You Please,0,0,1
almost,Almost,0,0,26
almost-all-the-time,Almost All The Time,0,0,1
almost-always-true,Almost Always True,0,0,1
almost-can-t,Almost Can't,0,0,0
almost-dawn-in-denver,Almost Dawn in Denver,0,0,0
almost-eighteen,Almost Eighteen,0,0,1
almost-hear-the-blues,Almost Hear The Blues,0,0,0
almost-home,Almost Home,0,6,33
almost-in-love,Almost In Love,0,1,6
almost-jamaica,Almost Jamaica,0,0,1
almost-like-having-you-here,Almost Like Having You Here,0,0,0
almost-like-you-never-went-away,Almost Like You Never Went Away,0,0,0
almost-persuaded,Almost Persuaded,0,1,4
almost-persuaded-gospel,Almost Persuaded (Gospel),0,0,0
almost-saturday-night,Almost Saturday Night,0,0,1
almost-there,Almost There,0,0,33
aloha-oe,Aloha Oe,1,1,7
alone,Alone,0,4,376
alone-1,Alone,0,4,376
alone-2,Alone,0,4,376
alone-and-broke-in-birmingham,Alone And Broke In Birmingham,0,0,0
alone-and-forsaken,Alone and Forsaken,0,3,1
a-lonely-heart-knows,A Lonely Heart Knows,0,0,0
a-lonely-woman,A Lonely Woman,0,0,14
a-lonesome-heart,A Lonesome Heart,0,1,0
a-lonesome-night,A Lonesome Night,0,4,1
a-lonesome-road-to-travel,A Lonesome Road to Travel,1,1,0
alone-with-you,Alone With You,0,4,18
along-about-daybreak,Along About Daybreak,0,4,1
a-long-and-lasting-love,A Long And Lasting Love,0,0,1
along-came-you,Along Came You,0,0,2
along-the-mississippi,Along The Mississippi,0,0,1
along-the-navajo-trail,Along the Navajo Trail,0,0,1
along-the-road,Along the Road,0,1,3
along-the-santa-fe-trail,Along The Santa Fe Trail,0,0,1
along-the-way,Along The Way,0,4,18
a-long-time-ago,A Long Time Ago,0,0,30
a-long-time-ago-1,A Long Time Ago,0,0,30
a-long-vacation,A Long Vacation,0,0,2
a-long-way-from-montana,A Long Way From Montana,0,0,0
a-loser-never-had-a-better-friend,A Loser Never Had A Better Friend,0,0,0
a-loser-s-cathedral,A Loser's Cathedral,0,0,0
a-lot-of-good,A Lot Of Good,0,0,1
a-loveless-marriage,A Loveless Marriage,0,0,0
a-love-like-that,A Love Like That,0,1,8
a-lover-s-quarrel,A Lover's Quarrel,0,2,2
a-love-so-beautiful,A Love So Beautiful,0,0,1
a-love-song,A Love Song,0,1,180
a-love-song-1,A Love Song,0,1,180
alpha-and-omega,Alpha And Omega,0,0,10
already-gone,Already Gone,0,1,35
already-it-s-heaven,Already It's Heaven,0,0,0
alright-i-m-wrong,Alright I'm Wrong,0,0,0
althea,Althea,1,1,3
always,Always,0,0,184
always-a-bridesmaid,Always a Bridesmaid,0,0,0
always-alone,Always Alone,0,0,3
always-always,Always Always,0,1,4
always-be-kind-to-your-mother,Always Be Kind To Your Mother,0,1,1
always-have-always-will,Always Have Always Will,0,0,3
always-it-s-you,Always It's You,0,0,1
always-just-a-memory-away,Always Just A Memory Away,0,0,0
always-late,Always Late,0,2,2
always-late-with-your-kisses,Always Late With Your Kisses,0,0,0
always-leaving-always-gone,Always Leaving Always Gone,0,0,0
always-loving-you,Always Loving You,0,0,1
always-never-the-same,Always Never The Same,0,0,0
always-remember,Always Remember,0,0,4
always-something-there-to-remind-me,Always Something There To Remind Me,0,0,2
always-the-first-time,Always The First Time,0,1,1
always-think-of-you,Always Think Of You,0,0,0
always-true,Always True,0,0,1
always-wanting-you,Always Wanting You,0,0,1
always-you-always-me,Always You Always Me,0,0,0
a-maiden-s-prayer,A Maiden's Prayer,1,21,4
a-man-and-a-train,A Man And A Train,0,0,1
a-man-called-peter,A Man Called Peter,0,0,0
amanda,Amanda,0,4,26
a-man-i-hardly-know,A Man I Hardly Know,0,0,1
a-man-is-on-his-own,A Man Is On His Own,0,0,0
a-man-like-me,A Man Like Me,0,4,8
a-mansion-for-me,A Mansion For Me,0,3,0
a-mansion-on-the-hill,A Mansion on the Hill,1,11,4
a-man-who-is-wise,A Man Who Is Wise,0,0,0
amarillo,Amarillo,0,2,7
amarillo-1,Amarillo,0,2,7
amarillo-by-morning,Amarillo By Morning,0,2,1
amarillo-highway,Amarillo Highway,0,0,1
amateur-in-love,Amateur In Love,0,0,0
amazing-grace,Amazing Grace,1,55,55
amazing-love,Amazing Love,1,1,6
amber-tresses,Amber Tresses,1,2,1
amber-tresses-tied-in-blue,Amber Tresses Tied in Blue,1,2,0
amelia-earhart,Amelia Earhart,0,6,5
amelia-earharts-last-flight,Amelia Earhart's Last Flight,1,6,1
a-memory-away,A Memory Away,0,0,1
a-memory-like-i-m-gonna-be,A Memory Like I'm Gonna Be,0,0,0
a-memory-of-you,A Memory Of You,0,13,12
a-memory-that-just-won-t-quit,A Memory That Just Won't Quit,0,0,0
a-memory-thats-all-youll-ever-be-to-me,A Memory That’s All You’ll Ever Be To Me,0,0,0
amen,Amen,0,0,82
americana,Americana,0,0,13
american-by-birth,American By Birth,0,0,1
american-dream,American Dream,0,3,71
american-dream-1,American Dream,0,3,71
american-honky-tonk-bar-association,American Honky Tonk Bar Association,0,0,1
american-made,American Made,0,0,7
american-pride,American Pride,0,0,2
america-s-sweetheart,America's Sweetheart,0,0,2
america-the-beautiful,America The Beautiful,0,3,16
america-the-ugly,America The Ugly,0,0,1
a-message-from-the-trade-winds,A Message From The Trade Winds,0,0,0
a-message-to-my-mother,A Message To My Mother,0,1,1
a-mess-of-blues,A Mess of Blues,0,0,1
am-i-a-fool,Am I A Fool,0,1,0
am-i-blue,Am I Blue,0,0,0
am-i-blue-1,Am I Blue,0,0,0
am-i-born-to-die,Am I Born To Die,0,4,0
amie,Amie,1,2,3
a-mi-esposa-con-amor-to-my-wife-with-love,A Mi Esposa Con Amor (To My Wife With Love),0,0,0
a-mighty-good-god,A Mighty Good God,0,0,1
amigo,Amigo,0,0,22
amigo-s-guitar,Amigo's Guitar,0,0,1
a-mile-and-a-quarter,A Mile And A Quarter,0,0,0
a-million-and-one,A Million And One,0,0,2
a-million-miles-from-nowhere,A Million Miles From Nowhere,0,1,0
a-million-miles-from-your-heart,A Million Miles From Your Heart,0,0,1
a-million-miles-to-the-city,A Million Miles To The City,0,0,1
a-million-more,A Million More,0,0,2
a-million-old-goodbyes,A Million Old Goodbyes,0,0,0
a-million-teardrops,A Million Teardrops,0,0,1
a-million-tears-from-now,A Million Tears From Now,0,0,0
a-million-to-one,A Million To One,0,0,6
a-million-years-from-now-lyrics-chords,A Million Years From Now Lyrics Chords,0,0,0
a-million-years-in-glory,A Million Years In Glory,0,1,0
a-million-years-or-so,A Million Years Or So,0,0,1
am-i-locking-someone-in,Am I Locking Someone In,0,0,0
am-i-losing-you,Am I Losing You,0,1,4
am-i-losing-your-memory-or-mine,Am I Losing Your Memory Or Mine,0,0,0
am-i-not-my-brother-s-keeper,Am I Not My Brother's Keeper,0,0,0
a-minute-of-your-time,A Minute Of Your Time,0,0,1
am-i-ready,Am I Ready,0,0,1
am-i-standing-in-your-way,Am I Standing In Your Way,0,0,1
am-i-that-easy-to-forget-lyrics-chords,Am I That Easy to Forget Lyrics chords,0,0,0
am-i-the-only-thing-you-ve-done-wrong,Am I The Only Thing You've Done Wrong,0,0,0
am-i-to-be-the-one,Am I To Be The One,0,0,1
a-moment-isnt-very-long,A Moment Isn’t Very Long,0,0,1
among-my-souvenirs,Among My Souvenirs,0,0,1
a-mother-s-way,A Mother's Way,0,0,0
amsterdam,Amsterdam,0,0,93
amy-s-eyes,Amy's Eyes,0,0,1
an-affair-to-remember,An Affair To Remember,0,0,0
an-all-american-bluegrass-girl,An All American Bluegrass Girl,0,1,0
an-american-dream,An American Dream,0,3,71
an-american-trilogy,An American Trilogy,0,0,3
an-angel-sleeps-beside-me-every-night,An Angel Sleeps Beside Me Every Night,0,0,0
an-article-from-life,An Article From Life,0,0,0
anchored-in-love,Anchored In Love,1,2,1
anchored-to-the-shore,Anchored To The Shore,1,0,0
ancient-history,Ancient History,0,0,12
ancient-history-1,Ancient History,0,0,12
and-god-created-texas,And God Created Texas,0,0,0
and-i-ll-go,And I'll Go,0,0,0
and-i-love-you-so,And I Love You So,0,1,1
and-i-m-still-missing-you,And I'm Still Missing You,0,0,1
and-so-it-goes,And So It Goes,0,2,6
and-so-will-you-my-love,And So Will You My Love,0,0,1
and-then,And Then,0,0,7
and-then-you-came-along,And Then You Came Along,0,0,0
and-you-wonder-why,And You Wonder Why,0,0,2
an-empty-cup,An Empty Cup,0,0,2
an-empty-cup-a-broken-date,An Empty Cup A Broken Date,0,0,0
an-empty-mansion,An Empty Mansion,0,3,1
an-evening-prayer,An Evening Prayer,0,1,11
a-new-baby-for-christmas,A New Baby For Christmas,0,0,1
a-new-love,A New Love,0,2,21
a-new-love-affair-lyrics-chords,A New Love Affair Lyrics Chords,0,0,0
a-new-moon-an-old-flame-and-you,A New Moon An Old Flame And You,0,0,0
a-new-way-to-cry,A New Way To Cry,0,0,1
a-new-way-to-fly,A New Way To Fly,0,0,1
a-new-way-to-live,A New Way To Live,0,0,1
a-new-way-to-say-i-love-you,A New Way to Say I Love You,0,0,1
an-eye-for-an-eye,An Eye For An Eye,0,0,43
angel,Angel,0,5,303
angela-jones,Angela Jones,0,0,3
angel-and-the-badman,Angel And The Badman,0,0,1
angel-angelina,Angel Angelina,0,0,0
angel-band,Angel Band,1,22,4
angel-band-1,Angel Band,1,22,4
angel-eyes,Angel Eyes,0,1,37
angel-from-montgomery,Angel From Montgomery,1,3,1
angelina-baker,Angelina Baker,1,6,1
angel-in-an-apron,Angel In An Apron,0,0,0
angel-in-disguise,Angel In Disguise,0,1,9
angeline,Angeline,1,6,14
angeline-baker,Angeline Baker,1,0,0
angeline-the-baker,Angeline the Baker,1,11,1
angel-in-your-arms,Angel In Your Arms,0,0,1
angel-like-you,Angel Like You,0,0,2
angel-of-the-morning,Angel Of The Morning,0,0,1
angel-on-my-shoulder,Angel On My Shoulder,0,0,8
angel-on-paper-lyrics-and-chords,Angel On Paper Lyrics and Chords,0,0,0
angels,Angels,0,1,101
angels-among-us,Angels Among Us,0,0,3
angels-and-alcohol,Angels And Alcohol,0,1,1
angels-are-hard-to-find,Angels Are Hard To Find,0,0,2
angels-don-t-fly-they-just-walk-out-on-you,Angels Don't Fly They Just Walk Out On You,0,0,0
angels-don-t-lie,Angels Don't Lie,0,0,1
angels-get-lonesome-sometimes,Angels Get Lonesome Sometimes,0,0,0
angels-rejoiced,Angels Rejoiced,0,3,1
angels-rock-me-to-sleep,Angels Rock Me To Sleep,1,4,1
angels-watching-over-me,Angels Watching Over Me,0,0,0
angel-with-a-broken-wing,Angel With A Broken Wing,0,1,1
anger-and-tears,Anger and Tears,0,1,2
angry,Angry,0,0,12
angry-words,Angry Words,0,0,1
an-hour-and-a-six-pack,An Hour And A Six Pack,0,0,0
a-nice-place-to-visit,A Nice Place To Visit,0,0,2
a-nickel-for-the-fiddler,A Nickel For The Fiddler,0,0,1
a-night-to-remember,A Night To Remember,0,0,30
anita-you-re-dreaming,Anita You're Dreaming,0,0,1
ann,Ann,0,0,6
anna,Anna,0,3,65
anna-1,Anna,0,3,65
anna-marie,Anna Marie,0,1,4
annie-laurie,Annie Laurie,0,3,7
annie-over,Annie Over,0,0,1
annie-s-song-lyrics-and-chords,Annie's Song Lyrics and Chords,0,0,0
anniversary-blue-yodel-no-7,Anniversary Blue Yodel No. 7,0,0,0
anniversary-waltz,Anniversary Waltz,0,2,4
an-occasional-eagle,An Occasional Eagle,0,0,1
an-occasional-rose,An Occasional Rose,0,0,0
an-old-bridge,An Old Bridge,0,0,2
an-old-farm-for-sale,An Old Farm For Sale,0,0,0
an-old-fashioned-christmas,An Old Fashioned Christmas,0,2,3
an-old-log-cabin-for-sale,An Old Log Cabin For Sale,0,1,1
an-old-love-affair,An Old Love Affair,0,0,0
an-old-love-affair-now-showing,An Old Love Affair Now Showing,0,0,0
an-old-memory-found-its-way-back-home-again,An Old Memory (Found Its Way Back Home Again),0,1,0
an-old-memory-got-in-my-eye,An Old Memory Got In My Eye,0,0,0
an-old-memorys-arms,An Old Memory’s Arms,0,0,0
an-old-pair-of-shoes,An Old Pair Of Shoes,0,1,1
an-old-rocking-chair,An Old Rocking Chair,0,2,1
an-old-sweetheart-of-mine-chords-and,An Old Sweetheart Of Mine chords and,0,0,0
anonymous,Anonymous,0,0,22
another,Another,0,0,26
another-beer-drinking-song,Another Beer Drinking Song,0,0,0
another-bridge-to-burn,Another Bridge to Burn,0,0,1
another-broken-heart,Another Broken Heart,0,5,3
another-by-my-side,Another By My Side,0,1,1
another-chance,Another Chance,0,0,21
another-chance-at-love,Another Chance At Love,0,0,0
another-chance-to-fall-in-love,Another Chance To Fall In Love,0,0,0
another-cup-of-coffee,Another Cup of Coffee,0,0,3
another-cup-of-memories,Another Cup Of Memories,0,0,0
another-day,Another Day,1,6,142
another-day-another-dollar,Another Day Another Dollar,1,3,3
another-dream-just-came-true,Another Dream Just Came True,0,0,1
another-good-reason,Another Good Reason,0,1,1
another-hand-shaking-goodbye,Another Hand Shaking Goodbye,0,0,0
another-heart-for-you-to-break,Another Heart For You To Break,0,0,1
another-honky-tonk-night-on-broadway,Another Honky Tonk Night On Broadway,0,0,0
another-i-love-you-kind-of-day,Another I Love You Kind Of Day,0,0,1
another-just-like-me,Another (Just Like Me),0,0,0
another-lonely-night,Another Lonely Night,0,0,4
another-lonely-night-1,Another Lonely Night,0,0,4
another-lonely-song,Another Lonely Song,0,0,1
another-lonesome-morning,Another Lonesome Morning,0,2,2
another-man-loved-me-last-night,Another Man Loved Me Last Night,0,0,1
another-man-s-fool,Another Man's Fool,0,0,1
another-man-s-woman,Another Man's Woman,0,1,2
another-month-another-week-another-day,Another Month Another Week Another Day,0,0,0
another-mule,Another Mule,0,0,0
another-neon-night,Another Neon Night,0,0,0
another-night,Another Night,1,11,24
another-place-another-time,Another Place Another Time,0,0,6
another-pot-o-tea,Another Pot O' Tea,0,0,0
another-pretty-country-song,Another Pretty Country Song,0,0,1
another-saturday-night,Another Saturday Night,1,4,5
another-shot-of-toddy,Another Shot Of Toddy,0,0,0
another-sleepless-night,Another Sleepless Night,0,1,3
another-song-another-drink,Another Song Another Drink,0,3,1
another-song-to-sing,Another Song To Sing,0,0,1
another-story,Another Story,0,0,13
another-tear,Another Tear,0,1,1
another-texas-song,Another Texas Song,0,0,0
another-tomorrow,Another Tomorrow,0,0,1
another-town,Another Town,0,4,4
another-woman,Another Woman,0,0,2
another-woman-s-man-another-man-s-woman-lyrics-chords,Another Woman's Man Another Man's Woman Lyrics chords,0,0,0
another-world,Another World,0,1,91
another-you,Another You,0,0,11
another-you-1,Another You,0,0,11
a-not-so-merry-christmas,A Not So Merry Christmas,0,0,1
an-out-of-control-raging-fire,An Out Of Control Raging Fire,0,1,1
answer-me-my-love-lyrics-and-chords,Answer Me My Love Lyrics and Chords,0,0,0
answers,Answers,0,1,26
answers-to-my-questions,Answers To My Questions,0,0,1
answer-the-phone,Answer The Phone,0,0,3
answer-to-rainbow-at-midnight,Answer To Rainbow At Midnight,0,0,0
answer-to-the-galveston-rose,Answer To The Galveston Rose,0,0,0
answer-to-the-last-letter,Answer To The Last Letter,0,0,0
answer-to-weeping-willow,Answer To Weeping Willow,0,1,0
answer-to-your-letter,Answer to Your Letter,0,0,0
anthem-84,Anthem 84,0,0,1
ants-on-a-log,Ants On A Log,0,0,0
any-bar-in-birmingham,Any Bar In Birmingham,0,0,0
anybody-but-me,Anybody But Me,0,0,0
anybody-else-s-heart-but-mine,Anybody Else's Heart But Mine,0,0,0
anybody-s-girl,Anybody's Girl,0,0,1
any-day-now,Any Day Now,0,1,13
any-minute-now,Any Minute Now,0,0,3
anymore,Anymore,0,0,45
anymore-1,Anymore,0,0,45
anymore-2,Anymore,0,0,45
any-old-arms-won-t-do,Any Old Arms Won't Do,0,0,0
any-old-love-wont-do,Any Old Love Won’t Do,0,0,0
any-old-miracle,Any Old Miracle,0,0,1
any-old-time,Any Old Time,0,9,5
any-old-time-1,Any Old Time,0,9,5
any-old-time-2,Any Old Time,1,9,5
any-old-wind-that-blows,Any Old Wind That Blows,0,1,1
any-ole-reason,Any Ole Reason,0,0,0
any-ole-time,Any Ole Time,0,1,0
any-one-any-worse-any-where,Any One Any Worse Any Where,0,0,1
anyone-could-fall-in-love-with-you,Anyone Could Fall In Love With You,0,0,0
anyone-who-isn-t-me-tonight,Anyone Who Isn't Me Tonight,0,1,1
anyplace-is-paradise,Anyplace is Paradise,0,0,1
anyplace-you-want-to-go,Anyplace You Want To Go,0,1,1
any-single-solitary-heart,Any Single Solitary Heart,0,0,0
anything,Anything,0,0,78
anything-but-lonesome,Anything But Lonesome,0,0,0
anything-for-you,Anything For You,0,0,22
anything-leaving-town-today,Anything Leaving Town Today,0,0,1
anything-new-gets-old,Anything New Gets Old,0,0,1
anything-s-better-than-nothing,Anything's Better Than Nothing,0,1,1
anything-that-s-part-of-you,Anything That's Part Of You,0,0,1
anything-you-can-spare,Anything You Can Spare,0,0,0
anything-your-heart-desires,Anything Your Heart Desires,0,0,0
anytime,Anytime,0,0,40
anytime-i-m-your-man,Anytime I'm Your Man,0,0,0
anytime-lyrics-and-chords,Anytime Lyrics and Chords,0,0,0
anyway,Anyway,0,0,54
anyway-i-can,Anyway I Can,0,0,1
anyway-you-want-me,Anyway You Want Me,0,0,1
anyway-you-want-me-1,Anyway You Want Me,0,0,1
anywhere-but-here,Anywhere But Here,0,0,26
anywhere-is-home,Anywhere is Home,0,3,0
anywhere-is-home-when-you-re-with-me,Anywhere Is Home When You're With Me,0,1,0
anywhere-just-inside-your-arms,Anywhere Just Inside Your Arms,0,0,0
anywhere-on-earth-you-are,Anywhere On Earth You Are,0,1,0
anywhere-the-wind-blows,Anywhere The Wind Blows,0,1,2
anywhere-with-jesus,Anywhere With Jesus,0,0,1
anywhere-you-are,Anywhere You Are,0,0,3
a-package-of-lies-tied-in-blue,A Package Of Lies Tied In Blue,0,0,0
a-pair-of-wings-for-me,A Pair Of Wings For Me,0,0,0
apart-for-a-while,Apart For A While,0,0,1
apartment-9,Apartment # 9,0,0,0
a-perfect-day,A Perfect Day,0,0,50
a-perfect-stranger,A Perfect Stranger,0,0,22
a-picture-from-lifes-other-side,A Picture From Life’s Other Side,0,4,0
a-picture-of-jesus,A Picture Of Jesus,0,0,1
a-picture-of-me-without-you,A Picture of me Without You,0,1,1
a-picture-of-your-mother,A Picture Of Your Mother,0,1,1
a-place-for-girls-like-you,A Place For Girls Like You,0,0,0
a-place-for-the-lonesome,A Place For The Lonesome,0,0,1
a-place-in-the-sun,A Place In The Sun,0,1,25
a-place-to-fall-apart,A Place To Fall Apart,0,0,1
a-place-to-hang-my-hat,A Place To Hang My Hat,0,1,1
apologize,Apologize,0,0,16
a-poor-man-s-roses,A Poor Man's Roses,0,0,0
a-poor-man-s-woman,A Poor Man's Woman,0,0,0
appalachian-blue,Appalachian Blue,0,0,1
appalachian-mountain-girl,Appalachian Mountain Girl,0,1,0
apple-jack,Apple Jack,0,1,3
apples-raisins-and-roses,Apples Raisins And Roses,0,0,0
a-prayer-on-your-lips,A Prayer On Your Lips,0,0,0
a-precious-jewel,A Precious Jewel,1,8,2
a-pretty-diamond-ring,A Pretty Diamond Ring,0,0,0
a-pretty-woman-is-a-deadly-weapon,A Pretty Woman Is A Deadly Weapon,0,0,0
a-pretty-wreath-for-mothers-grave,A Pretty Wreath For Mother’s Grave,1,5,1
april-fool,April Fool,0,0,13
april-fools-day,April Fools Day,0,0,1
april-s-fool,April's Fool,0,0,6
april-s-fool-1,April's Fool,0,0,6
a-prison-without-walls,A Prison Without Walls,0,0,2
a-promise-you-can-t-keep,A Promise You Can't Keep,0,0,0
aragon-mill,Aragon Mill,1,2,1
a-real-close-friend,A Real Close Friend,0,0,1
are-my-thoughts-with-you,Are My Thoughts With You,0,0,0
are-the-good-times-really-over-for-good,Are The Good Times Really Over For Good,0,0,0
are-the-seeds-still-in-the-barn,Are The Seeds Still In The Barn,0,0,0
are-they-gonna-make-us-outlaws-again,Are They Gonna Make Us Outlaws Again,0,1,0
are-we-dreamin-the-same-dream,Are We Dreamin' The Same Dream,0,0,1
are-we-in-trouble-now,Are We In Trouble Now,0,0,1
are-we-making-love-or-just-making-friends,Are We Making Love Or Just Making Friends,0,0,0
are-ye-able-said-the-master,Are Ye Able Said The Master,0,0,0
are-you-afraid-to-die,Are You Afraid To Die,1,5,1
are-you-afraid-to-speak-our-savior-s-name,Are You Afraid To Speak Our Savior's Name,0,1,0
are-you-alone,Are You Alone,0,1,1
are-you-ashamed-to-call-me-darlin,Are You Ashamed To Call Me Darlin',0,1,0
are-you-building-a-temple-in-heaven,Are You Building A Temple in Heaven,0,0,0
are-you-certain,Are You Certain,0,0,0
are-you-coming-back-to-me,Are You Coming Back To Me,1,6,0
are-you-from-dixie,Are You From Dixie,1,5,0
are-you-going-my-way,Are You Going My Way,0,0,2
are-you-happy,Are You Happy,0,1,8
are-you-honest,Are You Honest,0,0,0
are-you-lonely-too,Are You Lonely Too,0,0,0
are-you-lonesome-tonight,Are You Lonesome Tonight,0,2,2
are-you-lost-in-sin,Are You Lost In Sin,0,4,0
are-you-mine,Are You Mine,0,0,3
are-you-missing-me,Are You Missing Me,1,11,1
are-you-on-the-road-to-loving-me-again,Are You On The Road To Loving Me Again,0,0,0
are-you-ready-for-the-country,Are You Ready For The Country,0,0,0
are-you-sad-tonight,Are You Sad Tonight,1,0,1
are-you-sincere,Are You Sincere,0,0,1
are-you-still-in-love-with-me,Are You Still In Love With Me,0,0,1
are-you-still-my-baby,Are You Still My Baby,0,0,1
are-you-sure,Are You Sure,0,0,8
are-you-sure-hank-done-it-this-way,Are You Sure Hank Done it This Way,0,1,0
are-you-sure-waylon-done-it-this-way,Are You Sure Waylon Done It This Way,0,0,0
are-you-teasing-me,Are You Teasing Me,1,5,1
are-you-teasin-me,Are You Teasin’ Me,0,1,0
are-you-the-one,Are You The One,0,0,2
are-you-tired-of-me-my-darling,Are You Tired Of Me My Darling,1,13,0
are-you-treating-your-neighbor-as-yourself,Are You Treating Your Neighbor As Yourself,0,0,0
are-you-waiting-just-for-me,Are You Waiting Just For Me,1,9,0
are-you-walking,Are You Walking,0,0,0
are-you-washed-in-the-blood,Are You Washed In The Blood,1,21,0
aristocrat,Aristocrat,0,0,3
arizona-waltz,Arizona Waltz,0,0,0
arizona-whiz,Arizona Whiz,0,0,0
arkansas,Arkansas,0,6,7
arkansas-fiddler,Arkansas Fiddler,1,0,0
arkansas-hoosier,Arkansas Hoosier,0,1,0
arkansas-stomp,Arkansas Stomp,1,0,0
arkansas-traveler-1,Arkansas Traveler,1,44,6
arkansas-turnback,Arkansas Turnback,1,0,0
arkansas-two-step,Arkansas Two-Step,1,0,0
arms-full-of-empty,Arms Full Of Empty,0,1,1
arms-length-from-you,Arms Length From You,0,0,0
arms-of-a-fool,Arms of a Fool,0,0,1
arms-of-mary,Arms Of Mary,0,0,1
a-robin-built-a-nest-on-daddys-grave,A Robin Built A Nest On Daddy’s Grave,0,2,0
a-room-without-a-view,A Room Without A View,0,0,6
a-rootin-tootin-santa-claus,A Rootin’ Tootin’ Santa Claus,0,0,1
a-rose-among-the-thorns,A Rose Among The Thorns,0,1,0
a-rose-and-a-baby-ruth,A Rose And A Baby Ruth,0,0,1
a-rose-and-a-thorn,A Rose And A Thorn,0,0,0
a-rose-between-two-thorns,A Rose Between Two Thorns,0,0,0
a-rose-by-any-other-name,A Rose By Any Other Name,0,0,1
a-rose-from-the-bride-s-bouquet,A Rose From The Bride's Bouquet,0,0,0
a-rose-is-a-rose-is-a-rose,A Rose Is A Rose Is A Rose,0,0,1
around-here,Around Here,0,3,2
around-the-world,Around The World,0,3,35
arthritis-blues,Arthritis Blues,0,0,0
artificial-heart,Artificial Heart,0,1,1
artificial-rose,Artificial Rose,0,0,1
artificial-tears,Artificial Tears,0,1,1
art-o-keeffe-s-polka,Art O'Keeffe's Polka,0,0,0
a-rusty-old-halo,A Rusty Old Halo,0,0,1
a-sad-country-song,A Sad Country Song,0,0,1
as-any-fool-can-see,As Any Fool Can See,0,0,1
a-satisfied-mind,A Satisfied Mind,1,4,4
as-close-as-we-ll-ever-be,As Close As We'll Ever Be,0,0,1
as-easy-as-our-blessings,As Easy as Our Blessings,0,0,0
a-seed-before-the-rose,A Seed Before the Rose,0,0,0
as-far-as-i-m-concerned,As Far As I'm Concerned,0,0,1
as-far-as-it-goes,As Far as It Goes,0,0,1
as-far-as-this-feeling-will-take-us,As Far As This Feeling Will Take Us,0,0,1
as-god-is-my-witness,As God Is My Witness,0,0,2
as-good-as-a-lonely-girl-can-be,As Good As A Lonely Girl Can Be,0,0,0
ashamed,Ashamed,0,0,7
ashamed-of-myself,Ashamed Of Myself,0,0,0
ashamed-to-own-the-blessed-savior,Ashamed To Own The Blessed Savior,0,0,0
ashamed-to-own-the-blessed-savior-1,Ashamed To Own The Blessed Savior,0,0,0
ashes-by-now,Ashes by Now,0,0,1
ashes-in-the-wind,Ashes In The Wind,0,0,4
ashes-of-love,Ashes Of Love,1,12,2
ashes-to-ashes,Ashes To Ashes,0,1,40
ash-grove,Ash Grove,1,0,4
ashland-breakdown,Ashland Breakdown,1,5,1
ashokan-farewell-1,Ashokan Farewell,1,7,2
a-shot-in-the-dark,A Shot In The Dark,0,1,20
a-shoulder-to-cry-on,A Shoulder To Cry On,0,0,8
as-if-i-didn-t-know,As If I Didn't Know,0,0,0
a-single-yellow-rose,A Single Yellow Rose,0,0,0
a-sinner-s-prayer,A Sinner's Prayer,0,2,5
as-i-went-out-upon-the-ice,As I Went Out Upon the Ice,0,0,0
ask-me-how-i-know,Ask Me How I Know,0,0,0
asleep,Asleep,0,0,25
asleep-in-jesus,Asleep In Jesus,0,0,0
as-long-as-i-have-you,As Long As I Have You,0,0,3
as-long-as-i-live,As Long As I Live,1,6,8
as-long-as-i-live-1,As Long As I Live,1,6,8
as-long-as-i-live-2,As Long As I Live,1,6,8
as-long-as-i-ll-forgive,As Long As I'll Forgive,0,0,0
as-long-as-i-love,As Long As I Love,0,1,3
as-long-as-i-love-you,As Long As I Love You,1,0,2
as-long-as-i-m-dreaming,As long As I'm Dreaming,0,0,2
as-long-as-i-m-dreaming-lyrics-and-chords,As Long as I'm Dreaming Lyrics and Chords,0,0,0
as-long-as-i-m-rockin-with-you,As Long As I'm Rockin' With You,0,1,0
as-long-as-there-s-a-chance,As Long As There's A Chance,0,0,0
as-long-as-there-s-a-heartbeat,As Long As There's A Heartbeat,0,0,1
as-long-as-there-s-a-shadow,As Long As There's A Shadow,0,0,1
as-long-as-there-s-a-sunday,As Long As There's A Sunday,0,0,0
as-long-as-the-winds-blow,As Long As The Winds Blow,0,0,0
as-long-as-we-can,As Long As We Can,0,0,1
as-long-as-we-ve-got-each-other,As Long As We've Got Each Other,0,0,0
as-long-as-you-keep-clinging-to-my-mind,As Long As You Keep Clinging To My Mind,0,0,0
as-lovely-as-you,As Lovely As You,0,2,0
as-low-as-you-can-go,As Low As You Can Go,0,0,0
as-much,As Much,0,0,1
as-of-now,As Of Now,0,0,2
a-soldier-s-king,A Soldier's King,0,0,0
a-song-holy-angels-cannot-sing,A Song Holy Angels Cannot Sing,0,0,0
a-special-song-for-wanda,A Special Song For Wanda,0,0,0
as-right-now,As Right Now,0,0,1
as-simple-as-i-am,As Simple As I Am,0,0,0
as-soon-as-i-touch-calvary,As Soon As I Touch Calvary,0,0,0
as-tears-go-by,As Tears Go By,0,0,3
a-step-away,A Step Away,0,1,6
as-the-day-wears-on,As The Day Wears On,0,0,1
as-the-honky-tonk-turns,As The Honky Tonk Turns,0,0,0
a-stranger-in-my-arms,A Stranger In My Arms,0,0,3
a-stranger-in-the-night,A Stranger in The Night,0,0,3
a-stranger-s-just-a-friend,A Stranger's Just A Friend,0,0,1
a-stranger-was-here,A Stranger Was Here,0,0,0
as-usual,As Usual,0,0,9
a-sweeter-love-than-yours-ill-never-know,A Sweeter Love Than Yours I’ll Never Know,0,1,0
as-we-kiss-our-world-goodbye,As We Kiss Our World Goodbye,0,1,0
a-swimming-pool-full-of-beer,A Swimming Pool Full Of Beer,0,0,0
as-you-take-a-walk-through-my-mind,As You Take A Walk Through My Mind,0,0,0
at-an-altar-of-prayer,At An Altar Of Prayer,0,0,0
at-calvary,At Calvary,0,1,0
at-christmas,At Christmas,0,0,3
a-teardrop-on-a-rose,A Teardrop on a Rose,0,0,1
a-tear-dropped-by,A Tear Dropped By,0,0,0
a-tear-fell,A Tear Fell,0,0,1
a-teenager-in-love,A Teenager In Love,0,0,4
a-teenager-s-romance,A Teenager's Romance,0,0,1
a-texas-honky-tonk,A Texas Honky Tonk,0,0,0
a-thief-in-the-night,A Thief In The Night,0,1,19
a-thing-about-you,A Thing About You,0,0,6
a-thing-called-love,A Thing Called Love,0,3,9
a-thing-called-saddness,A Thing Called Saddness,0,0,0
a-thousand-miles-ago,A Thousand Miles Ago,0,0,0
a-thousand-miles-from-nowhere,A Thousand Miles From Nowhere,0,0,1
a-thousand-times-a-day,A Thousand Times A Day,0,1,1
a-thousand-times-a-day-1,A Thousand Times A Day,0,1,1
a-thousand-times-a-day-2,A Thousand Times A Day,0,1,1
a-thousand-wonders,A Thousand Wonders,0,0,1
a-time-and-place-for-everything,A Time And Place For Everything,0,0,0
a-time-to-remember,A Time To Remember,0,0,4
a-time-to-sing,A Time To Sing,0,0,1
atlanta-anymore,Atlanta Anymore,0,0,0
atlanta-blue,Atlanta Blue,0,0,1
atlantic-city,Atlantic City,1,0,3
atlantic-coastal-line,Atlantic Coastal Line,0,1,1
at-mail-call-today,At Mail Call Today,0,1,1
at-mail-call-today-1,At Mail Call Today,0,1,1
a-toast-to-the-bride,A Toast To The Bride,0,0,0
a-touch-of-yesterday,A Touch Of Yesterday,0,0,1
a-town-that-never-sleeps,A Town That Never Sleeps,0,0,0
a-train-leaves-here-this-mornin,A Train Leaves Here This Mornin’,0,1,1
a-tree-in-the-meadow,A Tree In The Meadow,0,0,1
a-true-love-goodbye,A True Love Goodbye,0,0,1
a-truer-love-you-ll-never-find,A Truer Love You'll Never Find,0,0,1
atta-boy-girl,Atta Boy Girl,0,0,1
atta-way-to-go,Atta Way To Go,0,0,1
at-the-bottom-of-the-bottle,At the Bottom Of The Bottle,0,0,0
at-the-close-of-a-long-long-day,At The Close Of A Long Long Day,0,0,0
at-the-club-alibi,At The Club Alibi,0,0,0
at-the-corner-of-walk-and-don-t-walk,At The Corner Of Walk And Don't Walk,0,1,0
at-the-cross,At The Cross,0,14,6
at-the-crossing,At The Crossing,0,0,1
at-the-crossroads-of-life,At The Crossroads Of Life,0,0,0
at-the-end-of-a-long-lonely-day,At The End Of A Long Lonely Day,0,1,1
at-the-end-of-long-lonely-day,At The End Of Long Lonely Day,0,0,0
at-the-end-of-nowhere,At The End Of Nowhere,0,0,0
at-the-end-of-the-day,At The End Of The Day,0,1,25
at-the-feet-of-jesus,At The Feet Of Jesus,0,0,0
at-the-foot-of-the-cross,At The Foot Of The Cross,0,1,1
at-the-moonlight,At The Moonlight,0,0,0
at-the-rainbow-s-end,At The Rainbow's End,0,1,2
at-the-roll-call,At The Roll Call,0,0,0
at-the-sight-of-you,At The Sight Of You,0,0,0
at-the-sight-of-you-1,At The Sight Of You,0,0,0
at-the-time,At The Time,0,0,1
auctioneer,Auctioneer,0,3,3
auld-lang-syne,Auld Lang Syne,1,13,23
aunt-dinah-s-quilting-party,Aunt Dinah's Quilting Party,1,2,1
aura-lee,Aura Lee,0,2,0
austin-prison,Austin Prison,0,0,1
automatic-mama,Automatic Mama,0,0,1
autumn-leaves,Autumn Leaves,0,4,39
autumn-of-my-life,Autumn Of My Life,0,0,1
avenue-of-prayer,Avenue Of Prayer,0,0,1
avery-county,Avery County,0,1,0
a-very-good-year-for-girls,A Very Good Year For Girls,0,0,0
a-very-merry-christmas,A Very Merry Christmas,0,1,4
a-very-special-love-song,A Very Special Love Song,0,0,1
a-very-special-way,A Very Special Way,0,0,1
a-vision-of-jesus,A Vision Of Jesus,0,0,0
a-vision-of-mother,A Vision Of Mother,1,10,1
a-voice-from-on-high,A Voice From On High,1,8,1
award-to-an-angel,Award To An Angel,0,0,0
away-from-the-mire,Away From the Mire,1,1,1
away-in-a-manger,Away in a Manger,0,21,33
away-on-a-lonely-dark-hill,Away on a Lonely Dark Hill,1,0,0
away-out-on-a-mountain,Away Out On A Mountain,0,0,0
away-out-on-the-saint-sabbath,Away Out On The Saint Sabbath,0,0,0
away-out-there,Away Out There,0,0,1
a-ways-to-go,A Ways To Go,0,0,5
a-way-to-free-myself,A Way To Free Myself,0,0,0
a-way-to-survive,A Way to Survive,0,1,2
a-way-to-survive-1,A Way to Survive,0,1,2
a-wedding-ring-ago,A Wedding Ring Ago,0,0,0
a-week-in-a-county-jail,A Week In A County Jail,0,0,0
a-whistle-and-a-whisker-away,A Whistle And A Whisker Away,0,0,0
a-white-cross-marks-the-grave,A White Cross Marks The Grave,1,0,0
a-white-sports-coat,A White Sports Coat,0,0,0
a-whole-lot-of-hank,A Whole Lot Of Hank,0,0,1
a-whole-lot-of-love,A Whole Lot Of Love,0,0,1
a-whole-lot-of-love-to-go-home-to,A Whole Lot of Love To Go Home To,0,0,0
a-whole-lot-of-you,A Whole Lot Of You,0,0,0
a-woman-always-knows,A Woman Always Knows,0,0,0
a-woman-gets-her-way,A Woman Gets Her Way,0,0,1
a-woman-half-my-age,A Woman Half My Age,0,0,0
a-woman-has-her-way,A Woman Has Her Way,0,0,1
a-woman-in-love,A Woman In Love,0,2,13
a-woman-in-love-1,A Woman In Love,0,2,13
a-woman-knows,A Woman Knows,0,0,0
a-woman-like-you,A Woman Like You,0,0,5
a-woman-lives-for-love,A Woman Lives For Love,0,0,1
a-woman-never-forgets,A Woman Never Forgets,0,0,0
a-woman-s-gotta-make-a-stand,A Woman's Gotta Make A Stand,0,0,0
a-woman-s-hand,A Woman's Hand,0,0,1
a-woman-s-heart-is-a-handy-place-to-be,A Woman's Heart (Is A Handy Place To Be),0,0,1
a-woman-s-love,A Woman's Love,0,20,5
a-woman-s-love-1,A Woman's Love,0,20,5
a-woman-s-touch,A Woman's Touch,0,0,6
a-wonderful-time-up-there,A Wonderful Time Up There,0,0,0
a-wonder-like-you,A Wonder Like You,0,0,1
a-word-or-two-to-mary,A Word Or Two To Mary,0,0,1
a-working-man-can-t-get-nowhere-today,A Working Man Can't Get Nowhere Today,0,0,1
a-world-i-can-t-live-in,A World I Can't Live In,0,0,2
a-world-i-cant-live-in,A World I Can’t Live In,0,0,2
a-world-of-blue,A World Of Blue,0,0,0
a-world-of-our-own,A World Of Our Own,0,0,9
a-world-so-full-of-love,A World So Full Of Love,0,1,1
a-world-without-music,A World Without Music,0,0,2
a-world-without-you,A World Without You,0,1,10
a-wound-time-can-t-erase,A Wound Time Can't Erase,0,2,1
a-year-ago-this-christmas,A Year Ago This Christmas,0,0,1
a-year-ago-today,A Year Ago Today,0,0,5
a-year-ago-tonight,A Year Ago Tonight,0,0,1
babies-in-the-mill,Babies In The Mill,0,0,1
babies-stop-your-crying,Babies Stop Your Crying,0,0,0
baby,Baby,0,0,171
baby-baby-bye-bye,Baby Baby Bye Bye,0,0,1
baby-baby-i-know-you-re-a-lady,Baby Baby (I Know You're A Lady),0,0,1
baby-blue,Baby Blue,0,2,48
baby-blue-eyes,Baby Blue Eyes,1,9,3
baby-come-home,Baby Come Home,0,1,11
baby-don-t-be-looking-in-my-mind,Baby Don't Be Looking In My Mind,0,0,1
baby-dont-get-hooked-on-me,Baby Don’t Get Hooked On Me,0,0,1
baby-don-t-go,Baby Don't Go,0,0,8
baby-face,Baby Face,0,0,6
baby-for-you,Baby For You,0,0,1
baby-girl,Baby Girl,1,6,21
baby-i-feel-for-you,Baby I Feel For You,0,0,0
baby-i-m-burning,Baby I'm Burning,0,1,0
baby-i-m-in-love-with-you,Baby I'm In Love With You,0,1,0
baby-i-m-ready,Baby I'm Ready,0,0,0
baby-i-m-sorry,Baby I'm Sorry,0,0,3
baby-i-m-yours,Baby I'm Yours,0,0,5
baby-i-need-lovin,Baby I Need Lovin',0,0,1
baby-i-need-you,Baby I Need You,0,0,7
baby-is-gone,Baby Is Gone,0,1,1
baby-i-tried,Baby I Tried,0,0,2
baby-it-s-love,Baby It's Love,0,0,2
baby-it-s-so-hard-to-be-good,Baby It's So Hard To Be Good,0,0,0
baby-it-s-yours,Baby It's Yours,0,0,0
baby-jesus,Baby Jesus,0,0,1
baby-let-s-lay-down-and-dance,Baby Let's Lay Down And Dance,0,0,0
baby-let-s-play-house-i-wanna-play-house-with-you,Baby Let's Play House (I Wanna Play House With You),0,0,0
baby-linda,Baby Linda,0,0,1
baby-made-it-good,Baby Made It Good,0,0,0
baby-me-baby,Baby Me Baby,0,0,3
baby-my-heart,Baby My Heart,0,0,3
baby-on-board,Baby On Board,0,0,1
baby-please,Baby Please,0,1,12
baby-put-your-clothes-on,Baby Put Your Clothes On,0,0,0
baby-ride-easy,Baby Ride Easy,0,0,1
baby-s-back-again,Baby's Back Again,0,0,0
baby-s-blue,Baby's Blue,0,0,1
baby-s-blue-again,Baby's Blue Again,0,0,1
baby-s-gone,Baby's Gone,0,19,6
baby-s-gone-blues,Baby's Gone Blues,0,1,1
baby-s-gone-home-to-mama,Baby's Gone Home To Mama,0,0,1
baby-s-got-a-hold-on-me,Baby's Got A Hold On Me,0,1,1
baby-s-got-her-blue-jeans-on,Baby's Got Her Blue Jeans On,0,0,1
baby-s-gotten-good-at-goodbye,Baby's Gotten Good At Goodbye,0,0,0
baby-shark,Baby shark,1,0,2
baby-she-s-gone,Baby She's Gone,0,0,0
baby-sister,Baby Sister,0,1,3
baby-take-a-picture,Baby Take A Picture,0,0,0
baby-talk-to-me,Baby Talk To Me,0,0,2
baby-thanks-but-no-thanks,Baby Thanks But No Thanks,0,0,0
baby-that-s-cold,Baby That's Cold,0,0,1
baby-that-s-living,Baby That's Living,0,0,0
baby-wants-to-boogie,Baby Wants To Boogie,0,0,2
baby-we-re-really-in-love,Baby We're Really In Love,0,0,1
baby-were-really-in-love,Baby We’re Really In Love,0,0,1
baby-what-about-you,Baby What About You,0,0,0
baby-what-you-want-me-to-do,Baby What You Want Me To Do,0,0,3
baby-why-not,Baby Why Not,0,0,0
baby-won-t-you-come-out-tonight,Baby Won't You Come Out Tonight,0,0,1
baby-won-t-you-please-come-home,Baby Won't You Please Come Home,0,0,1
baby-you-don-t-know,Baby You Don't Know,0,0,2
baby-you-melt-my-heart,Baby You Melt My Heart,0,0,0
baby-you-re-something,Baby You're Something,0,0,1
baby-your-mother-like-she-babied-you,Baby Your Mother (Like She Babied You),0,0,1
baby-you-ve-got-what-it-takes,Baby You've Got What It Takes,0,0,0
back-again,Back Again,0,1,34
backbone-job,Backbone Job,0,0,0
back-door-to-heaven,Back Door To Heaven,0,0,1
back-down-to-hung-up-on-you,Back Down To Hung Up On You,0,0,1
back-from-the-wine,Back From The Wine,0,0,0
back-home-again,Back Home Again,0,4,5
back-home-again-in-indiana,Back Home Again In Indiana,1,3,0
back-home-again-in-indiana-1,Back Home Again in Indiana,1,3,0
back-home-in-heaven,Back Home In Heaven,0,0,0
back-in-baby-s-arms,Back in Baby's Arms,0,1,1
back-in-baltimore,Back in Baltimore,1,0,0
back-in-my-baby-s-arms-again,Back In My Baby's Arms Again,0,0,0
back-in-my-younger-days,Back In My Younger Days,0,0,1
back-in-the-arms-of-love,Back in the Arms of Love,0,0,0
back-in-the-country,Back In The Country,0,0,1
back-in-the-doo-wah-days,Back In The Doo Wah Days,0,0,0
back-in-the-fire,Back In The Fire,0,0,1
back-in-the-fold,Back In The Fold,0,0,1
back-in-the-saddle-again,Back In The Saddle Again,0,2,0
back-in-the-swing-of-things,Back In The Swing Of Things,0,0,1
back-in-the-swing-of-things-again,Back In The Swing Of Things Again,0,0,0
back-in-your-arms-again,Back In Your Arms Again,0,0,4
back-in-your-own-backyard,Back In Your Own Backyard,0,1,0
back-on-her-mind-again,Back On Her Mind Again,0,0,0
back-on-my-feet,Back On My Feet,0,0,14
back-on-my-mind-again,Back On My Mind Again,0,3,1
back-pocket-money,Back Pocket Money,0,0,1
backroads,Backroads,0,1,4
backside-of-thirty,Backside Of Thirty,0,0,0
backslide,Backslide,0,0,6
backslider-s-prayer,Backslider's Prayer,0,0,0
back-street-affair,Back Street Affair,0,1,1
back-then,Back Then,0,0,12
back-to-atlanta,Back To Atlanta,0,0,1
back-to-back,Back To Back,0,1,21
back-to-back-1,Back To Back,0,1,21
back-to-back-2,Back To Back,0,1,21
back-to-back-we-re-strangers,Back To Back (We're Strangers),0,0,0
back-to-bein-me,Back To Bein' Me,0,0,0
back-to-denver,Back To Denver,0,0,0
back-to-dixie,Back To Dixie,1,4,1
back-to-hers,Back To Hers,0,0,0
back-to-life,Back To Life,0,0,37
back-to-montego-bay,Back To Montego Bay,0,0,1
back-to-old-smoky-mountain,Back To Old Smoky Mountain,0,0,0
back-to-schooldays,Back To Schooldays,0,0,1
back-to-texas,Back To Texas,0,0,2
back-to-the-barrooms,Back To The Barrooms,0,0,0
back-to-the-barrooms-again,Back To The Barrooms Again,0,0,1
back-to-the-blue-room,Back To The Blue Room,0,0,0
back-to-the-carolinas,Back to the Carolinas,1,0,0
back-to-the-country-lyrics-chords,Back To The Country Lyrics Chords,0,0,0
back-to-the-country-roads,Back To The Country Roads,0,2,1
back-to-the-cross,Back To The Cross,1,6,3
back-to-the-doghouse,Back To The Doghouse,0,0,0
back-to-the-old-home,Back To The Old Home,1,0,0
back-to-the-simple-things,Back To The Simple Things,0,0,1
back-to-the-wall,Back To The Wall,0,1,8
back-to-the-well,Back To The Well,0,0,2
backtrack,Backtrack,0,0,10
back-up-against-the-wall,Back Up Against The Wall,0,0,2
back-up-and-push,Back Up and Push,1,18,1
back-up-buddy,Back Up Buddy,0,0,0
backward-turn-backward,Backward Turn Backward,0,1,0
back-when,Back When,0,1,6
back-when-gas-was-thirty-cents-a-gallon,Back When Gas Was Thirty Cents A Gallon,0,0,1
back-when-the-old-homeplace-was-new,Back When The Old Homeplace Was New,0,0,1
back-when-we-were-young,Back When We Were Young,0,0,1
back-where-it-s-at,Back Where It's At,0,0,1
back-where-we-belong,Back Where We Belong,0,2,1
backwoods-barbie,Backwoods Barbie,0,1,1
bacon-rind,Bacon Rind,0,0,0
bad-bad-day,Bad Bad Day,0,0,2
bad-bad-dream,Bad Bad Dream,0,0,1
bad-bad-leroy-brown,Bad Bad Leroy Brown,0,0,2
bad-day-for-the-blues,Bad Day For The Blues,0,0,0
bad-dream,Bad Dream,0,0,25
bad-girl,Bad Girl,0,0,50
bad-love-story,Bad Love Story,0,0,1
bad-luck-and-trouble,Bad Luck And Trouble,0,0,5
bad-moon-rising,Bad Moon Rising,0,4,2
bad-news,Bad News,0,0,74
bad-news-travels-fast,Bad News Travels Fast,0,0,3
bad-seed,Bad Seed,0,0,11
bad-things-i-do,Bad Things I Do,0,0,0
bad-times-a-coming,Bad Times A Coming,0,0,0
bald-knob-arkansas,Bald Knob Arkansas,0,2,1
ballad-of-a-teenage-queen,Ballad Of A Teenage Queen,0,1,1
ballad-of-carlena,Ballad Of Carlena,0,0,0
ballad-of-davy-crockett,Ballad Of Davy Crockett,0,1,1
ballad-of-forty-dollars,Ballad Of Forty Dollars,0,3,1
ballad-of-lucy-jordon,Ballad Of Lucy Jordon,0,0,0
ballad-of-sally-rose,Ballad Of Sally Rose,0,0,0
ballad-of-the-grand-ole-opry,Ballad Of The Grand Ole Opry,0,0,0
ballad-of-the-green-berets-1,Ballad Of The Green Berets,0,1,1
ballenger,Ballenger,0,0,0
ballin-the-jack,Ballin' The Jack,0,0,1
ballydesmond-polka,Ballydesmond Polka,0,0,1
ballyoran-polka,Ballyoran Polka,0,0,0
balos-song,Balo’s Song,1,0,0
bandera,Bandera,0,0,2
bandera-waltz,Bandera Waltz,0,0,0
bandit,Bandit,0,1,14
bandito-gold,Bandito Gold,0,0,0
bandits-of-beverly-hills,Bandits Of Beverly Hills,0,0,1
band-keeps-playing-on,Band Keeps Playing On,0,0,0
band-of-gold,Band Of Gold,0,0,4
bandy-the-rodeo-clown,Bandy The Rodeo Clown,0,0,0
banjo-in-the-hollow,Banjo In the Hollow,1,1,0
banjo-picking-girl,Banjo Picking Girl,1,4,0
banks-of-the-arkansas,Banks of the Arkansas,1,0,0
banks-of-the-ohio,Banks Of The Ohio,1,38,4
banks-of-the-ohio-2,Banks Of The Ohio,1,38,4
baptism,Baptism,0,0,22
barbara,Barbara,0,0,33
barbara-allen,Barbara Allen,1,9,4
barbara-allen-2,Barbara Allen,1,9,4
barbara-don-t-let-me-be-the-last-to-know,Barbara Don't Let Me Be the Last to Know,0,0,0
barefoot-ballad,Barefoot Ballad,0,0,1
barefoot-nellie,Barefoot Nellie,1,7,1
barefoot-santa-claus,Barefoot Santa Claus,0,0,0
barely-beatin-broken-heart,Barely Beatin' Broken Heart,0,0,0
barely-holding-on,Barely Holding On,0,0,1
bar-fly,Bar Fly,0,0,1
bargain-store,Bargain Store,0,1,1
barney,Barney,0,0,1
barred-from-every-honky-tonk-in-town,Barred From Every Honky Tonk In Town,0,0,0
barroom-girls,Barroom Girls,0,0,1
barroom-habits,Barroom Habits,0,0,1
barroom-pals-and-goodbye-gals,Barroom Pals And Goodbye Gals,0,0,0
barroom-roses,Barroom Roses,0,0,0
barrooms-and-pop-a-tops,Barrooms And Pop A Tops,0,0,0
barrooms-to-bedrooms,Barrooms To Bedrooms,0,0,0
barstool-mountain,Barstool Mountain,0,0,1
bartender,Bartender,0,2,11
bartender-blues,Bartender Blues,0,0,1
bartlett-s-two-step,Bartlett's Two-Step,0,0,0
bar-with-no-beer,Bar With No Beer,0,0,1
battle-hymn-of-the-republic,Battle Hymn Of The Republic,1,3,8
battle-of-bull-run,Battle Of Bull Run,0,0,0
battle-of-new-orleans,Battle of New Orleans,1,6,3
bawlin-baby,Bawlin' Baby,0,0,1
bayou-boys,Bayou Boys,0,1,0
bayou-bum,Bayou Bum,0,0,0
beach-boy-blues,Beach Boy Blues,0,0,1
beacon-in-the-night,Beacon In The Night,0,0,2
be-a-good-girl-till-i-get-back-in-town,Be A Good Girl (Till I Get Back In Town),0,0,0
be-a-little-quieter,Be A Little Quieter,0,0,1
be-all-right-in-arkansas,Be All Right In Arkansas,0,0,0
beans-for-breakfast,Beans For Breakfast,0,0,1
bear-creek-blues,Bear Creek Blues,0,1,1
bear-creek-hop,Bear Creek Hop,0,2,0
bear-tracks,Bear Tracks,1,4,2
bear-with-me-a-little-longer,Bear With Me A Little Longer,0,0,0
beating-on-a-ding-dong,Beating On A Ding Dong,0,0,0
beat-the-devil,Beat The Devil,0,0,2
beaumont-rag,Beaumont Rag,1,17,3
beautiful-alter-of-prayer,Beautiful Alter Of Prayer,1,0,0
beautiful-anabel-lee,Beautiful Anabel Lee,0,0,0
beautiful-beautiful-brown-eyes,Beautiful Beautiful Brown Eyes,0,1,0
beautiful-bouquet,Beautiful Bouquet,1,0,1
beautiful-brown-eyes,Beautiful Brown Eyes,1,8,4
beautiful-day-for-goodbye,Beautiful Day For Goodbye,0,0,0
beautiful-dreamer,Beautiful Dreamer,0,7,15
beautiful-garden-of-prayer,Beautiful Garden Of Prayer,0,1,0
beautiful-home,Beautiful Home,0,1,2
beautiful-isle-oer-the-sea,Beautiful Isle O’Er The Sea,0,1,0
beautiful-isle-of-somewhere,Beautiful Isle Of Somewhere,0,1,1
beautiful-lady,Beautiful Lady,0,0,4
beautiful-lies,Beautiful Lies,0,0,9
beautiful-life,Beautiful Life,1,22,41
beautiful-moon-of-kentucky,Beautiful Moon Of Kentucky,0,2,1
beautiful-morning-glory,Beautiful Morning Glory,0,0,1
beautiful-night,Beautiful Night,0,0,15
beautiful-ohio,Beautiful Ohio,0,0,1
beautiful-people,Beautiful People,0,0,30
beautiful-river-of-life,Beautiful River Of Life,0,2,1
beautiful-star-of-bethlehem,Beautiful Star of Bethlehem,1,10,1
beautiful-temptation,Beautiful Temptation,0,0,0
beautiful-texas,Beautiful Texas,0,0,1
beautiful-texas-sunshine,Beautiful Texas Sunshine,0,0,0
beautiful-unhappy-home-lyrics-chords,Beautiful Unhappy Home Lyrics Chords,0,0,0
beautiful-way-to-live,Beautiful Way To Live,0,0,1
beautiful-wings,Beautiful Wings,0,0,1
beautiful-woman,Beautiful Woman,0,0,6
beautiful-you,Beautiful You,0,0,9
beautiful-you-1,Beautiful You,0,0,9
beauty-lies-in-the-eyes-of-the-beholder,Beauty Lies In The Eyes Of The Beholder,0,0,0
beauty-lies-in-the-eyes-of-the-beholder-1,Beauty Lies in the Eyes of the Beholder,0,0,0
beauty-of-my-dream,Beauty Of My Dream,1,0,0
beaver-creek,Beaver Creek,0,0,1
be-better-to-your-baby,Be Better To Your Baby,0,0,0
be-bop-a-lula,Be-Bop-A-Lula,0,0,3
be-bop-baby,Be-bop Baby,0,0,1
be-careful-of-stones-that-you-throw,Be Careful Of Stones That You Throw,0,1,1
because-he-lives,Because He Lives,0,1,1
because-i-love-you,Because I Love You,0,1,22
because-i-love-you-1,Because I Love You,0,1,22
because-i-love-you-that-s-why,Because I Love You That's Why,0,0,0
because-it-s-christmas-time-lyrics-with-chords,Because It's Christmas Time Lyrics with Chords,0,0,0
because-it-s-wrong,Because It's Wrong,0,0,0
because-it-s-you,Because It's You,0,0,2
because-of-calvary,Because of Calvary,0,0,0
because-of-him,Because Of Him,0,2,3
because-of-him-1,Because Of Him,0,2,3
because-of-losing-you,Because Of Losing You,0,0,0
because-of-love,Because Of Love,0,0,4
because-of-you,Because Of You,0,6,60
because-one-of-us-was-wrong,Because One Of Us Was Wrong,0,1,1
because-we-are-young,Because We Are Young,0,0,0
because-you-believed-in-me,Because You Believed In Me,0,0,0
because-you-can-t-be-mine,Because You Can't Be Mine,0,0,0
because-you-care,Because You Care,0,0,0
because-you-live-to-love-me,Because You Live To Love Me,0,0,0
because-you-re-mine,Because You're Mine,0,0,7
bed-by-the-window,Bed By The Window,0,0,1
bed-of-roses,Bed Of Roses,0,3,18
bed-of-roses-1,Bed Of Roses,0,3,18
bed-on-the-floor,Bed On The Floor,0,2,1
bedroom-ballad,Bedroom Ballad,0,0,0
bedtime,Bedtime,0,0,21
bedtime-comes-earlier-at-our-house,Bedtime Comes Earlier At Our House,0,0,0
bed-time-story,Bed Time Story,0,0,2
been-there-done-that,Been There Done That,0,0,7
beer-drinking-music,Beer Drinking Music,0,0,0
beer-on-a-boat,Beer On A Boat,0,0,0
beer-run,Beer Run,0,0,2
beethoven-was-before-my-time,Beethoven Was Before My Time,0,0,0
before,Before,0,0,43
before-believing,Before Believing,0,0,1
before-i-die,Before I Die,0,0,8
before-i-die-1,Before I Die,0,0,8
before-i-found-the-wine,Before I Found The Wine,0,0,0
before-i-go-to-bed,Before I Go To Bed,0,0,0
before-i-grow-too-old,Before I Grow Too Old,0,0,1
before-i-ll-set-her-free,Before I'll Set Her Free,0,0,0
before-i-lose-my-mind,Before I Lose My Mind,0,0,1
before-i-lost-you,Before I Lost You,0,0,1
before-i-met-you,Before I Met You,1,16,4
before-i-met-you-1,Before I Met You,1,16,4
before-i-m-fool-enough,Before I'm Fool Enough,0,1,1
before-i-m-over-you-lyrics-chords,Before I'm Over You Lyrics Chords,0,0,0
before-i-share-your-love,Before I Share Your Love,0,0,0
before-it-begins,Before It Begins,0,0,0
before-my-time,Before My Time,0,0,4
before-my-time-1,Before My Time,0,0,4
before-our-weakness-gets-too-strong,Before Our Weakness Gets Too Strong,0,1,0
before-she-changed-your-mind,Before She Changed Your Mind,0,0,1
before-the-cold-winds-blow,Before The Cold Winds Blow,0,0,0
before-the-hammers-could-ring,Before The Hammers Could Ring,0,0,0
before-the-last-teardrop-dries,Before The Last Teardrop Dries,0,0,0
before-the-next-teardrop-falls,Before The Next Teardrop Falls,0,4,1
before-the-night-is-over,Before The Night Is Over,0,0,3
before-the-ring-on-your-finger-turns-green,Before The Ring On Your Finger Turns Green,0,0,1
before-the-sun-goes-down,Before The Sun Goes Down,0,2,1
before-the-sunrise,Before The Sunrise,0,0,1
before-this-day-ends-lyrics-chords,Before This Day Ends Lyrics Chords,0,0,0
before-too-long,Before Too Long,0,0,2
before-you,Before You,0,0,9
before-you-came-along,Before You Came Along,0,0,2
before-you-go,Before You Go,0,1,19
before-you-kill-us-all,Before You Kill Us All,0,0,0
before-you-learned-to-fly,Before You Learned To Fly,0,0,0
before-you-met-her,Before You Met Her,0,1,0
before-your-heartaches-came,Before Your Heartaches Came,0,0,0
before-your-time,Before Your Time,0,0,2
before-you-travel-on,Before You Travel On,0,0,0
beggars-and-heroes,Beggars and Heroes,0,0,1
beggar-to-a-king,Beggar To A King,0,0,2
beggin-for-trouble,Beggin' For Trouble,0,0,0
begging-to-you,Begging to You,0,0,1
beginning-to-feel-like-home,Beginning To Feel Like Home,0,0,1
be-glad-you-ain-t-me,Be Glad You Ain't Me,0,0,1
be-good-to-my-little-baby-girl,Be Good To My Little Baby Girl,0,1,0
be-grateful,Be Grateful,0,0,1
beg-your-pardon,Beg Your Pardon,0,0,4
behind-closed-doors,Behind Closed Doors,0,1,15
behind-every-good-man-there-s-a-woman,Behind Every Good Man There's A Woman,0,0,0
behind-my-back,Behind My Back,0,0,5
behind-these-prison-walls-of-love,Behind These Prison Walls Of Love,1,2,1
behind-the-tear,Behind the Tear,0,0,2
behind-this-last-goodbye,Behind This Last Goodbye,0,0,0
behind-those-stone-walls,Behind Those Stone Walls,1,0,0
be-honest-with-me,Be Honest With Me,0,0,1
be-honest-with-me-1,Be Honest With Me,0,0,1
being-gone,Being Gone,0,0,1
being-together,Being Together,0,0,3
beldune-two-step,Beldune Two-Step,0,0,0
believe,Believe,0,3,236
believe-1,Believe,0,3,236
believe-another-s-lips,Believe Another's Lips,0,0,0
believe-what-you-say,Believe What You Say,0,0,1
believing-it-yourself,Believing it Yourself,0,0,0
belle-of-the-ball,Belle Of The Ball,0,1,5
belles-of-southern-bell,Belles Of Southern Bell,0,0,0
bells-of-memory,Bells Of Memory,0,0,1
bellville-georgia,Bellville Georgia,1,0,0
below-the-border,Below The Border,0,0,0
belshazzar,Belshazzar,0,1,1
be-mine,Be Mine,0,0,40
be-my-guest,Be My Guest,0,0,9
be-my-life-s-companion,Be My Life's Companion,0,0,1
be-my-love-again,Be My Love Again,0,0,1
bend-it-till-it-breaks,Bend It Till It Breaks,0,0,0
beneath-a-neon-star,Beneath a Neon Star,0,0,0
beneath-a-painted-sky,Beneath A Painted Sky,0,0,1
beneath-still-waters,Beneath Still Waters,0,3,2
be-nice-to-everybody,Be Nice To Everybody,0,0,0
be-not-afraid,Be Not Afraid,0,0,5
be-not-afraid-1,Be Not Afraid,0,0,5
be-proud-of-the-grey-in-your-hair,Be Proud Of The Grey In Your Hair,0,0,0
be-proud-of-your-man-lyrics-chords,Be Proud Of Your Man Lyrics Chords,0,0,0
be-ready,Be Ready,0,0,6
beside-the-still-waters,Beside The Still Waters,0,1,1
beside-you-lyrics-chords,Beside You Lyrics Chords,0,0,0
best-banjo-picker,Best Banjo Picker,0,0,0
bestest-friend,Bestest Friend,0,0,1
best-in-the-world,Best In The World,0,0,2
best-is-yet-to-come,Best Is Yet To Come,0,1,34
best-man,Best Man,0,0,5
best-of-all-my-heartaches-lyrics-chords,Best Of All My Heartaches Lyrics Chords,0,0,0
best-of-all-possible-worlds,Best Of All Possible Worlds,0,0,4
best-of-all-possible-worlds-1,Best Of All Possible Worlds,0,0,4
best-of-company,Best Of Company,0,0,0
best-of-intentions,Best Of Intentions,0,0,1
best-of-strangers,Best Of Strangers,0,0,1
best-worst-thing,Best Worst Thing,0,0,1
best-years-of-your-life,Best Years Of Your Life,0,0,0
be-sure-there-s-no-mistake,Be Sure There's No Mistake,0,0,1
be-sure-you-know,Be Sure You Know,0,0,0
be-there-for-me-baby,Be There For Me Baby,0,0,0
bethlehem,Bethlehem,0,1,17
bethlehem-in-birmingham,Bethlehem In Birmingham,0,0,1
bethlehem-star,Bethlehem Star,0,0,1
be-true-to-me,Be True To Me,0,0,3
be-true-to-yourself,Be True To Yourself,0,0,2
better-call-a-preacher,Better Call A Preacher,0,0,0
better-class-of-losers,Better Class Of Losers,0,1,1
better-class-of-losers-1,Better Class Of Losers,0,1,1
better-days-for-mama,Better Days For Mama,0,0,0
better-days-to-come,Better Days To Come,0,1,2
better-farther-on,Better Farther On,0,1,0
better-homes-and-garden,Better Homes And Garden,0,0,0
better-late-than-never,Better Late Than Never,0,1,16
better-left-forgotten,Better Left Forgotten,0,0,0
better-luck-next-time,Better Luck Next Time,0,1,5
better-man-better-off,Better Man Better Off,0,0,0
better-me,Better Me,0,0,5
better-news,Better News,0,0,1
better-off-when-i-was-hungry,Better Off When I Was Hungry,0,0,1
better-off-without-you,Better Off Without You,0,1,9
better-stop-dreaming,Better Stop Dreaming,0,0,0
better-things-than-these,Better Things Than These,0,0,0
better-times-a-coming,Better Times A-Coming,1,3,1
better-word-for-love,Better Word For Love,0,0,1
betty-lorraine,Betty Lorraine,0,0,0
between-an-old-memory-and-me,Between An Old Memory And Me,0,0,1
between-blue-eyes-and-jeans,Between Blue Eyes And Jeans,0,0,1
between-each-tear,Between Each Tear,0,0,1
between-fire-and-water,Between Fire And Water,0,3,1
between-heaven-and-here,Between Heaven and Here,0,0,1
between-lust-and-watching-tv,Between Lust and Watching TV,0,0,1
between-my-house-and-town,Between My House And Town,0,0,1
between-the-devil-and-me,Between The Devil And Me,0,1,3
between-the-lines,Between The Lines,0,4,45
between-the-two-of-them,Between The Two Of Them,0,1,1
between-the-window-and-the-phone,Between the Window and the Phone,0,0,1
between-this-time-and-the-next-time,Between This Time And The Next Time,0,0,0
between-us,Between Us,0,1,20
between-winston-salem-and-nashville-tennessee,Between Winston Salem and Nashville Tennessee,0,0,0
bet-your-heart-on-me,Bet Your Heart On Me,0,0,1
be-with-me-lord,Be With Me Lord,0,0,0
beyond-my-heart,Beyond My Heart,0,0,0
beyond-romance,Beyond Romance,0,0,0
beyond-the-blue,Beyond the Blue,0,3,5
beyond-the-blue-neon,Beyond The Blue Neon,0,0,0
beyond-the-clouds,Beyond The Clouds,0,1,16
beyond-the-great-divide,Beyond The Great Divide,0,1,2
beyond-the-last-mile,Beyond The Last Mile,0,0,0
beyond-the-last-mile-1,Beyond The Last Mile,0,0,0
beyond-the-reef,Beyond The Reef,0,0,1
beyond-the-river-bend,Beyond the River Bend,0,1,1
beyond-the-shadow-of-a-doubt,Beyond The Shadow Of A Doubt,0,0,2
beyond-the-sunset,Beyond The Sunset,0,2,2
beyond-the-sunset-for-me,Beyond The Sunset For Me,0,1,0
beyond-the-wall,Beyond The Wall,0,0,13
beyond-those-years,Beyond Those Years,0,0,0
beyond-you,Beyond You,0,0,3
bic-flicking-baby,Bic Flicking Baby,0,0,0
big-as-i-can-dream,Big As I Can Dream,0,0,1
big-bad-john,Big Bad John,0,1,2
big-ball-in-boston,Big Ball In Boston,1,1,0
big-ben-colson,Big Ben Colson,0,0,1
big-big-heartaches,Big Big Heartaches,0,0,1
big-big-love,Big Big Love,0,0,3
big-big-world,Big Big World,0,0,2
big-black-train,Big Black Train,1,3,4
big-blue-diamonds,Big Blue Diamonds,0,0,1
big-blue-roses,Big Blue Roses,1,0,1
big-boss-man,Big Boss Man,0,1,4
big-busy-world,Big Busy World,0,0,0
big-butter-and-egg-man,Big Butter And Egg Man,0,0,2
big-chief-buffalo-nickel,Big Chief Buffalo Nickel,0,0,0
big-city,Big City,0,0,31
big-city-1,Big City,0,0,31
big-city-2,Big City,0,0,31
big-city-girls,Big City Girls,0,0,1
big-eyed-rabbit,Big Eyed Rabbit,1,8,1
big-fool-of-the-year,Big Fool Of The Year,0,2,1
big-foot,Big Foot,1,2,16
big-freight-train-carry-me-home,Big Freight Train Carry Me Home,0,0,0
bigger-man-than-me,Bigger Man Than Me,0,0,0
biggest-airport-in-the-world,Biggest Airport In The World,0,0,0
biggest-lie,Biggest Lie,0,0,3
big-girls-don-t-cry,Big Girls Don't Cry,0,0,4
big-green-eyes,Big Green Eyes,0,1,0
big-hair,Big Hair,0,0,4
big-hearted-me,Big Hearted Me,0,0,1
big-house-on-the-corner,Big House On The Corner,0,0,0
big-hurts-came-from-little-white-lies,Big Hurts Came From Little White Lies,0,0,0
big-indian-hornpipe,Big Indian Hornpipe,0,0,0
big-in-vegas,Big In Vegas,0,0,1
big-iron,Big Iron,0,2,2
big-jack,Big Jack,0,0,2
big-john-mcneil,Big John McNeil,1,2,0
big-love,Big Love,0,1,21
big-love-1,Big Love,0,1,21
big-love-big-heartache,Big Love Big Heartache,0,0,1
big-man,Big Man,0,2,16
big-man-in-a-big-house,Big Man In A Big House,0,0,0
big-midnight-special,Big Midnight Special,1,0,0
big-midnight-special-2,Big Midnight Special,1,0,0
big-mon,Big Mon,1,16,1
big-ole-heartache,Big Ole Heartache,0,0,0
big-ole-hurt,Big Ole Hurt,0,0,1
big-ole-texas-tears,Big Ole Texas Tears,0,0,0
big-red-sun-blues,Big Red Sun Blues,0,0,1
big-river,Big River,1,6,9
big-rock-candy-mountain,Big Rock Candy Mountain,1,5,4
big-sandy-river,Big Sandy River,1,18,1
big-sciota,Big Sciota,1,7,1
big-shoes-lyrics-and-chords,Big Shoes Lyrics and chords,0,0,0
big-sister-little-sister,Big Sister Little Sister,0,0,0
big-spike-hammer,Big Spike Hammer,1,14,1
big-spike-hammer-1,Big Spike Hammer,1,14,1
big-texas-moon,Big Texas Moon,0,0,0
big-train-from-memphis,Big Train From Memphis,1,2,0
big-wheel-cannonball,Big Wheel Cannonball,0,0,0
big-wheels,Big Wheels,0,3,6
big-wide-wonderful-world-of-country-music,Big Wide Wonderful World Of Country Music,0,0,0
big-wind,Big Wind,0,1,2
bile-them-cabbage-down,Bile Them Cabbage Down,0,8,0
bill-bailey-wont-you-please-come-home,Bill Bailey Won’t You Please Come Home,0,0,2
bill-cheatham,Bill Cheatham,1,26,2
bill-monroe-for-breakfast,Bill Monroe For Breakfast,0,0,1
billy-billy-bayou,Billy Billy Bayou,0,0,0
billy-boy,Billy Boy,0,1,15
billy-christian,Billy Christian,0,0,0
billy-cline,Billy Cline,0,0,0
billy-grey,Billy Grey,0,0,0
billy-in-the-lowground,Billy in the Lowground,1,36,1
billy-mccoy,Billy McCoy,0,0,0
billy-overcame-his-size,Billy Overcame His Size,0,0,1
billy-the-kid,Billy The Kid,1,7,19
billy-the-kid-1,Billy The Kid,1,7,19
bimbo,Bimbo,0,0,9
bird-dog,Bird Dog,0,3,2
bird-on-a-wire,Bird On A Wire,0,0,6
birds-and-bees,Birds and Bees,0,0,5
birds-and-children-fly-away,Birds And Children Fly Away,0,0,0
birds-of-a-feather,Birds Of A Feather,0,1,22
bird-song,Bird Song,1,4,22
birds-were-singing-of-you-the,"Birds Were Singing Of You, The",1,0,0
birmingham,Birmingham,0,1,11
birmingham-daddy,Birmingham Daddy,0,0,1
birmingham-hornpipe,Birmingham Hornpipe,0,0,0
birmingham-jail-lyrics-chords,Birmingham Jail Lyrics Chords,0,0,0
birmingham-turnaround,Birmingham Turnaround,0,1,1
birth-of-our-love,Birth Of Our Love,0,0,0
birth-of-the-blues,Birth Of The Blues,0,5,1
bits-and-pieces-of-life,Bits And Pieces Of Life,0,0,0
bitter-creek,Bitter Creek,1,6,1
bitter-green,Bitter Green,0,3,1
bitter-tears,Bitter Tears,0,0,10
bitter-they-are-harder-they-fall,Bitter They Are Harder They Fall,0,0,1
bitterweeds,Bitterweeds,0,1,0
b-j-the-d-j,B.J. The D.J.,0,1,0
blackberry-blossom,Blackberry Blossom,1,31,2
blackberry-boogie,Blackberry Boogie,0,0,1
blackbird,Blackbird,1,5,44
blackboard-of-my-heart,Blackboard of My Heart,0,0,1
black-coffee,Black Coffee,0,0,19
blackest-crow,Blackest Crow,1,4,2
black-eyed-sailor,Black-Eyed Sailor,0,0,0
black-eyed-susie,Black Eyed Susie,1,24,2
blackies-gunman,Blackie’s Gunman,1,0,0
blackjack,Blackjack,1,7,20
blackjack-county-chain,Blackjack County Chain,1,1,1
black-jack-davey,Black Jack Davey,1,7,3
black-jack-s-bar,Black Jack's Bar,0,0,1
black-lung,Black Lung,1,5,5
black-mountain-rag,Black Mountain Rag,1,51,1
black-muddy-river,Black Muddy River,1,5,1
black-rider,Black Rider,0,0,7
black-rose,Black Rose,0,0,30
black-sheep,Black Sheep,0,4,34
black-sheep-1,Black Sheep,0,4,34
blacksmith-s-quadrille,Blacksmith's Quadrille,0,0,0
black-velvet-band,Black Velvet Band,1,0,3
blame-it-on-mexico,Blame It On Mexico,0,0,1
blame-it-on-texas,Blame It On Texas,0,0,1
blame-it-on-the-fire-in-my-heart,Blame It On The Fire In My Heart,0,0,1
blame-it-on-the-times,Blame It On The Times,0,0,1
blame-it-on-your-heart,Blame It On Your Heart,0,1,2
blame-me,Blame Me,0,1,9
blanket-on-the-ground,Blanket on the Ground,0,0,2
blaze-of-glory,Blaze Of Glory,0,0,13
bleeding-hearted-blues,Bleeding Hearted Blues,0,0,1
bleep-you,Bleep You,0,0,0
blessed-are-the-believers,Blessed Are The Believers,0,0,1
blessed-assurance,Blessed Assurance,1,7,6
blessed-be,Blessed Be,0,1,3
blessed-jesus-hold-my-hand,Blessed Jesus Hold My Hand,1,1,0
blessed-jesus-loves-you-too,Blessed Jesus Loves You Too,0,0,0
blessed-jesus-should-i-fall-don-t-let-me-lay,Blessed Jesus Should I Fall Don't Let Me Lay,0,0,1
blessing-in-disguise,Blessing in Disguise,0,1,14
bless-you,Bless You,0,0,11
bless-your-heart,Bless Your Heart,0,0,5
blind-and-afraid-of-the-dark,Blind And Afraid Of The Dark,0,0,0
blind-boy-s-dog,Blind Boy's Dog,0,2,0
blindfold-of-love,Blindfold Of Love,0,0,1
blind-in-love,Blind In Love,0,0,0
blistered,Blistered,0,1,4
blood-red-and-going-down,Blood Red and Going Down,0,0,0
bloody-mary-morning,Bloody Mary Morning,0,4,1
bloomin-fools,Bloomin' Fools,0,0,0
blossoms-in-the-springtime,Blossoms In The Springtime,0,0,0
blowing-in-the-wind,Blowing In The Wind,1,0,1
blowing-smoke,Blowing Smoke,0,0,2
blowin-in-the-wind,Blowin' In The Wind,1,5,5
blow-out-the-candles,Blow Out The Candles,0,0,0
blow-your-whistle-freight-train,Blow Your Whistle Freight Train,0,2,0
blue,Blue,0,6,264
blue-1,Blue,0,6,264
blue-and-lonesome,Blue and Lonesome,1,18,1
blue-angel,Blue Angel,0,2,10
blue-as-i-do,Blue As I Do,0,0,1
blue-avenue,Blue Avenue,0,0,3
blue-bayou,Blue Bayou,0,1,3
blueberry-hill,Blueberry Hill,0,0,2
bluebird,Bluebird,0,3,56
bluebird-1,Bluebird,0,3,56
bluebird-island,Bluebird Island,0,0,1
bluebirds-are-singing-for-me,Bluebirds Are Singing For Me,1,10,0
blue-blooded-woman,Blue Blooded Woman,0,1,1
blue-blue-day,Blue Blue Day,0,1,2
blue-bonnet-lane,Blue Bonnet Lane,0,2,1
bluebonnet-lane,Bluebonnet Lane,0,1,0
blue-boy-lyrics-and-chords,Blue Boy Lyrics and Chords,0,0,0
blue-christmas,Blue Christmas,0,15,9
blue-christmas-lights,Blue Christmas Lights,0,0,1
blue-christmas-tree,Blue Christmas Tree,0,0,1
blue-clear-sky,Blue Clear Sky,0,0,1
blue-collar-holler,Blue Collar Holler,0,0,0
blue-darlin,Blue Darlin',0,1,1
blue-darlin-1,Blue Darlin',0,1,1
blue-days-black-nights,Blue Days Black Nights,0,0,2
blue-diamond-mines,Blue Diamond Mines,0,1,1
blue-dreams,Blue Dreams,0,0,3
blue-eyed-boston-boy,Blue Eyed Boston Boy,0,1,0
blue-eyed-darling,Blue Eyed Darling,1,14,1
blue-eyed-elaine,Blue Eyed Elaine,0,1,1
blue-eyed-girl-of-berlin,Blue Eyed Girl Of Berlin,0,0,0
blue-eyed-love,Blue Eyed Love,0,0,0
blue-eyes-crying-in-the-rain,Blue Eyes Crying in the Rain,1,6,2
blue-eyes-cryin-in-the-rain,Blue Eyes Cryin’ In The Rain,1,0,0
blue-fiddle-waltz,Blue Fiddle Waltz,0,0,2
blue-field,Blue Field,0,1,1
blue-finger-lou,Blue Finger Lou,0,0,1
blue-for-you,Blue For You,0,0,9
blue-goose,Blue Goose,0,2,4
bluegrass-and-white-snow,Bluegrass and White Snow,0,0,0
blue-grass-breakdown,Blue Grass Breakdown,1,11,1
bluegrass-breakdown,Bluegrass Breakdown,1,24,0
bluegrass-christmas,Bluegrass Christmas,0,2,1
bluegrass-express,Bluegrass Express,1,5,1
bluegrass-in-the-backwoods,Bluegrass in the Backwoods,1,3,0
bluegrass-lady,Bluegrass Lady,0,0,0
bluegrass-meadows,Bluegrass Meadows,0,2,1
bluegrass-melodies,Bluegrass Melodies,0,2,1
bluegrass-radio,Bluegrass Radio,1,5,1
bluegrass-saturday-night,Bluegrass Saturday Night,0,1,0
blue-grass-skirt,Blue Grass Skirt,0,0,0
bluegrass-stomp,Bluegrass Stomp,1,5,0
bluegrass-truck-driver,Bluegrass Truck Driver,0,0,0
blue-hawaii,Blue Hawaii,0,0,4
blue-heartaches,Blue Heartaches,0,0,1
blue-highway,Blue Highway,0,0,9
blue-house-painted-white,Blue House Painted White,0,0,1
blue-is-not-a-word,Blue Is Not A Word,0,1,0
blue-is-the-way-that-i-feel,Blue Is The Way That I Feel,0,2,1
blue-jungle,Blue Jungle,0,0,1
blue-kentucky-girl,Blue Kentucky Girl,0,1,1
blue-lights-and-bubbles,Blue Lights And Bubbles,0,0,1
blue-little-girl,Blue Little Girl,0,0,0
blue-lonely-winter,Blue Lonely Winter,0,0,0
blue-love,Blue Love,0,2,3
blue-love-lyrics-and-chords,Blue Love Lyrics and Chords,0,0,0
blue-melodies,Blue Melodies,0,0,0
blue-memories,Blue Memories,1,4,1
blue-mesa,Blue Mesa,0,1,0
blue-monday,Blue Monday,0,2,14
blue-mood,Blue Mood,0,0,8
blue-moon,Blue Moon,0,2,66
blue-moonlight,Blue Moonlight,0,0,1
blue-moon-of-kentucky-1,Blue Moon Of Kentucky,1,35,1
blue-must-be-the-color-of-the-blues,Blue Must Be The Color Of The Blues,0,0,0
blue-night,Blue Night,1,11,16
blue-prairie,Blue Prairie,1,1,1
blue-railroad-train,Blue Railroad Train,1,6,1
blue-rain-coming-down,Blue Rain Coming Down,0,0,0
blue-ridge-cabin-home,Blue Ridge Cabin Home,1,20,1
blue-ridge-mountain-blues,Blue Ridge Mountain Blues,1,14,2
blue-ridge-mountain-memories,Blue Ridge Mountain Memories,1,1,0
blue-ridge-mountain-song,Blue Ridge Mountain Song,0,1,0
blue-ridge-mountains-turning-green,Blue Ridge Mountains Turning Green,0,1,0
blue-ridge-mountains-turning-green-1,Blue Ridge Mountains Turning Green,0,1,0
blue-river,Blue River,0,1,6
blue-river-1,Blue River,0,1,6
blue-river-waltz,Blue River Waltz,1,1,0
blue-rose-of-the-rio-lyrics-and-chords,Blue Rose Of The Rio Lyrics and Chords,0,0,0
bluer-than-blue,Bluer Than Blue,0,1,3
bluer-than-blue-1,Bluer Than Blue,0,1,3
blues-ain-t-nothing,Blues Ain't Nothing,0,0,0
blues-ain-t-workin-on-me,Blues Ain't Workin' On Me,0,1,1
blues-are-settin-in-lyrics-chords,Blues Are Settin' In Lyrics Chords,0,0,0
blues-country-style,Blues Country Style,0,0,1
blue-sea,Blue Sea,0,0,4
blues-for-dixie,Blues For Dixie,0,2,1
blues-for-life,Blues For Life,0,0,1
blues-for-my-darling,Blues For My Darling,0,0,0
blues-for-your-own,Blues For Your Own,1,0,1
blue-shadows-on-the-trail,Blue Shadows On The Trail,0,1,1
blue-side,Blue Side,0,0,1
blue-side-of-heaven,Blue Side Of Heaven,0,1,0
blue-side-of-lonesome,Blue Side of Lonesome,0,1,1
blue-side-of-town,Blue Side Of Town,0,2,1
blues-in-advance,Blues in Advance,0,0,1
blues-in-my-heart,Blues in My Heart,0,0,2
blues-in-my-mind,Blues In My Mind,0,2,1
blue-skies,Blue Skies,0,3,42
blue-skies-again,Blue Skies Again,0,0,1
blue-skies-and-teardrops,Blue Skies And Teardrops,1,0,0
blue-skies-in-your-eyes,Blue Skies In Your Eyes,0,0,0
blue-skirt-waltz,Blue Skirt Waltz,0,1,1
blue-sky-cathedral,Blue Sky Cathedral,1,0,1
blues-man,Blues Man,0,2,5
blues-my-name,Blue’s My Name,0,0,0
blue-snowfall,Blue Snowfall,0,0,0
blue-snowflakes,Blue Snowflakes,0,0,0
blue-spanish-eyes-lyrics-and-chords,Blue Spanish Eyes Lyrics and Chords,0,0,0
blues-plus-booze,Blues Plus Booze,0,0,0
blues-stay-away-from-me,Blues Stay Away From Me,1,14,2
blue-steel,Blue Steel,0,0,2
bluest-heartache-of-the-year,Bluest Heartache Of The Year,0,0,0
blue-suede-shoes,Blue Suede Shoes,0,1,2
blue-texas-waltz,Blue Texas Waltz,0,0,0
blue-trail-of-sorrow,Blue Trail Of Sorrow,0,1,0
blue-train,Blue Train,0,2,15
blue-valley-songbird,Blue Valley Songbird,0,1,1
blue-velvet,Blue Velvet,0,0,11
blue-velvet-1,Blue Velvet,0,0,11
blue-velvet-band-lyrics-and-chords,Blue Velvet Band Lyrics and Chords,0,0,0
blue-virginia-blue,Blue Virginia Blue,1,1,0
blue-virginia-blues,Blue Virginia Blues,1,6,1
blue-winter,Blue Winter,0,0,3
blue-without-my-baby,Blue Without My Baby,0,0,1
blue-yodel-4,Blue Yodel #4,1,5,0
blue-yodel-number-three,Blue Yodel Number Three,1,0,0
boatman,Boatman,1,8,7
boat-of-life,Boat Of Life,0,0,1
boat-of-love,Boat Of Love,1,8,2
bob-away-my-blues,Bob Away My Blues,0,0,0
bobbi,Bobbi,0,0,0
bobbie-sue,Bobbie Sue,0,0,1
bobby-and-sarah,Bobby And Sarah,0,1,0
bobby-casey-s-reel,Bobby Casey's Reel,0,0,0
bobby-wants-a-puppy-dog-for-christmas,Bobby Wants A Puppy Dog For Christmas,0,0,1
bob-said-it-aw-and-called-it-western-swing,Bob Said It Aw (And Called It Western Swing),0,0,0
bob-s-got-a-swing-band-in-heaven-song,Bob's Got A Swing Band In Heaven Song,0,0,0
bob-taylor-s-march,Bob Taylor's March,0,0,0
bob-wills-is-still-the-king,Bob Wills Is Still the King,0,0,1
bo-diddley,Bo Diddley,0,0,5
body-and-mind,Body And Mind,0,0,2
body-and-soul,Body And Soul,1,14,21
boil-them-cabbages-down,Boil Them Cabbages Down,1,0,0
boll-weevil,Boll Weevil,1,8,4
bombed-boozed-and-busted,Bombed Boozed And Busted,0,0,0
bonaparte-crossing-the-rocky-mountains,Bonaparte Crossing the Rocky Mountains,1,0,0
bonaparte-s-retreat,Bonaparte's Retreat,1,29,3
bonapartes-retreat,Bonaparte’s Retreat,1,29,3
bonnie-b,Bonnie B,0,0,1
bonnie-blue-eyes,Bonnie Blue Eyes,1,1,0
bonnie-prince-charlie,Bonnie Prince Charlie,1,0,0
bony-smith-s-quadrille,Bony Smith's Quadrille,0,0,0
boobs,Boobs,0,0,3
boogie-grass-band,Boogie Grass Band,0,4,1
boogie-man,Boogie Man,0,0,15
boogie-till-the-cows-come-home,Boogie Till The Cows Come Home,0,0,0
booked-tonight-in-heaven,Booked Tonight In Heaven,0,0,0
book-of-love,Book Of Love,0,0,12
book-of-memories,Book Of Memories,0,0,3
booth-shot-lincoln,Booth Shot Lincoln,1,3,0
bootleg-john,Bootleg John,1,5,1
boots-of-spanish-leather,Boots of Spanish Leather,1,1,1
boppin-the-blues,Boppin' The Blues,0,0,2
border-of-the-blues,Border Of The Blues,0,0,0
bordertown-woman,Bordertown Woman,0,0,0
born-a-fool,Born A Fool,0,0,0
born-again-fool,Born Again Fool,1,1,0
born-a-woman,Born A Woman,0,1,3
born-country,Born Country,0,0,2
borne-on-the-wind,Borne On The Wind,0,0,3
born-for-trouble,Born For Trouble,0,0,1
born-in-country-music,Born in Country Music,0,0,0
born-loser,Born Loser,0,0,1
born-on-christmas-day,Born on Christmas Day,0,0,2
born-that-way,Born That Way,0,0,2
born-to-be-a-loser,Born To Be A Loser,0,0,0
born-to-be-happy,Born To Be Happy,0,0,0
born-to-be-lucky,Born To Be Lucky,0,0,1
born-to-be-with-you,Born to Be With You,1,6,2
born-to-be-with-you-lyrics-and-chords,Born to be With You Lyrics and Chords,1,0,0
born-to-boogie,Born To Boogie,0,1,5
born-to-lose,Born to Lose,0,2,16
born-to-love-me,Born To Love Me,0,0,1
born-to-love-me-1,Born To Love Me,0,0,1
born-to-love-you,Born To Love You,0,0,12
born-to-love-you-1,Born To Love You,0,0,12
born-to-run,Born To Run,0,0,8
born-to-serve-the-lord,Born To Serve The Lord,0,0,1
born-to-sing,Born To Sing,0,0,5
born-to-sing-the-blues,Born To Sing The Blues,0,0,1
born-with-a-hammer-in-my-hand-blue-highway,Born With a Hammer in My Hand,1,2,1
born-with-the-blues,Born With The Blues,0,0,2
born-yesterday,Born Yesterday,0,0,6
borrowed-angel,Borrowed Angel,0,2,1
borrowed-love,Borrowed Love,0,1,5
borrowed-wings,Borrowed Wings,0,0,0
borrowing,Borrowing,0,0,2
boscastle-breakdown,Boscastle Breakdown,0,0,2
bossier-city,Bossier City,0,0,2
bossier-city-backyard-blues,Bossier City Backyard Blues,0,0,0
boston-boy,Boston Boy,1,10,1
both-ends-of-the-candle,Both Ends Of The Candle,0,0,1
both-sides-now,Both Sides Now,0,6,2
both-sides-of-goodbye,Both Sides of Goodbye,0,0,0
both-sides-of-the-line,Both Sides Of The Line,0,0,2
bottle-bottle,Bottle Bottle,0,0,1
bottle-in-the-hand-is-much-stronger-than-the-man,Bottle In The Hand Is Much Stronger Than The Man,0,0,0
bottle-of-tears,Bottle Of Tears,0,0,1
bottle-of-wine,Bottle Of Wine,0,2,3
bottles-and-babies,Bottles And Babies,0,0,0
bottles-and-barstools,Bottles And Barstools,0,0,0
bottle-s-holdin-me,Bottle's Holdin' Me,0,0,0
bottle-take-effect,Bottle Take Effect,0,0,1
bottom-dollar,Bottom Dollar,0,2,2
boulder-to-birmingham,Boulder To Birmingham,0,6,1
bound-to-ride,Bound To Ride,1,22,1
bouquet-in-heaven,Bouquet In Heaven,1,4,1
bouquet-of-roses-lyrics-chords,Bouquet of Roses Lyrics Chords,0,0,0
bow-down-your-head-and-cry,Bow Down Your Head And Cry,0,0,0
bo-weevil,Bo Weevil,0,0,1
bowling-green,Bowling Green,0,7,3
bow-thy-head,Bow Thy Head,0,0,0
boxcar-blues,Boxcar Blues,0,0,0
boxcars-my-home,Boxcar’s My Home,0,0,0
box-of-rain,Box of Rain,1,0,2
box-seat-in-heaven,Box Seat In Heaven,0,1,0
boy-from-tupelo,Boy from Tupelo,0,0,1
boy-like-you,Boy Like You,0,0,1
boys-and-lucy-brown,Boys And Lucy Brown,0,0,0
boy-what-a-girl,Boy What A Girl,0,0,0
brahms-bethlehem-lullaby,Brahms Bethlehem Lullaby,0,0,0
brain-cloudy-blues,Brain Cloudy Blues,0,1,1
branded,Branded,0,2,26
branded-man,Branded Man,0,1,1
branded-wherever-i-go,Branded Wherever I Go,1,6,1
brand-new-baby,Brand New Baby,0,0,2
brand-new-broken-heart,Brand New Broken Heart,0,3,2
brand-new-dance,Brand New Dance,0,0,4
brand-new-heartache,Brand New Heartache,0,3,3
brand-new-heartache-1,Brand New Heartache,0,3,3
brand-new-low,Brand New Low,0,0,0
brand-new-me,Brand New Me,0,1,7
brand-new-mr-me,Brand New Mr. Me,0,0,0
brand-new-shoes,Brand New Shoes,0,3,1
brand-new-strings,Brand New Strings,0,0,0
brand-new-tennessee-waltz,Brand New Tennessee Waltz,1,5,1
brand-new-wrapper,Brand New Wrapper,0,0,0
brand-on-my-heart,Brand On My Heart,0,0,1
brave-apostles-twelve,Brave Apostles Twelve,0,1,0
bravest-cowboy,Bravest Cowboy,1,4,1
bread-for-the-body,Bread For The Body,0,0,1
break-away-break-away,Break Away Break Away,0,0,0
breakdown,Breakdown,0,0,101
breakdown-the,Breakdown (The),1,0,0
breaking-away,Breaking Away,0,0,17
breaking-bread,Breaking Bread,0,0,1
breaking-down,Breaking Down,0,0,10
breaking-in-a-brand-new-broken-heart,Breaking In A Brand New Broken Heart,0,0,0
breaking-in-another-heart,Breaking In Another Heart,0,0,0
breaking-the-rules,Breaking The Rules,0,0,5
breaking-up-christmas,Breaking Up Christmas,1,5,2
breakin-up-is-breakin-my-heart,Breakin’ Up Is Breakin' My Heart,0,0,1
break-it-to-me-gently,Break It To Me Gently,0,0,6
break-my-chain,Break My Chain,0,0,1
break-my-heart,Break My Heart,0,4,25
break-my-mind,Break My Mind,0,1,3
break-up-lyrics-and-chords,Break Up Lyrics and Chords,0,0,0
breathless,Breathless,0,1,66
breath-of-heaven-marys-song,Breath of Heaven (Mary’s Song),0,1,1
breeze,Breeze,0,0,75
breeze-blow-my-baby-back-to-me,Breeze Blow My Baby Back To Me,0,0,0
breezin-along-with-the-breeze,Breezin' Along With The Breeze,0,0,1
bridesmaid-schottische,Bridesmaid Schottische,0,0,0
bridge-of-love,Bridge Of Love,0,0,1
bridge-over-troubled-water,Bridge Over Troubled Water,0,3,1
bridges-and-walls,Bridges And Walls,0,0,0
bridge-to-memory-lane,Bridge To Memory Lane,0,0,0
bridge-washed-out,Bridge Washed Out,0,1,1
brighten-the-corner-where-you-are,Brighten The Corner Where You Are,0,2,1
brighter-mansions,Brighter Mansions,1,0,0
bright-lights-and-blonde-haired-women,Bright Lights and Blonde Haired Women,0,0,2
bright-lights-and-country-music,Bright Lights and Country Music,0,0,1
bright-lights-big-city,Bright Lights Big City,0,0,4
bright-morning-light,Bright Morning Light,0,0,1
bright-morning-stars,Bright Morning Stars,1,8,2
brilliancy,Brilliancy,1,5,2
bring-back-my-blue-eyed-boy,Bring Back My Blue Eyed Boy,1,3,1
bring-back-my-blue-eyed-boy-to-me,Bring Back My Blue Eyed Boy to Me,1,3,0
bring-back-my-peace-of-mind,Bring Back My Peace Of Mind,0,0,1
bring-back-my-sunshine,Bring Back My Sunshine,0,0,0
bring-back-the-springtime,Bring Back The Springtime,0,0,0
bring-back-the-waltzes,Bring Back The Waltzes,0,0,0
bring-back-your-love-to-me,Bring Back Your Love To Me,0,0,3
bring-christmas-home,Bring Christmas Home,0,0,0
bring-him-safely-home-to-me,Bring Him Safely Home To Me,0,1,1
bringing-in-the-georgia-mail,Bringing In The Georgia Mail,1,14,0
bringing-in-the-sheaves,Bringing In The Sheaves,0,2,1
bringing-it-home,Bringing It Home,0,0,1
bringing-mary-home,Bringing Mary Home,1,17,1
bring-it-on,Bring It On,0,1,41
bring-it-on-back-to-me,Bring It On Back To Me,0,0,1
bring-it-on-home-to-me,Bring It On Home To Me,0,1,1
bring-it-to-jesus,Bring It To Jesus,0,0,1
bring-me-back-my-heart,Bring Me Back My Heart,0,0,1
bring-me-my-memories-in-person,Bring Me My Memories In Person,0,0,0
bring-me-sunshine,Bring Me Sunshine,0,0,1
bring-on-the-blues,Bring On The Blues,1,0,0
bring-on-the-night,Bring On The Night,0,1,8
bring-some-of-it-home,Bring Some Of It Home,0,0,0
bring-your-heart-home,Bring Your Heart Home,0,0,1
bring-yourself-home,Bring Yourself Home,0,0,0
bring-your-sweet-self-back-to-me,Bring Your Sweet Self Back to Me,0,0,0
britches,Britches,0,0,1
british-grenadiers-1-the,British Grenadiers (1) (The),0,0,0
british-march,British March,0,0,0
broadminded,Broadminded,0,1,1
broad-minded-man,Broad Minded Man,0,0,0
brokedown-palace,Brokedown Palace,1,4,1
broken-candy-heart,Broken Candy Heart,0,0,0
broken-down-in-tiny-pieces,Broken Down In Tiny Pieces,0,0,0
broken-down-merry-go-round,Broken Down Merry Go Round,0,0,1
broken-down-merry-go-round-1,Broken Down Merry Go Round,0,0,1
broken-down-tramp,Broken Down Tramp,1,0,0
broken-engagement,Broken Engagement,1,5,0
broken-engagement-1,Broken Engagement,1,5,0
broken-heart,Broken Heart,0,0,54
broken-hearted-gypsy,Broken Hearted Gypsy,0,0,1
broken-hearted-lover,Broken Hearted Lover,0,2,3
broken-hearted-melody,Broken Hearted Melody,0,0,2
broken-heartsville,Broken Heartsville,0,0,0
broken-hearts-will-haunt-your-soul,Broken Hearts Will Haunt Your Soul,0,0,0
broken-lady,Broken Lady,0,0,1
broken-man,Broken Man,0,1,17
broken-man-s-lament,Broken Man's Lament,0,0,1
broken-marriage-vow,Broken Marriage Vow,0,0,0
broken-pieces-of-my-heart,Broken Pieces of My Heart,0,0,0
broken-promise-land,Broken Promise Land,0,1,4
broken-trust,Broken Trust,0,0,6
broken-wings,Broken Wings,0,0,34
brooklyn-bridge,Brooklyn Bridge,0,0,10
brooklyn-bridge-1,Brooklyn Bridge,0,0,10
brookside-hornpipe,Brookside Hornpipe,0,0,0
brother-bluebird,Brother Bluebird,0,0,0
brother-do-you-take-time-to-pray,Brother Do You Take Time To Pray,0,0,0
brother-i-m-getting-ready-to-go,Brother I'm Getting Ready To Go,1,4,0
brother-jack,Brother Jack,0,0,3
brother-john,Brother John,1,4,14
brother-jukebox,Brother Jukebox,0,0,1
brother-jukebox-1,Brother Jukebox,0,0,1
brotherly-love,Brotherly Love,0,0,16
brothers-of-the-highway,Brothers Of The Highway,0,1,1
brothers-strangers-and-friends,Brothers Strangers And Friends,0,0,0
brother-to-the-blues,Brother To The Blues,0,1,1
brother-to-the-blues-1,Brother To The Blues,0,1,1
brown-county-breakdown,Brown County Breakdown,1,8,1
brown-eyed-girl,Brown Eyed Girl,0,0,5
brown-eyed-handsome-man,Brown Eyed Handsome Man,0,3,1
brown-eyed-kentucky-girl,Brown Eyed Kentucky Girl,1,0,0
brown-eyed-women,Brown-Eyed Women,1,3,0
brown-mountain-light,Brown Mountain Light,1,5,1
brown-paper-bag,Brown Paper Bag,0,1,3
browns-ferry-blues,Brown’s Ferry Blues,1,14,1
brown-to-blue,Brown To Blue,0,0,1
brunswick-waltz,Brunswick Waltz,0,0,0
bubblegum-bandit,Bubblegum Bandit,0,0,0
bubbles-in-my-beer,Bubbles in my Beer,0,2,1
bubbling-in-my-soul,Bubbling In My Soul,0,1,0
bubbling-over,Bubbling Over,0,1,1
buck,Buck,0,0,8
buckaroos,Buckaroos,0,0,0
bucking-mule,Bucking Mule,1,8,0
buddies-in-the-saddle,Buddies In The Saddle,0,2,1
buenas-noches-from-a-lonely-room,Buenas Noches From A Lonely Room,0,0,1
buffalo-gals,Buffalo Gals,1,16,5
buffalo-nickle,Buffalo Nickle,0,0,0
bugle-call-from-heaven,Bugle Call From Heaven,0,0,0
buicks-to-the-moon,Buicks To The Moon,0,1,1
building-memories,Building Memories,0,0,2
building-memories-1,Building Memories,0,0,2
building-on-sand,Building On Sand,0,3,0
build-me-up-from-bones,Build Me Up From Bones,1,0,1
build-my-mansion,Build My Mansion,0,0,0
build-my-mansion-1,Build My Mansion,0,0,0
built-in-love,Built In Love,0,0,0
bully-of-the-town,Bully of the Town,1,18,1
bummin-an-old-freight-train,Bummin' An Old Freight Train,0,3,1
bumming-around-lyrics-and-chords,Bumming Around Lyrics and Chords,0,0,0
bunch-of-keys,Bunch of Keys,0,6,2
bundle-of-southern-sunshine,Bundle Of Southern Sunshine,0,0,1
buonaparte-crossing-the-rhine,Buonaparte Crossing the Rhine,0,0,0
burden-bearer,Burden Bearer,0,0,1
burden-of-freedom,Burden Of Freedom,0,0,1
burden-of-love,Burden Of Love,0,0,0
burdens-are-lifted-at-calvary,Burdens Are Lifted At Calvary,0,0,0
burgers-and-fries-and-cherry-pies,Burgers and Fries and Cherry Pies,0,0,0
buried-alive,Buried Alive,0,1,51
buried-treasure,Buried Treasure,0,1,6
burn-georgia-burn,Burn Georgia Burn,0,0,0
burning-a-hole-in-my-mind,Burning A Hole In My Mind,0,0,1
burning-an-old-memory,Burning an Old Memory,0,0,0
burning-bridges,Burning Bridges,0,0,45
burning-bridges-lyrics-chords,Burning Bridges Lyrics Chords,0,0,0
burning-down-the-town,Burning Down The Town,0,0,0
burning-inside,Burning Inside,0,0,7
burning-love,Burning Love,0,0,13
burning-memories,Burning Memories,0,0,1
burning-the-midnight-oil,Burning The Midnight Oil,0,1,2
burnin-the-honky-tonks-down,Burnin' The Honky Tonks Down,0,1,1
burnin-the-roadhouse-down,Burnin' the Roadhouse Down,0,0,1
burn-like-a-rocket,Burn Like A Rocket,0,0,0
burn-me-down,Burn Me Down,0,1,5
burn-one-down,Burn One Down,0,0,2
burnt-fingers,Burnt Fingers,0,0,0
burn-that-candle,Burn That Candle,0,0,1
bury-me,Bury Me,0,0,28
bury-me-beneath-the-pines,Bury Me Beneath The Pines,1,1,0
bury-me-beneath-the-weeping-willow,Bury Me Beneath The Weeping Willow,0,6,0
bury-me-beneath-the-willow,Bury Me Beneath The Willow,1,21,2
bury-me-deep,Bury Me Deep,0,0,3
bury-me-in-a-jukebox,Bury Me In A Jukebox,0,0,1
bury-me-not-on-the-lone-prairie,Bury Me Not on the Lone Prairie,0,3,0
bury-me-under-the-pines,Bury Me Under The Pines,0,0,0
bury-the-bottle-with-me,Bury The Bottle With Me,0,1,1
busy-makin-plans,Busy Makin' Plans,0,0,0
but-for-love-lyrics-chords,But For Love Lyrics Chords,0,0,0
but-for-the-grace-of-god,But For The Grace Of God,0,0,1
but-i-do,But I Do,0,4,7
but-i-do-1,But I Do,0,4,7
but-i-dropped-it,But I Dropped It,0,0,0
but-i-love-you-more,But I Love You More,0,0,2
but-i-was-lying,But I Was Lying,0,0,0
but-not-today,But Not Today,0,0,1
but-only-in-my-dreams,But Only In My Dreams,0,0,1
butter-beans,Butter Beans,0,0,0
butterfly-love,Butterfly Love,0,0,1
but-that-s-all-right,But That's All Right,0,0,0
buttons-and-bows,Buttons And Bows,0,1,1
but-where-are-you,But Where Are You,0,0,1
but-you-know-i-love-you,But You Know I Love You,0,3,1
but-you-love-me-daddy,But You Love Me Daddy,0,0,1
buying-time,Buying Time,0,0,4
buy-juanita-some-flowers,Buy Juanita Some Flowers,0,0,0
buy-me-a-rose,Buy Me A Rose,0,1,1
by-and-by,By and By,0,3,6
bye-baby-bye-bye,Bye Baby Bye Bye,0,0,0
bye-bye-baby,Bye Bye Baby,0,2,35
bye-bye-blackbird,Bye Bye Blackbird,0,1,3
bye-bye-blues,Bye Bye Blues,1,11,4
bye-bye-love,Bye Bye Love,1,5,12
by-heart,By Heart,0,0,5
by-the-hands-of-god,By The Hands Of God,0,0,0
by-the-light-of-a-burning-bridge,By The Light Of A Burning Bridge,0,0,0
by-the-light-of-the-silvery-moon,By The Light Of the Silvery Moon,0,0,1
by-the-mark,By The Mark,1,1,1
by-the-river-of-the-roses,By The River Of The Roses,0,0,0
by-the-side-of-the-road,By The Side Of The Road,0,7,1
by-the-sweat-of-my-brow,By The Sweat Of My Brow,0,1,1
by-the-time-i-get-to-phoenix,By The Time I Get To Phoenix,0,0,1
by-the-time-you-get-to-phoenix,By The Time You Get To Phoenix,0,0,0
by-the-touch-of-her-hand,By The Touch Of Her Hand,1,0,0
by-the-waters-of-minnetonka,By The Waters Of Minnetonka,0,0,1
by-the-way-i-still-love-you,By The Way (I Still Love You),0,0,1
by-your-side,By Your Side,0,1,71
cab-driver-lyrics-chords,Cab Driver Lyrics chords,0,0,0
cabin-home-on-the-hill,Cabin Home On The Hill,0,23,0
cabin-in-caroline,Cabin In Caroline,1,15,0
cabin-of-love,Cabin Of Love,1,8,1
cabin-on-a-mountain,Cabin On A Mountain,0,2,1
cabin-on-the-hill,Cabin On The Hill,1,11,3
cadillac-in-model-a,Cadillac In Model A,0,0,0
cadillac-jack-favor,Cadillac Jack Favor,0,0,1
cadillac-lane,Cadillac Lane,0,0,1
cadillac-style,Cadillac Style,0,0,1
cajun-baby,Cajun Baby,0,0,1
cajun-moon,Cajun Moon,0,1,1
caleb-meyer,Caleb Meyer,1,4,1
calgary,Calgary,0,2,6
calgary-snow,Calgary Snow,0,0,1
california,California,0,5,130
california-blue,California Blue,0,0,2
california-blues,California Blues,1,9,5
california-blues-blue-yodel-no-4,California Blues (Blue Yodel No. 4),1,2,0
california-cotton-fields,California Cotton Fields,0,3,1
california-cottonfields,California Cottonfields,0,8,0
california-dream,California Dream,0,0,2
california-dreams,California Dreams,0,0,1
california-on-my-mind,California On My Mind,0,0,3
california-road,California Road,0,0,0
california-sunshine,California Sunshine,0,0,6
california-zephyr,California Zephyr,0,2,1
call-him-me,Call Him Me,0,0,0
callin-baton-rouge,Callin' Baton Rouge,0,1,1
calling-all-angels,Calling All Angels,0,0,4
calling-from-heaven,Calling From Heaven,0,1,2
calling-mary-names,Calling Mary Names,0,0,0
calling-my-children-home,Calling My Children Home,0,3,1
calling-you,Calling You,0,4,19
callin-your-name,Callin' Your Name,0,3,0
calliope-house,Calliope House,1,0,1
call-it-what-you-want,Call It What You Want,0,0,8
call-me,Call Me,0,3,101
call-me-crazy,Call Me Crazy,0,0,5
call-me-long-gone,Call Me Long Gone,1,1,0
call-me-mr-in-between,Call Me Mr. In Between,0,0,0
call-me-mr-lost,Call Me Mr. Lost,0,0,0
call-me-shorty,Call Me Shorty,0,0,0
call-me-the-breeze,Call Me The Breeze,0,4,2
call-me-up-and-i-ll-come-calling-on-you,Call Me Up And I'll Come Calling On You,0,0,0
call-me-up-the-phone-is-in-the-cradle,Call Me Up (The Phone Is In The Cradle),0,0,1
call-me-your-sweetheart,Call Me Your Sweetheart,0,0,0
call-of-the-canyon,Call Of The Canyon,0,0,1
call-of-the-wine,Call Of The Wine,0,0,0
call-on-god,Call On God,0,0,2
call-on-me,Call On Me,0,0,40
call-your-mother,Call Your Mother,0,0,3
calm-the-storm,Calm The Storm,0,0,2
calum-s-road,Calum's Road,0,0,0
camelia,Camelia,0,0,4
camping-in-canaans-land,Camping In Canaan’s Land,0,3,1
camptown-races,Camptown Races,1,5,4
canaan-s-land,Canaan's Land,0,4,1
canadian-pacific,Canadian Pacific,0,0,1
canadian-sunset,Canadian Sunset,0,0,1
canadian-waltz,Canadian Waltz,1,0,0
canadian-women-canadian-clubs,Canadian Women Canadian Clubs,0,0,0
can-angels-fly-over-the-rockies,Can Angels Fly Over The Rockies,0,0,0
cancel-tomorrow,Cancel Tomorrow,0,0,1
candlelight-world,Candlelight World,0,0,0
candy-and-roses,Candy And Roses,0,0,0
candy-apple-red,Candy Apple Red,0,0,4
candy-coated-kisses,Candy Coated Kisses,0,0,1
candy-girl,Candy Girl,1,1,15
candy-in-the-window,Candy In The Window,0,0,1
candy-jones,Candy Jones,0,0,1
candy-kisses,Candy Kisses,0,0,2
candyland,Candyland,0,0,11
candy-man,Candy Man,0,3,17
can-i-be-dreaming,Can I Be Dreaming,0,0,0
can-i-come-home-to-you,Can I Come Home To You,0,0,1
can-i-come-on-home-to-you,Can I Come On Home To You,0,0,1
can-i-count-on-you,Can I Count on You,0,0,0
can-i-draw-the-line,Can I Draw The Line,0,0,0
can-i-have-what-s-left,Can I Have What's Left,0,0,0
can-i-see-you-tonight,Can I See You Tonight,0,0,1
can-i-sing-a-christmas-song-for-you,Can I Sing A Christmas Song For You,0,0,1
can-i-sleep-in-your-arms,Can I Sleep in Your Arms,0,0,0
can-i-trust-you-with-my-heart,Can I Trust You With My Heart,0,0,0
cannonball-blues,Cannonball Blues,1,15,1
cannonball-blues-aka-solid-gone,Cannonball Blues (aka Solid Gone),1,0,0
cannonball-the,"Cannonball, The",0,0,0
can-somebody-hear-me-now,Can Somebody Hear Me Now,0,0,1
can-t-break-it-to-my-heart,Can't Break It To My Heart,0,0,1
cant-break-the-habit,Can’t Break The Habit,0,0,1
can-t-buy-me-love,Can't Buy Me Love,0,1,3
can-t-control-the-wind,Can't Control The Wind,0,1,1
can-t-even-get-the-blues-no-more,Can't Even Get The Blues No More,0,0,0
can-t-forget-about-you,Can't Forget About You,0,0,1
can-t-get-enough-of-texas,Can't Get Enough of Texas,0,0,1
can-t-get-too-much-of-a-good-thing,Can't Get Too Much Of A Good Thing,0,0,0
can-t-go-on-without-you,Can't Go On Without You,0,0,0
can-t-hang-up-the-phone,Can't Hang Up The Phone,0,0,0
can-t-have-one-without-the-other,Can't Have One Without The Other,0,0,0
can-t-help-but-wonder,Can't Help But Wonder,0,0,1
cant-help-falling-in-love,Can’t Help Falling In Love,0,1,4
can-t-hurt-a-man,Can't Hurt A Man,0,0,0
cant-nobody-love-you,Can’t Nobody Love You,0,0,1
can-t-nobody-say-i-didn-t-try,Can't Nobody Say I Didn't Try,0,0,0
can-t-say-goodbye,Can't Say Goodbye,0,4,4
can-t-stop-loving-you,Can't Stop Loving You,0,2,5
can-t-stop-myself-from-loving-you-lyrics-and-chords,Can't Stop Myself From Loving You Lyrics and Chords,1,0,0
cant-stop-now,Can't Stop Now,1,4,7
can-t-take-my-eyes-off-of-you,Can't Take My Eyes Off Of You,0,0,0
cant-you-find-it-in-your-heart-lyrics-chords,Can’t You Find It In Your Heart Lyrics Chords,0,0,0
cant-you-hear-me-callin,Can't You Hear Me Callin',1,13,2
cant-you-hear-me-calling,Can’t You Hear Me Calling,1,17,0
can-t-you-hear-me-calling-1,Can't You Hear Me Calling,1,17,0
can-t-you-hear-me-call-your-name,Can't You Hear Me Call Your Name,0,0,0
can-t-you-love-me-just-a-little,Can't You Love Me Just A Little,0,0,0
can-t-you-see,Can't You See,0,2,31
can-t-you-take-it-back-and-change-it-for-a-boy,Can't You Take It Back And Change It For A Boy,0,0,0
can-you-build-your-house-on-another-mans-grave,Can You Build Your House (On Another Man’s Grave),0,0,0
can-you-forgive,Can You Forgive,0,2,2
can-you-hear-me-now,Can You Hear Me Now?,1,0,2
can-you-match-that-kind-of-love,Can You Match That Kind Of Love,0,0,0
can-you-run,Can You Run,1,1,0
can-you-tell-me,Can You Tell Me,0,0,3
captain-santa-claus,Captain Santa Claus,0,0,0
card-carryin-fool,Card Carryin' Fool,0,0,0
carefree-moments,Carefree Moments,0,0,0
careless-darling,Careless Darling,0,0,0
careless-hands,Careless Hands,0,1,3
careless-hands-lyrics-and-chords,Careless Hands Lyrics and Chords,0,0,0
careless-kisses,Careless Kisses,0,0,0
careless-love,Careless Love,1,21,10
car-hoppin-mama,Car Hoppin’ Mama,0,0,0
caribbean,Caribbean,0,1,3
carmel-by-the-sea-lyrics-and-chords,Carmel by the Sea Lyrics and Chords,0,0,0
carmen,Carmen,0,0,40
carny-town,Carny Town,0,0,1
carolina-country-morning,Carolina Country Morning,0,0,0
carolina-dreams,Carolina Dreams,0,0,0
carolina-in-my-mind,Carolina in My Mind,1,6,1
carolina-in-the-morning,Carolina In The Morning,0,0,2
carolina-in-the-pines,Carolina In The Pines,1,5,1
carolina-moon,Carolina Moon,0,1,2
carolina-morning,Carolina Morning,0,0,2
carolina-mountain-dew,Carolina Mountain Dew,0,0,0
carolina-mountain-home,Carolina Mountain Home,1,5,1
carolina-pines,Carolina Pines,1,0,2
carolina-star,Carolina Star,0,3,1
carolina-star-1,Carolina Star,0,3,1
carolina-sunshine-girl,Carolina  Sunshine Girl,0,7,0
caroline,Caroline,1,7,91
carol-jane,Carol Jane,0,0,1
carol-of-the-bells,Carol of the Bells,1,8,18
carols-those-kids-used-to-sing,Carols Those Kids Used To Sing,0,0,0
carolyn,Carolyn,0,1,13
carolyn-at-the-broken-wheel-inn,Carolyn At The Broken Wheel Inn,0,2,1
carolyn-the-teenage-queen,Carolyn The Teenage Queen,0,1,0
carpet-on-the-floor,Carpet On The Floor,0,0,0
carrie-brown,Carrie Brown,1,3,1
carried-away,Carried Away,0,0,31
carried-away-1,Carried Away,0,0,31
carroll-county-accident,Carroll County Accident,0,1,1
carrolltown-breakdown,Carrolltown Breakdown,0,0,0
carrying-your-love-with-me,Carrying Your Love With Me,0,0,1
carryin-on-this-way,Carryin' On This Way,0,0,0
carry-me-across-the-mountain,Carry Me Across The Mountain,0,1,1
carry-me-back,Carry Me Back,0,3,6
carry-me-back-to-old-virginia,Carry Me Back To Old Virginia,0,1,1
carry-me-back-to-the-bluegrass,Carry Me Back To The Bluegrass,1,0,1
carry-me-back-to-the-lone-prairie,Carry Me Back To The Lone Prairie,1,0,0
carry-me-back-to-the-lone-prairie-1,Carry Me Back To The Lone Prairie,1,0,0
carry-me-back-to-the-mountains,Carry Me Back To The Mountains,1,2,0
cars,Cars,0,0,10
carters-blues,Carter's Blues,1,4,1
case-of-sorrow,Case of Sorrow,0,0,0
casey-jones,Casey Jones,1,15,5
casey-jones-was-his-name,Casey Jones Was His Name,0,0,0
casey-s-last-ride,Casey's Last Ride,0,3,1
cash-on-the-barrelhead,Cash on the Barrelhead,1,8,1
cassidy,Cassidy,1,2,1
castaway-heart,Castaway Heart,0,0,0
casting-my-shadow-in-the-road,Casting My Shadow In The Road,0,2,0
castle-of-shame,Castle Of Shame,0,0,0
catalog-dreams,Catalog Dreams,0,0,1
catch-the-wind,Catch The Wind,0,4,11
catfish-bates,Catfish Bates,0,0,1
catfish-john,Catfish John,1,8,2
cathy-s-clown,Cathy's Clown,0,2,2
cattle-call,Cattle Call,0,2,1
cattle-call-waltz,Cattle Call Waltz,0,0,0
cattle-in-the-cane,Cattle In The Cane,1,12,1
caught-between-the-rock-and-a-soft-place,Caught Between The Rock And A Soft Place,0,0,0
caught-in-the-crossfire,Caught In The Crossfire,0,1,6
caught-in-the-middle,Caught In The Middle,0,0,17
caught-in-the-middle-of-two-hearts,Caught In The Middle Of Two Hearts,0,0,0
cause-i-do,Cause I Do,0,0,0
cause-i-have-you,Cause I Have You,0,0,0
cause-i-love-you,Cause I Love You,0,1,6
cause-i-love-you-1,Cause I Love You,0,1,6
cause-i-love-you-so-lyrics-and-chords,Cause I Love You So Lyrics and Chords,0,0,0
cause-i-m-in-love,Cause I'm In Love,0,0,0
c-c-waterback,C C Waterback,0,0,1
cedar-hill,Cedar Hill,1,5,2
certain,Certain,0,1,2
certain-kind-of-hurtin,Certain Kind Of Hurtin',0,0,0
chained-to-a-memory,Chained to a Memory,0,0,2
chain-gang,Chain Gang,0,3,9
chain-of-love,Chain Of Love,0,0,13
chains,Chains,0,2,50
chains-of-love,Chains Of Love,0,0,16
chairman-of-the-board,Chairman Of The Board,0,0,4
chalk-up-another-one,Chalk Up Another One,1,4,1
champagne-ladies-and-blue-ribbon-babies,Champagne Ladies And Blue Ribbon Babies,0,0,1
chance-i-had-to-take,Chance I Had To Take,0,0,1
chandelier-of-stars,Chandelier Of Stars,0,0,2
change,Change,0,6,216
changed-my-mind,Changed My Mind,0,0,2
change-her-mind,Change Her Mind,0,3,0
change-my-mind,Change My Mind,0,3,17
change-of-heart,Change Of Heart,0,2,53
change-of-heart-1,Change Of Heart,0,2,53
change-of-heart-lyrics-chords,Change of Heart Lyrics Chords,0,0,0
changes,Changes,0,3,155
changes-coming-on,Changes Coming On,0,0,0
changes-of-love,Changes Of Love,0,0,0
change-that-dial,Change That Dial,0,0,1
changing-partners,Changing Partners,0,2,1
changing-skies,Changing Skies,0,0,3
changin-my-mind,Changin' My Mind,0,0,1
chapel-bells,Chapel Bells,0,0,0
charles-guiteau,Charles Guiteau,1,0,1
charleston-girl,Charleston Girl,1,0,0
charleston-railroad,Charleston Railroad,0,0,0
charley-is-my-name,Charley Is My Name,0,0,1
charley-s-picture,Charley's Picture,0,0,1
charlie-and-nellie,Charlie And Nellie,1,1,0
charlie-pride-lyrics,Charlie Pride Lyrics,0,0,0
charlie-s-angel,Charlie's Angel,0,0,0
charlie-s-shoes,Charlie's Shoes,0,0,1
charlotte-s-in-north-carolina,Charlotte's in North Carolina,0,0,0
charmaine,Charmaine,1,4,7
charmin-betsy,Charmin’ Betsy,0,3,1
charming-beauty-bright,Charming Beauty Bright,1,0,1
chase-the-feeling,Chase the Feeling,0,1,1
chasin-a-rainbow,Chasin' A Rainbow,0,0,0
chasing-memories,Chasing Memories,0,0,1
chasin-that-neon-rainbow,Chasin' That Neon Rainbow,0,1,1
chattahoochee,Chattahoochee,0,1,2
chattanooga-choo-choo,Chattanooga Choo Choo,0,0,2
chattanooga-dog,Chattanooga Dog,0,3,1
chattanooga-shoeshine-boy,Chattanooga Shoeshine Boy,0,0,0
chattin-with-a-chick-in-chattanooga,Chattin' With A Chick In Chattanooga,0,0,0
cheap-imitation,Cheap Imitation,0,0,2
cheap-love-affair,Cheap Love Affair,1,5,1
cheap-thrills,Cheap Thrills,0,0,9
cheap-whiskey,Cheap Whiskey,0,2,1
cheated-out-of-love,Cheated Out Of Love,0,0,1
cheated-too,Cheated Too,0,0,1
cheater-s-kit,Cheater's Kit,0,0,0
cheaters-never-win,Cheaters Never Win,0,0,0
cheaters-never-win-1,Cheaters Never Win,0,0,0
cheatin,Cheatin',0,0,5
cheatin-fire,Cheatin' Fire,0,0,0
cheating-fire,Cheating Fire,0,0,0
cheating-is,Cheating Is,0,0,0
cheating-is-in-style,Cheating Is In Style,0,0,0
cheating-on-a-cheater,Cheating On A Cheater,0,0,0
cheating-river,Cheating River,0,0,0
cheating-s-a-sin-lyrics-and-chords,Cheating's a Sin Lyrics and Chords,0,0,0
cheating-wife-again,Cheating Wife Again,0,0,0
cheatin-kind-of-life,Cheatin' Kind Of Life,0,0,0
cheatin-s-the-same,Cheatin's The Same,0,0,0
check-yes-or-no,Check Yes Or No,0,0,1
cherokee-boogie,Cherokee Boogie,0,0,1
cherokee-fiddle,Cherokee Fiddle,0,4,1
cherokee-fiddle-1,Cherokee Fiddle,0,4,1
cherokee-maiden,Cherokee Maiden,0,1,1
cherokee-polka,Cherokee Polka,0,1,0
cherokee-rose,Cherokee Rose,0,1,1
cherokee-shuffle,Cherokee Shuffle,1,18,1
cherry-river-line,Cherry River Line,1,1,0
chewing-gum,Chewing Gum,0,3,14
chew-tobacco-rag,Chew Tobacco Rag,0,1,0
cheyenne,Cheyenne,1,16,24
cheyenne-waltz,Cheyenne Waltz,1,0,0
chicago-glide,Chicago Glide,0,0,0
chicken-every-sunday,Chicken Every Sunday,0,1,2
chicken-hearted,Chicken Hearted,0,0,1
chicken-reel,Chicken Reel,1,23,5
chickens-under-the-back-porch,Chickens under the Back Porch,0,1,0
chicken-truck,Chicken Truck,0,0,1
chicken-wire,Chicken Wire,1,1,2
childish-love,Childish Love,1,8,1
child-of-god,Child Of God,0,2,9
child-of-mine,Child Of Mine,0,0,7
child-of-the-fifties,Child Of The Fifties,0,0,0
child-of-the-king,Child Of The King,0,1,2
children,Children,0,0,52
children-1,Children,0,0,52
children-are-crying-and-calling-your-name,Children Are Crying And Calling Your Name,1,0,0
children-go-where-i-send-thee,Children Go Where I Send Thee,0,4,2
children-of-my-mind,Children Of My Mind,0,0,1
chill-factor,Chill Factor,0,0,3
chilly-winds,Chilly Winds,1,9,3
china-doll,China Doll,0,2,13
china-doll-lyrics-chords,China Doll Lyrics Chords,0,0,0
chinese-breakdown,Chinese Breakdown,1,9,0
chinky-pin,Chinky Pin,0,1,0
chinquapin,Chinquapin,0,4,0
chip-off-the-chip-off-the-old-block,Chip Off The Chip Off The Old Block,0,0,1
chiseled-in-stone,Chiseled In Stone,0,0,2
chiseled-in-the-wall,Chiseled In The Wall,0,0,0
chittlin-cookin-time-in-cheatham-county,Chittlin’ Cookin’ Time In Cheatham County,0,2,0
choices,Choices,1,2,45
christina,Christina,0,1,16
christine-leroy,Christine LeRoy,1,0,0
christ-is-my-sunshine,Christ Is My Sunshine,0,0,0
c-h-r-i-s-t-m-a-s,C-H-R-I-S-T-M-A-S,0,1,2
c-h-r-i-s-t-m-a-s-1,C-H-R-I-S-T-M-A-S,0,1,2
christmas-ain-t-christmas-without-you,Christmas Ain't Christmas Without You,0,0,1
christmas-ain-t-like-christmas-anymore-lyrics-and-chords,Christmas Ain't Like Christmas Anymore Lyrics and Chords,0,0,0
christmas-all-year-long,Christmas All Year Long,0,0,0
christmas-alone,Christmas Alone,0,0,3
christmas-and-love,Christmas And Love,0,0,1
christmas-angel,Christmas Angel,0,0,3
christmas-at-home,Christmas At Home,1,0,1
christmas-at-home-1,Christmas At Home,0,0,1
christmas-at-the-jersey-lilly-lounge,Christmas At The Jersey Lilly Lounge,0,0,0
christmas-cannonball,Christmas Cannonball,0,0,1
christmas-can-t-be-far-away,Christmas Can't Be Far Away,0,0,1
christmas-carol,Christmas Carol,0,1,27
christmas-carols-by-the-old-corral,Christmas Carols By The Old Corral,0,0,1
christmas-clock,Christmas Clock,0,0,1
christmas-cookies,Christmas Cookies,0,0,2
christmas-country-style,Christmas Country Style,0,0,0
christmas-day-at-my-house,Christmas Day At My House,0,1,1
christmas-dinner,Christmas Dinner,0,1,2
christmas-don-t-seem-like-christmas-anymore,Christmas Don't Seem Like Christmas Anymore,0,0,0
christmas-dream,Christmas Dream,0,0,6
christmas-eve,Christmas Eve,0,3,32
christmas-eve-can-kill-you,Christmas Eve Can Kill You,0,0,1
christmas-everyday,Christmas Everyday,0,1,3
christmas-for-cowboys,Christmas for Cowboys,0,0,1
christmas-in-america,Christmas in America,0,0,3
christmas-in-cabo-san-lucas,Christmas In Cabo San Lucas,0,0,0
christmas-in-dixie,Christmas in Dixie,0,0,1
christmas-in-heaven,Christmas In Heaven,0,0,3
christmas-in-killarney,Christmas In Killarney,0,0,1
christmas-in-my-home-town,Christmas In My Home Town,0,0,2
christmas-in-my-hometown,Christmas In My Hometown,0,1,0
christmas-in-my-smokey-mountain-home,Christmas In My Smokey Mountain Home,0,0,0
christmas-in-the-country,Christmas In The Country,0,0,1
christmas-in-the-mountains,Christmas In The Mountains,0,1,1
christmas-in-the-mountains-1,Christmas In The Mountains,0,1,1
christmas-in-your-arms,Christmas In Your Arms,0,0,1
christmas-is,Christmas Is,0,1,5
christmas-is-a-special-day,Christmas Is a Special Day,0,0,0
christmas-is-for-kids,Christmas Is For Kids,0,0,1
christmas-is-holy,Christmas Is Holy,0,0,0
christmas-is-just-another-day,Christmas Is Just Another Day,0,0,2
christmas-island,Christmas Island,0,0,6
christmas-is-love,Christmas Is Love,0,0,3
christmas-is-near,Christmas Is Near,0,4,1
christmas-is-the-warmest-time-of-the-year,Christmas Is The Warmest Time Of The Year,0,0,1
christmas-kisses,Christmas Kisses,0,0,1
christmas-letter,Christmas Letter,1,0,2
christmas-long-ago,Christmas Long Ago,0,0,1
christmas-means-jesus-to-me,Christmas Means Jesus To Me,0,0,0
christmas-memories,Christmas Memories,0,2,8
christmas-memories-1,Christmas Memories,0,2,8
christmas-on-tv,Christmas On TV,0,0,1
christmas-prayer,Christmas Prayer,0,0,5
christmas-rock,Christmas Rock,0,0,2
christmas-roses,Christmas Roses,0,1,2
christmas-shopping,Christmas Shopping,0,0,2
christmas-time,Christmas Time,0,2,17
christmas-time-1,Christmas Time,0,2,17
christmas-time-at-grandma-s-house,Christmas Time At Grandma's House,0,0,0
christmas-time-back-home,Christmas Time Back Home,0,1,1
christmas-time-in-texas,Christmas Time In Texas,0,0,2
christmas-time-is-coming,Christmas Time Is Coming,0,0,1
christmas-time-is-here-again,Christmas Time Is Here Again,0,0,1
christmas-time-is-near,Christmas Time Is Near,0,1,2
christmas-time-on-rocky-top,Christmas Time On Rocky Top,0,1,1
christmas-times-a-comin,Christmas Time's a Comin',1,22,0
christmas-time-s-a-coming,Christmas Time's A Coming,1,18,1
christmas-to-christmas,Christmas To Christmas,0,0,1
christmas-to-me,Christmas To Me,0,1,1
christmas-train,Christmas Train,0,0,4
christmas-will-be-just-another-lonely-day,Christmas Will Be Just Another Lonely Day,0,0,0
christmas-wishes,Christmas Wishes,0,0,1
christmas-without-an-angel,Christmas Without An Angel,0,0,1
christmas-without-daddy,Christmas Without Daddy,0,0,0
christmas-without-you,Christmas Without You,0,1,10
christmas-with-you,Christmas With You,0,0,3
christmas-won-t-be-christmas-without-you-here,Christmas Won't Be Christmas (Without You Here),0,0,0
christmas-would-come-twice-a-year,Christmas Would Come Twice A Year,0,0,0
christy-christmas,Christy Christmas,0,0,1
chuckaluck,Chuckaluck,0,0,0
chug-a-lug,Chug-a-lug,0,1,2
church-at-the-wagon,Church At The Wagon,0,0,0
church-behind-the-wall,Church Behind The Wall,0,0,0
church-by-the-side-of-the-road,Church By The Side Of The Road,0,1,0
church-in-the-wildwood-the,"Church In The Wildwood, The",1,0,0
church-street-blues,Church Street Blues,1,8,1
cigarette-and-coffee-blues,Cigarette and Coffee Blues,0,0,0
cigarettes-whiskey-and-wild-wild-women,Cigarettes Whiskey and Wild Wild Women,0,0,0
cigarettes-whiskey-and-wild-women,"Cigarettes, whiskey and wild women",1,0,0
cimarron-roll-on,Cimarron Roll On,0,0,1
cincinnati-jail,Cincinnati Jail,0,0,1
cincinnati-lou,Cincinnati Lou,0,0,1
cincinnati-ohio-lyrics-and-chords,Cincinnati Ohio Lyrics and Chords,0,0,0
cincinnati-rag,Cincinnati Rag,1,7,1
cinderella,Cinderella,0,1,53
cindy,Cindy,1,15,15
cindy-of-new-orleans,Cindy Of New Orleans,1,0,1
cindy-oh-cindy,Cindy Oh Cindy,0,0,3
cindys-gonna-cry,Cindy’s Gonna Cry,0,0,1
circle-driveway,Circle Driveway,0,0,1
circle-in-triangle,Circle In Triangle,0,0,0
circle-of-friends,Circle of Friends,0,1,5
circle-of-friends-1,Circle Of Friends,0,1,5
circumstances,Circumstances,0,0,8
circus-jig,Circus Jig,0,0,0
city-folks-call-us-poor,City Folks Call Us Poor,0,1,0
city-lights,City Lights,0,1,94
city-limits-of-heaven,City Limits Of Heaven,0,0,0
city-of-gold,City of Gold,0,1,14
city-of-new-orleans,City of New Orleans,1,9,1
clap-your-hands,Clap Your Hands,0,0,28
classic-case-of-the-blues,Classic Case Of The Blues,0,0,1
class-of-49,Class Of '49,0,0,0
class-of-57,Class Of '57,0,1,1
claudette,Claudette,0,0,6
clean-up-your-own-backyard,Clean Up Your Own Backyard,0,0,1
clean-your-own-tables,Clean Your Own Tables,0,0,1
clear-across-america-tonight,Clear Across America Tonight,0,0,1
clear-water-blues,Clear Water Blues,0,0,0
clementine,Clementine,1,1,24
cliffs-of-moher,Cliffs of Moher,1,0,4
climb-higher,Climb Higher,0,0,0
climbing-up-the-mountain,Climbing Up The Mountain,0,2,1
climb-up-the-ladder-of-love,Climb Up The Ladder Of Love,0,0,0
clinch-mountain-backstep,Clinch Mountain Backstep,1,23,1
clinch-mountain-blues,Clinch Mountain Blues,1,1,1
clinging-to-a-saving-hand,Clinging To A Saving Hand,0,4,1
clinging-vine,Clinging Vine,0,1,2
clingin-to-my-baby-s-hand,Clingin' To My Baby's Hand,0,0,0
cling-to-me-chords,Cling To Me chords,0,0,0
clock-on-the-wall,Clock On The Wall,0,1,3
clocks,Clocks,0,0,33
close-all-the-honky-tonks,Close All The Honky Tonks,0,0,0
close-by,Close By,1,11,3
closed-for-repairs,Closed For Repairs,0,0,1
close-enough-for-lonesome,Close Enough For Lonesome,0,0,0
close-enough-to-love,Close Enough To Love,0,0,0
closer,Closer,0,1,199
closer-by-the-hour,Closer By The Hour,0,1,1
closer-than-ever,Closer Than Ever,0,0,3
closer-than-i-ve-ever-been-before,Closer Than I've Ever Been Before,0,0,0
closer-to-god-than-ever-before,Closer To God Than Ever Before,0,1,0
closer-to-the-bone,Closer To The Bone,0,1,1
closest-thing-to-perfect,Closest Thing To Perfect,0,0,0
close-the-door-lightly,Close The Door Lightly,0,3,0
close-to-linda,Close To Linda,0,0,0
close-up-the-honky-tonks,Close Up The Honky Tonks,0,0,1
closing-time-till-dawn,Closing Time Till Dawn,0,0,0
cloudy-day,Cloudy Day,0,0,11
cloudy-days,Cloudy Days,0,1,5
cluck-old-hen,Cluck Old Hen,1,35,2
c-mon-everybody,C'mon Everybody,0,0,6
c-mon-sixty-five,C'mon Sixty Five,0,0,0
coal-miners-blues,Coal Miner’s Blues,1,7,1
coal-miners-daughter,Coal Miners Daughter,0,0,0
coal-smoke-valve-oil-and-steam,Coal Smoke Valve Oil And Steam,0,0,1
coastline-charlie,Coastline Charlie,0,0,0
coast-of-colorado,Coast Of Colorado,0,0,0
coast-to-coast,Coast to Coast,0,1,26
coat-of-many-colors,Coat Of Many Colors,1,4,3
cobbler-3-polka-the,Cobbler (3) (Polka) (The),0,0,0
cobblestone-mountain,Cobblestone Mountain,0,0,1
coca-cola-cowboy-chords,Coca Cola Cowboy chords,0,0,0
cocaine-blues,Cocaine Blues,1,5,5
cocktails,Cocktails,0,1,10
cody-wyoming,Cody Wyoming,0,0,0
coffee-brown-eyes,Coffee Brown Eyes,0,0,0
coffee-cup,Coffee Cup,0,1,3
coke-county,Coke County,0,0,0
cold-and-lonely-city,Cold And Lonely City,0,0,1
cold-and-lonely-lyrics-and-chords,Cold And Lonely Lyrics and Chords,0,0,0
cold-beer-signs-and-country-songs,Cold Beer Signs And Country Songs,0,0,0
cold-brown-bottle,Cold Brown Bottle,0,0,0
cold-cheaters-heart,Cold Cheater’s Heart,0,1,0
cold-coffee-morning,Cold Coffee Morning,0,0,0
cold-cold-hands,Cold Cold Hands,0,0,2
cold-cold-heart,Cold Cold Heart,0,4,6
cold-dark-waters,Cold Dark Waters,0,0,0
cold-day-in-july,Cold Day In July,0,1,1
cold-empty-arms-lyrics-chords,Cold Empty Arms Lyrics Chords,0,0,0
colder-than-winter,Colder Than Winter,0,1,1
coldest-bedroom,Coldest Bedroom,0,0,0
cold-feet,Cold Feet,0,2,18
cold-gray-light-of-gone,Cold Gray Light Of Gone,0,2,1
cold-gray-tomb-of-stone,Cold Gray Tomb of Stone,0,0,0
cold-hard-facts-of-life,Cold Hard Facts Of Life,0,0,2
cold-hard-rain,Cold Hard Rain,1,0,1
cold-heart,Cold Heart,1,0,12
cold-icey-fingers,Cold Icey Fingers,0,0,0
cold-lonely-feeling,Cold Lonely Feeling,0,0,1
cold-on-the-shoulder,Cold On The Shoulder,1,3,1
cold-rain-and-snow,Cold Rain and Snow,1,7,2
cold-shoulder,Cold Shoulder,0,0,16
cold-shoulder-1,Cold Shoulder,0,0,16
cold-summer-day-in-georgia,Cold Summer Day In Georgia,0,1,1
cold-wind,Cold Wind,1,4,14
cold-winds-blow,Cold Winds Blow,0,0,0
cold-windy-city-of-chicago,Cold Windy City Of Chicago,0,0,0
collection-of-failures,Collection Of Failures,0,0,0
colleen-malone,Colleen Malone,1,7,1
colonel-maggie,Colonel Maggie,0,0,1
colorado,Colorado,0,2,24
colorado-christmas,Colorado Christmas,0,1,0
colorado-waltz,Colorado Waltz,0,0,1
colored-aristocracy,Colored Aristocracy,1,7,1
color-of-the-blues,Color Of The Blues,0,1,1
colors-i-m-gonna-paint-the-town,Colors I'm Gonna Paint The Town,0,0,1
colors-of-your-heart,Colors of Your Heart,0,0,0
color-song,Color Song,0,0,0
columbia-hornpipe,Columbia Hornpipe,0,0,0
columbus-stockade-blues,Columbus Stockade Blues,1,14,2
columbus-stockade-blues-1,Columbus Stockade Blues,1,14,2
colvack-breck,Colvack Breck,0,0,0
comanche-the-brave-horse,Comanche (The Brave Horse),0,0,0
come-a-little-bit-closer,Come A Little Bit Closer,0,0,2
come-a-little-closer-to-the-lord,Come A Little Closer To The Lord,0,0,1
come-all-ye-fair-and-tender-ladies,Come All Ye Fair And Tender Ladies,1,4,3
come-all-you-tender-hearted,Come All You Tender Hearted,0,2,0
come-along,Come Along,0,1,22
come-along-and-ride-this-train,Come Along And Ride This Train,0,0,1
come-along-and-walk-with-me,Come Along And Walk With Me,0,0,0
come-along-john,Come Along John,0,0,0
come-and-dine,Come And Dine,0,2,0
come-as-you-were,Come As You Were,0,0,1
come-back-baby,Come Back Baby,0,0,18
come-back-darling,Come Back Darling,1,14,3
come-back-home,Come Back Home,0,3,33
comeback-kid,Comeback Kid,0,0,9
come-back-little-pal,Come Back Little Pal,0,1,1
come-back-to-me,Come Back To Me,0,7,45
come-back-to-me-1,Come Back To Me,1,7,45
come-back-to-me-in-my-dreams,Come Back To Me In My Dreams,0,3,1
come-back-to-me-my-love,Come Back To Me My Love,0,0,0
come-back-when-you-can-stay-forever,Come Back (When You Can Stay Forever),0,0,0
come-early-morning,Come Early Morning,0,1,1
come-from-the-heart,Come From The Heart,0,0,1
come-go-with-me,Come Go With Me,0,2,7
come-holy-spirit,Come Holy Spirit,0,0,3
come-home-daddy,Come Home Daddy,0,0,0
come-home-to-me,Come Home To Me,0,1,0
come-home-to-my-heart,Come Home To My Heart,0,0,0
come-in-out-of-the-pain,Come In Out Of The Pain,0,0,1
come-in-stranger,Come In Stranger,0,2,1
come-kiss-me-love,Come Kiss Me Love,0,0,1
come-live-with-me,Come Live With Me,0,0,8
come-live-with-me-and-be-my-love,Come Live With Me And Be My Love,0,0,2
come-on,Come On,0,0,91
come-on-and-sing,Come On And Sing,0,0,1
come-on-baby,Come On Baby,0,0,11
come-on-down-to-my-world,Come on Down To My World,1,0,0
come-on-home,Come On Home,0,5,29
come-on-home-1,Come On Home,0,5,29
come-on-home-and-have-your-next-affair-with-me,Come On Home And Have Your Next Affair With Me,0,0,0
come-on-home-and-sing-the-blues-to-daddy,Come On Home And Sing The Blues To Daddy,0,0,0
come-on-home-boy,Come On Home Boy,0,0,0
come-on-in,Come On In,0,4,19
come-on-in-1,Come On In,0,4,19
come-on-in-2,Come On In,0,4,19
come-on-in-3,Come On In,0,4,19
come-on-in-you-did-the-best-you-could-do,Come On In You Did The Best You Could Do,0,0,0
come-on-joe,Come On Joe,0,0,0
come-on-over,Come On Over,0,0,20
come-on-over-to-the-country,Come On Over To The Country,0,0,0
come-on-phone,Come On Phone,0,0,0
come-on-ring-those-bells,Come On Ring Those Bells,0,0,1
come-on-time,Come On Time,0,0,2
come-over-the-stream-to-charlie,Come Over the Stream to Charlie,0,0,0
come-see-about-me,Come See About Me,0,0,9
come-sit-by-the-river,Come Sit By The River,0,1,1
come-stay-with-me,Come Stay With Me,0,0,1
come-sundown,Come Sundown,0,0,1
come-sundown-1,Come Sundown,0,0,1
come-take-care-of-me,Come Take Care Of Me,0,0,0
come-the-morning-i-must-fly,Come The Morning I Must Fly,0,0,0
come-to-the-manger,Come To The Manger,0,0,1
come-unto-me,Come Unto Me,1,4,5
come-walk-in-my-shoes,Come Walk In My Shoes,0,0,1
come-walk-with-me,Come Walk With Me,0,2,5
come-what-may,Come What May,0,1,15
come-with-me,Come With Me,0,2,74
coming-around-lyrics-and-chords,Coming Around Lyrics and Chords,0,0,0
coming-back-for-more,Coming Back For More,0,0,6
coming-down-with-love,Coming Down With Love,0,0,0
coming-for-to-carry-me-home,Coming For To Carry Me Home,0,1,0
coming-home,Coming Home,0,7,192
coming-home-alone,Coming Home Alone,0,0,0
coming-on-strong,Coming On Strong,0,2,4
coming-or-going,Coming Or Going,0,0,1
coming-to-the-dance,Coming To The Dance,0,0,0
coming-to-the-party,Coming To The Party,0,0,1
commercial-affection,Commercial Affection,0,0,0
committed-to-parkview,Committed To Parkview,0,0,1
commonly-known-as-the-blues,Commonly Known As The Blues,0,0,0
common-man,Common Man,0,3,6
communication-breakdown,Communication Breakdown,0,0,10
company-s-coming,Company's Coming,0,2,0
completely-helpless,Completely Helpless,0,0,1
completely-out-of-love,Completely Out of Love,0,0,1
complicated,Complicated,0,1,40
condemned-without-trial,Condemned Without Trial,0,0,1
confessing,Confessing,0,1,1
confidence-and-common-sense,Confidence And Common Sense,0,0,0
confused,Confused,0,0,27
confused-with-the-blues,Confused With The Blues,0,0,0
congratulations,Congratulations,0,2,30
congratulations-1,Congratulations,0,2,30
congratulations-2,Congratulations,0,2,30
congratulations-you-re-absolutely-right,Congratulations (You're Absolutely Right),0,0,0
conscience-i-m-guilty,Conscience I'm Guilty,0,0,1
conscience-keep-an-eye-on-me,Conscience Keep An Eye On Me,0,0,0
conscience-turn-your-back,Conscience Turn Your Back,0,0,0
conscience-where-were-you,Conscience Where Were You,0,0,0
consider-the-children,Consider The Children,0,0,0
constancy,Constancy,0,0,2
constantly,Constantly,0,0,8
convict-and-the-rose,Convict And The Rose,0,4,1
convince-me,Convince Me,0,0,3
cool-water,Cool Water,0,1,8
copperhead-road,Copperhead Road,1,4,1
copy-cat,Copy Cat,0,1,3
cora-is-gone,Cora Is Gone,1,12,1
corina-corina,Corina Corina,0,4,4
cornbread-and-buttermilk,Cornbread And Buttermilk,0,0,0
corner-of-despair,Corner Of Despair,0,0,0
corner-of-my-life,Corner Of My Life,0,0,1
corn-liquor,Corn Liquor,0,1,2
cornstalk-fiddle,Cornstalk Fiddle,0,0,0
corpus-christie-bay,Corpus Christie Bay,0,0,0
corrina,Corrina,1,5,3
corrina-corrina,"Corrina, Corrina",1,6,4
cottage-in-the-country,Cottage In The Country,0,0,0
cottage-in-the-pine,Cottage In The Pine,0,0,0
cotton-baggin,Cotton Baggin',0,2,0
cotton-eyed-joe,Cotton Eyed Joe,1,34,1
cotton-fields,Cotton Fields,0,4,6
cotton-jenny,Cotton Jenny,0,1,1
cotton-mill-man,Cotton Mill Man,1,2,0
cotton-patch,Cotton Patch,0,2,1
cotton-patch-rag,Cotton Patch Rag,1,6,0
cottonwood-tree,Cottonwood Tree,0,0,1
could-i-be-falling-in-love,Could I Be Falling In Love,0,0,1
could-i-fall-in-love,Could I Fall In Love,0,0,1
could-i-have-this-dance,Could I Have This Dance,0,1,1
could-i-talk-you-into-loving-me-again,Could I Talk You Into Loving Me Again,0,0,0
could-it-be,Could It Be,0,1,3
couldn-t-do-nothin-right,Couldn't Do Nothin' Right,0,0,1
couldn-t-love-have-picked-a-better-place-to-die,Couldn't Love Have Picked A Better Place To Die,0,0,1
could-you,Could You,0,0,3
could-you-love-me-like-you-used-to-lyrics-lyrics-chords,Could You Love Me Like You Used To Lyrics Lyrics Chords,0,0,0
could-you-love-me-one-more-time,Could You Love Me One More Time,1,4,0
counterfeit-love,Counterfeit Love,0,0,1
counterfeit-love-1,Counterfeit Love,0,0,1
counting-flowers-on-the-wall,Counting Flowers on the Wall,1,0,0
counting-my-teardrops,Counting My Teardrops,0,0,0
counting-tears,Counting Tears,0,0,0
countin-the-hours-countin-the-days,Countin' The Hours Countin' The Days,0,0,1
count-me-out,Count Me Out,0,2,17
count-on-me,Count On Me,0,2,35
countrified,Countrified,0,0,1
country-ain-t-country,Country Ain't Country,0,0,0
country-boy,Country Boy,0,12,22
country-boy-1,Country Boy,0,12,22
country-boy-2,Country Boy,0,12,22
country-boy-and-city-girl,Country Boy And City Girl,0,0,0
country-boy-love,Country Boy Love,0,0,0
country-boy-rock-and-roll,Country Boy Rock And Roll,1,3,0
country-boy-who-rolled-the-rock-away,Country Boy Who Rolled The Rock Away,0,0,0
country-bumpkin,Country Bumpkin,0,0,2
country-christmas,Country Christmas,0,3,5
country-christmas-1,Country Christmas,0,3,5
country-christmas-2,Country Christmas,0,3,5
country-club,Country Club,0,0,5
country-girl,Country Girl,0,2,33
country-girl-lyrics-and-chords,Country Girl Lyrics and Chords,0,0,0
country-girl-lyrics-and-chords-1,Country Girl Lyrics and Chords,0,0,0
country-girl-lyrics-chords,Country Girl Lyrics chords,0,0,0
country-girls,Country Girls,0,1,4
country-hall-of-fame,Country Hall Of Fame,0,0,0
country-in-my-genes-lyrics-chords,Country In My Genes Lyrics Chords,0,0,0
country-is,Country Is,0,0,1
country-kind-of-feeling,Country Kind Of Feeling,0,0,0
country-memories,Country Memories,0,0,0
country-music-all-around-the-world,Country Music All Around The World,0,0,0
country-music-has-gone-to-town,Country Music Has Gone To Town,0,0,1
country-music-in-my-soul,Country Music In My Soul,0,0,1
country-music-nightmare,Country Music Nightmare,0,0,0
country-party,Country Party,0,0,1
country-poor-and-country-proud,Country Poor and Country Proud,1,7,1
country-pride,Country Pride,0,1,1
country-pride-1,Country Pride,0,1,1
country-singer,Country Singer,0,0,0
country-state-of-mind,Country State Of Mind,0,0,1
country-till-i-die,Country Till I Die,0,0,1
country-trash,Country Trash,0,0,1
couple-more-years,Couple More Years,0,0,1
couples-only,Couples Only,0,0,0
courage-to-go-home,Courage To Go Home,0,0,0
cousin-sally-brown,Cousin Sally Brown,1,9,0
cover-mama-s-flowers,Cover Mama's Flowers,0,0,0
coward-of-the-county,Coward of the County,0,0,1
cowboy,Cowboy,0,2,42
cowboy-beat,Cowboy Beat,0,0,1
cowboy-bill,Cowboy Bill,0,0,2
cowboy-boots,Cowboy Boots,0,0,4
cowboy-buckaroo,Cowboy Buckaroo,0,0,0
cowboy-cadillac,Cowboy Cadillac,0,1,1
cowboy-carry-me-home,Cowboy Carry Me Home,0,0,1
cowboy-christmas,Cowboy Christmas,0,0,1
cowboy-church,Cowboy Church,0,0,0
cowboy-in-the-continental-suit,Cowboy In The Continental Suit,0,0,1
cowboy-jack,Cowboy Jack,1,0,1
cowboy-pride,Cowboy Pride,0,1,0
cowboys-aint-suppose-to-cry,Cowboys Ain’t Suppose To Cry,0,0,0
cowboy-s-a-kitten-at-home,Cowboy's A Kitten At Home,0,0,0
cowboys-and-angels,Cowboys And Angels,0,0,2
cowboys-and-clowns,Cowboys And Clowns,0,0,0
cowboys-and-daddy-s,Cowboys And Daddy's,0,0,0
cowboys-and-horses-hobos-and-trains,Cowboys And Horses Hobos And Trains,0,0,0
cowboys-and-indians,Cowboys and Indians,1,5,12
cowboys-and-playboys,Cowboys And Playboys,0,0,0
cowboys-are-common-as-sin,Cowboys Are Common As Sin,0,0,1
cowboy-s-christmas-dream,Cowboy's Christmas Dream,0,0,1
cowboys-don-t-cry,Cowboys Don't Cry,0,0,1
cowboys-don-t-get-lucky-all-the-time,Cowboys Don't Get Lucky All The Time,0,0,0
cowboys-don-t-shoot-straight,Cowboys Don't Shoot Straight,0,0,0
cowboys-dream,Cowboys Dream,0,0,0
cowboys-forever,Cowboys Forever,0,0,0
cowboys-heaven,Cowboys Heaven,0,0,0
cowboys-holiday-jingle-bells,Cowboys Holiday (Jingle Bells),0,0,0
cowboys-like-us,Cowboys Like Us,0,0,0
cowboy-s-sweetheart,Cowboy's Sweetheart,0,1,0
cowboy-s-toughest-ride,Cowboy's Toughest Ride,0,0,0
cowboys-wild-song-to-his-herd,Cowboy’s Wild Song To His Herd,1,0,0
cowboy-yodel,Cowboy Yodel,0,0,3
cowgirl,Cowgirl,0,1,6
cowgirls-heart,Cowgirls Heart,0,0,0
cowpoke,Cowpoke,0,0,1
cowpoke-lyrics-chords,Cowpoke Lyrics Chords,0,0,0
cowtown-lyrics-and-chords,Cowtown Lyrics and Chords,0,0,0
cozy-inn,Cozy Inn,0,0,1
cracker-jack-diamond,Cracker Jack Diamond,0,0,1
cradle-of-love,Cradle Of Love,0,0,5
crawdad,Crawdad,0,3,2
crawdad-song,Crawdad Song,1,14,3
crawdad-song-1,Crawdad Song,1,14,3
crawling-back,Crawling Back,0,0,3
crawling-man-lyrics-chords,Crawling Man Lyrics Chords,0,0,0
crawling-on-my-knees,Crawling On My Knees,0,0,2
crazy,Crazy,1,7,163
crazy-1,Crazy,1,7,163
crazy-arms,Crazy Arms,1,5,1
crazy-at-christmas,Crazy At Christmas,0,0,0
crazy-blue-eyes,Crazy Blue Eyes,0,0,0
crazy-daddy,Crazy Daddy,0,0,0
crazy-dream,Crazy Dream,0,0,5
crazy-dreams,Crazy Dreams,0,0,5
crazy-dreams-lyrics-chords,Crazy Dreams Lyrics Chords,0,0,0
crazy-every-time,Crazy Every Time,0,0,0
crazy-heart,Crazy Heart,0,2,4
crazy-heart-1,Crazy Heart,0,2,4
crazy-in-love,Crazy In Love,0,1,10
crazy-little-thing-called-love,Crazy Little Thing Called Love,0,1,3
crazy-love,Crazy Love,0,1,46
crazy-mary,Crazy Mary,0,0,4
crazy-out-of-my-mind,Crazy Out Of My Mind,0,0,0
crazy-over-you,Crazy Over You,0,1,6
crazy-over-you-1,Crazy Over You,0,1,6
crazy-talk,Crazy Talk,0,0,3
crazy-what-a-lonely-heart-will-do,Crazy What A Lonely Heart Will Do,0,0,0
crazy-wild-desire,Crazy Wild Desire,0,0,0
creep,Creep,1,2,43
crescent-city,Crescent City,0,1,6
crime-of-passion,Crime Of Passion,0,0,16
cripple-creek,Cripple Creek,1,50,7
crockett-s-honeymoon,Crockett's Honeymoon,1,1,0
crooked-tree,Crooked Tree,1,1,1
cross-eyed-fiddler,Cross Eyed Fiddler,0,1,1
crossfire,Crossfire,0,2,59
crossing-over-jordan,Crossing Over Jordan,0,0,1
crossing-the-stream,Crossing the Stream,0,0,1
cross-my-heart-and-hope-to-die,Cross My Heart And Hope To Die,0,0,4
crossroads-bar-the,"Crossroads Bar, The",1,0,0
cross-the-brazos-at-waco,Cross the Brazos at Waco,0,0,1
croton-hornpipe,Croton Hornpipe,0,0,0
crow-black-chicken,Crow Black Chicken,1,4,1
crowd-around-the-corner,Crowd Around the Corner,0,0,0
crow-little-rooster,Crow Little Rooster,1,0,0
crown-of-thorns,Crown Of Thorns,0,2,23
crown-victoria-custom-51,Crown Victoria Custom '51,0,0,1
cruel-master,Cruel Master,0,0,0
cruisin,Cruisin',0,4,39
cruising-down-the-river,Cruising Down The River,0,0,1
crumbs-from-the-table,Crumbs From The Table,0,0,1
cry,Cry,0,0,112
cry-1,Cry,0,0,112
cry-2,Cry,0,0,112
cry-baby,Cry Baby,0,1,49
cry-baby-heart,Cry Baby Heart,0,0,0
cry-cry-again,Cry Cry Again,0,0,1
cry-cry-cry,Cry Cry Cry,0,3,19
cry-cry-cry-1,Cry Cry Cry,0,3,19
cry-cry-cry-lyrics-and-chords,Cry Cry Cry Lyrics and Chords,0,0,0
cry-cry-darlin,"Cry, Cry Darlin'",1,10,0
cry-cry-darling,Cry Cry Darling,1,9,2
cry-from-the-cross,Cry From The Cross,1,5,1
crying,Crying,0,1,47
crying-again,Crying Again,0,0,0
crying-ain-t-dying,Crying Ain't Dying,0,0,1
crying-cause-i-love-you,Crying Cause I Love You,0,0,0
crying-eyes,Crying Eyes,0,0,1
crying-for-the-moon,Crying For The Moon,0,0,1
crying-heart-blues,Crying Heart Blues,1,5,2
crying-holy-unto-the-lord,Crying holy unto the Lord,1,12,0
crying-in-my-sleep,Crying In My Sleep,0,0,5
crying-in-the-chapel,Crying in the Chapel,0,2,4
crying-in-the-deep-blue-sea,Crying in the Deep Blue Sea,0,0,0
crying-in-the-rain,Crying In The Rain,0,7,7
crying-in-the-rain-1,Crying In The Rain,0,7,7
crying-myself-to-sleep,Crying Myself to Sleep,0,0,0
crying-on-your-shoulder-again,Crying On Your Shoulder Again,0,0,0
crying-over-you,Crying Over You,0,0,7
crying-over-you-1,Crying Over You,0,0,7
crying-section,Crying Section,0,0,0
crying-steel-guitar-waltz,Crying Steel Guitar Waltz,0,0,1
crying-through-the-night,Crying Through The Night,0,0,0
crying-time,Crying Time,0,0,6
crying-waiting-hoping,Crying Waiting Hoping,0,2,1
crying-waltz,Crying Waltz,1,0,0
cryin-heart-blues,Cryin’ Heart Blues,1,5,1
cryin-holy-unto-the-lord,Cryin’ Holy Unto The Lord,1,7,0
cryin-loud,Cryin' Loud,0,0,1
cryin-my-heart-out-over-you,Cryin’ My Heart Out Over You,1,0,0
cry-myself-to-sleep,Cry Myself to Sleep,0,1,8
cry-not-for-me,Cry Not For Me,0,0,1
cry-of-the-whippoorwill,Cry Of The Whippoorwill,0,4,0
cry-softly-lonely-one,Cry Softly Lonely One,0,0,1
crystal-chandeliers,Crystal Chandeliers,0,0,2
crystal-fallin-rain,Crystal Fallin' Rain,0,0,0
cuban-soldier,Cuban Soldier,1,0,0
cuba-rhumba,Cuba Rhumba,0,0,0
cuckoo-s-nest,Cuckoo's Nest,1,14,6
cuddle-bugging-baby,Cuddle Bugging Baby,0,0,0
cumberland-blues,Cumberland Blues,1,5,1
cumberland-gap,Cumberland Gap,1,51,3
cup-of-loneliness,Cup Of Loneliness,0,0,1
cup-of-tea,Cup Of Tea,0,0,10
curlew-hills-polka-the,Curlew Hills Polka (The),0,0,0
curtain-in-the-window,Curtain in the Window,0,0,1
curtain-of-tears,Curtain Of Tears,0,0,0
curtains-of-sorrow,Curtains Of Sorrow,0,1,0
curtains-on-the-windows,Curtains On The Windows,0,0,0
custom-made-woman-blues,Custom Made Woman Blues,1,2,1
cut-across-shorty,Cut Across Shorty,0,0,1
cuttin-the-rug,Cuttin' the Rug,0,0,1
cyclone-of-rye-cove,Cyclone of Rye Cove,0,3,1
d-18,D-18,0,0,0
dad-blame-anything-a-man-can-t-quit,Dad Blame Anything A Man Can't Quit,0,0,1
daddy,Daddy,0,1,54
daddy-and-home,Daddy And Home,0,0,1
daddy-and-the-wine,Daddy And The Wine,0,0,1
daddy-come-home,Daddy Come Home,0,0,3
daddy-don-t-cry,Daddy Don't Cry,0,0,1
daddy-don-t-you-walk-so-fast,Daddy Don't You Walk So Fast,0,0,1
daddy-don-t-you-walk-so-fast-2,Daddy Don't You Walk So Fast,0,0,1
daddy-frank,Daddy Frank,0,1,0
daddy-loved-trains,Daddy Loved Trains,0,0,0
daddy-number-two,Daddy Number Two,0,0,0
daddy-played-over-the-waves,Daddy Played Over The Waves,0,0,1
daddy-sang-bass,Daddy Sang Bass,1,4,1
daddy-s-arms,Daddy's Arms,0,0,0
daddy-s-girl,Daddy's Girl,0,0,8
daddy-s-hands,Daddy's Hands,0,2,0
daddy-s-honky-tonk,Daddy's Honky Tonk,0,0,0
daddy-s-song,Daddy's Song,0,0,5
daddy-was-an-old-time-preacher-man,Daddy Was An Old Time Preacher Man,0,2,1
daddy-was-a-railroad-man,Daddy Was A Railroad Man,0,1,0
daddy-what-if,Daddy What If,0,0,1
daddy-when-is-mommy-coming-home,Daddy When Is Mommy Coming Home,0,0,0
daddy-will-santa-claus-ever-have-to-die,Daddy Will Santa Claus Ever Have To Die,0,0,0
daddy-won-t-be-home-again-for-christmas,Daddy Won't Be Home Again For Christmas,0,0,1
daddy-won-t-be-home-anymore,Daddy Won't Be Home Anymore,0,1,1
dad-s-old-fiddle,Dad's Old Fiddle,0,0,0
dagger-through-the-heart,Dagger Through The Heart,0,1,1
dailey-s-reel,Dailey's Reel,0,1,0
daisy-mae,Daisy Mae,0,0,4
dakota-the-dancing-bear,Dakota (The Dancing Bear),0,0,1
daley-s-reel,Daley's Reel,1,6,0
dallas,Dallas,0,2,19
dallas-1,Dallas,0,2,19
dallas-2,Dallas,0,2,19
dance-all-night,Dance All Night,1,9,17
dance-her-by-me-one-more-time,Dance Her By Me One More Time,0,0,0
dance-little-jean,Dance Little Jean,0,1,1
dance-the-night-away,Dance The Night Away,0,2,25
dance-time-in-texas,Dance Time In Texas,0,0,1
dance-with-me,Dance With Me,0,4,104
dance-with-me-kenny,Dance With Me Kenny,1,1,0
dance-with-me-lyrics-and-chords,Dance With Me Lyrics and Chords,0,0,0
dance-with-me-molly,Dance With Me Molly,0,0,1
dancin-all-around-it,Dancin' All Around It,0,1,1
dancing-bear,Dancing Bear,1,1,3
dancing-cowboys,Dancing Cowboys,0,0,0
dancing-on-my-feet,Dancing On My Feet,0,0,1
dancing-the-night-away,Dancing The Night Away,0,0,4
dancing-with-a-stranger,Dancing With A Stranger,0,0,2
dancing-with-the-angels,Dancing With The Angels,0,2,1
dancing-your-memory-away,Dancing Your Memory Away,0,0,1
dancin-on-glass,Dancin' On Glass,0,0,0
dancin-shaggin-on-the-boulevard,Dancin' Shaggin' on the Boulevard,0,0,1
dancin-to-sweet-seventeen,Dancin' To Sweet Seventeen,0,0,0
dandelion-quadrille,Dandelion Quadrille,0,0,0
dan-friend-s-piece,Dan Friend's Piece,0,0,0
dang-me,Dang Me,0,0,1
daniel-prayed,Daniel Prayed,1,15,2
danny-boy,Danny Boy,0,7,32
danny-s-song,Danny's Song,0,0,2
danville-girl,Danville Girl,1,5,1
darby-s-castle,Darby's Castle,0,2,1
darcy-farrow,Darcy Farrow,1,4,1
dark-and-stormy-weather,Dark And Stormy Weather,0,2,0
dark-and-thorny,Dark and Thorny,1,2,0
dark-and-thorny-is-the-desert,Dark And Thorny Is The Desert,0,2,0
dark-as-a-dungeon,Dark As A Dungeon,1,12,2
dark-as-the-night,Dark As The Night,0,6,1
dark-as-the-night-blue-as-the-day,Dark As The Night Blue As The Day,1,7,1
darkest-day,Darkest Day,0,0,6
darkest-hour-is-just-before-dawn-the,"Darkest Hour Is Just Before Dawn, The",1,0,0
darkest-hour-just-before-dawn,Darkest Hour Just Before Dawn,0,2,0
dark-haired-true-lover,Dark Haired True Lover,0,0,0
dark-hollow-1,Dark Hollow,1,19,2
dark-moon,Dark Moon,0,2,11
dark-moon-1,Dark Moon,0,2,11
darkness,Darkness,0,0,144
darkness-on-the-face-of-the-earth-karma,Darkness On The Face Of The Earth Karma,0,0,0
dark-skies,Dark Skies,0,2,18
darktown-strutter-s-ball,Darktown Strutter's Ball,0,3,0
darlin,Darlin',0,2,30
darlin-brown-eyes,Darlin’ Brown Eyes,0,0,0
darlin-corey,Darlin’ Corey,1,13,0
darlin-don-t-cry,Darlin' Don't Cry,0,0,0
darlin-do-you-know-who-loves-you,Darlin Do You Know Who Loves You,1,0,0
darling-alalee,Darling Alalee,1,3,1
darling-am-i-the-one,Darling Am I The One,0,0,0
darling-are-you-ever-coming-home,Darling Are You Ever Coming Home,0,0,1
darling-companion,Darling Companion,0,0,0
darling-cory,Darling Cory,1,2,0
darling-daisies,Darling Daisies,1,0,0
darling-days,Darling Days,0,0,1
darling-days-1,Darling Days,0,0,1
darling-im-living-in-the-past,"Darling, I’m Living In The Past",1,0,0
darling-nellie-across-the-sea,Darling Nellie Across The Sea,1,4,1
darling-nellie-gray,Darling Nellie Gray,1,8,1
darling-nelly-gray,Darling Nelly Gray,1,5,0
darling-what-more-can-i-do,Darling What More Can I Do,0,0,1
darling-will-you-marry-me-again,Darling Will You Marry Me Again,0,0,0
darling-you-know-i-wouldn-t-lie,Darling You Know I Wouldn't Lie,0,0,1
darlin-that-s-what-your-love-does,Darlin' That's What Your Love Does,0,0,1
darlin-think-of-me-every-now-and-then,Darlin' Think Of Me Every Now And Then,0,0,0
dasher-with-the-light-upon-his-tail,Dasher With The Light Upon His Tail,0,0,1
daughter-of-the-vine,Daughter Of The Vine,0,0,0
david-s-song,David's Song,0,1,5
davy-dugger,Davy Dugger,0,0,0
dawgs-waltz,Dawg’s Waltz,1,2,1
dawn,Dawn,0,3,220
dawn-the-day-you-left-me-the,"Dawn The Day You Left Me, The",1,0,0
dawson-legate,Dawson Legate,0,0,0
day-after-forever,Day After Forever,0,0,2
daybreak-in-dixie,Daybreak In Dixie,1,10,1
daydream-believer,Daydream Believer,0,0,1
day-dreaming,Day Dreaming,0,0,9
day-dreams,Day Dreams,0,0,8
daydreams-about-night-things,Daydreams About Night Things,0,0,1
daydreams-of-you,Daydreams of You,1,0,0
day-drinker,Day Drinker,0,0,2
day-in-the-life-of-a-fool,Day In The Life Of A Fool,0,0,2
day-is-done,Day is Done,0,2,9
daylight-strangers-midnight-friends,Daylight Strangers Midnight Friends,0,0,0
day-of-rejoicing,Day Of Rejoicing,0,0,0
day-one,Day One,0,0,38
days-of-our-wives,Days Of Our Wives,0,0,1
days-of-sand-and-shovels,Days Of Sand And Shovels,0,0,1
daytime-friends,Daytime Friends,0,1,2
day-to-day,Day to Day,1,0,9
day-to-day-tear-to-tear,Day To Day (Tear To Tear),0,0,0
dead-flowers,Dead Flowers,1,4,7
dead-from-the-heart-on-down,Dead From The Heart On Down,0,0,1
dead-march,Dead March,0,2,4
deal,Deal,0,5,31
dealing-with-the-devil,Dealing With the Devil,0,0,2
dear-alice,Dear Alice,0,0,2
dear-brother,Dear Brother,0,1,1
dear-companion,Dear Companion,0,4,1
dearest-mary,Dearest Mary,0,0,0
dear-friend,Dear Friend,0,0,22
dear-god,Dear God,0,0,20
dear-heart,Dear Heart,0,0,8
dear-hearts-and-gentle-people,Dear Hearts And Gentle People,0,0,1
dear-jesus-abide-with-me,Dear Jesus Abide With Me,0,0,1
dear-john,Dear John,0,0,32
dear-john-letter,Dear John Letter,0,0,4
dear-judge,Dear Judge,0,0,0
dear-little-boy-of-mine,Dear Little Boy Of Mine,0,0,1
dear-lonesome,Dear Lonesome,0,0,1
dear-lord,Dear Lord,0,1,7
dear-lord-don-t-let-go-of-my-hand,Dear Lord Don't Let Go Of My Hand,0,0,1
dear-lord-remember-me,Dear Lord Remember Me,0,0,0
dear-love,Dear Love,0,0,6
dear-mama-i-m-a-cowboy,Dear Mama I'm A Cowboy,0,0,0
dear-mary,Dear Mary,0,0,2
dear-memory,Dear Memory,0,0,0
dear-okie,Dear Okie,0,1,0
dear-old-dixie,Dear Old Dixie,1,21,1
dear-old-mother,Dear Old Mother,0,1,0
dear-one,Dear One,0,0,10
dear-santa,Dear Santa,0,0,8
dear-uncle-sam,Dear Uncle Sam,0,0,1
dear-wastebasket,Dear Wastebasket,0,0,1
death-at-the-bar,Death At The Bar,0,0,0
death-came-creeping-in-my-room,Death Came Creeping In My Room,0,0,0
death-is-only-a-dream,Death Is Only A Dream,0,2,1
deck-of-card,Deck of Card,0,0,0
deck-the-halls,Deck the Halls,1,15,21
dedicate-the-blues-to-me,Dedicate The Blues To Me,0,0,1
deep-as-your-pocket,Deep As Your Pocket,0,0,1
deep-blue-sea,Deep Blue Sea,1,0,13
deep-dark-water,Deep Dark Water,0,1,1
deep-down,Deep Down,0,1,21
deep-elem-blues,Deep Elem Blues,1,10,2
deep-elem-blues-1,Deep Elem Blues,1,10,2
deepening-snow,Deepening Snow,0,1,1
deeper-than-that,Deeper Than That,0,0,0
deeper-than-the-holler,Deeper Than The Holler,0,1,1
deep-in-love-and-buried-in-the-blues,Deep In Love And Buried In The Blues,0,0,0
deep-in-the-heart-of-texas,Deep In The Heart Of Texas,0,0,3
deep-in-the-west,Deep In The West,0,0,1
deep-part-of-your-heart,Deep Part Of Your Heart,0,0,0
deep-river,Deep River,0,2,20
deep-river-blues,Deep River Blues,1,5,5
deep-water,Deep Water,0,2,37
deja-vu,Deja Vu,0,0,61
delaware,Delaware,0,0,8
delia,Delia,1,4,11
delias-gone,Delia’s Gone,0,0,4
delta-dawn,Delta Dawn,0,1,1
delta-queen,Delta Queen,0,5,5
demijohn,Demijohn,0,0,0
democratic-rage-hornpipe,Democratic Rage Hornpipe,0,0,0
denver,Denver,0,0,6
denver-belle,Denver Belle,1,4,1
denver-nites,Denver Nites,0,0,0
denver-schottische,Denver Schottische,0,0,0
denver-woman,Denver Woman,0,0,1
depend-on-you,Depend On You,0,0,5
designated-drinker,Designated Drinker,0,1,1
desperado,Desperado,0,1,36
desperado-love,Desperado Love,0,0,1
desperados-waiting-for-a-train,Desperados Waiting for a Train,0,0,0
desperate-dreams,Desperate Dreams,0,0,1
desperately,Desperately,0,0,10
desperately-1,Desperately,0,0,10
desperation,Desperation,0,1,33
destination-atlanta-ga,Destination Atlanta GA,0,0,0
destination-life,Destination Life,0,1,0
destiny-s-child,Destiny's Child,0,0,2
destroyed-by-man,Destroyed By Man,0,0,0
desvairada,Desvairada,1,2,1
detour,Detour,0,2,24
detroit-city,Detroit City,1,4,6
detroit-city-blues,Detroit City Blues,0,0,1
deuces-wild,Deuces Wild,0,0,5
developing-my-pictures,Developing My Pictures,0,0,0
devil-doll,Devil Doll,0,0,4
devil-gets-his-dues,Devil Gets His Dues,0,0,0
devil-in-disguise,Devil In Disguise,0,3,13
devil-in-georgia-1-the,Devil in Georgia (1) (The),0,0,0
devil-in-georgia-2-the,Devil in Georgia (2) (The),0,0,0
devilish-love-light,Devilish Love Light,0,0,0
devilish-mary,Devilish Mary,1,9,2
devil-s-den,Devil's Den,0,1,6
devil-s-disciple,Devil's Disciple,0,0,1
devils-dream,Devil's Dream,1,21,10
devil-s-little-angel,Devil's Little Angel,0,2,0
devil-woman,Devil Woman,0,3,16
devoted-to-you,Devoted To You,0,0,2
d-g-two-step,'D' & 'G' Two-Step,0,0,0
dial-l-o-v-e-for-me-lyrics-chords,Dial L.O.V.E. For Me Lyrics chords,0,0,0
diamond-in-my-crown,Diamond In My Crown,0,1,1
diamond-joe,Diamond Joe,1,9,5
diamonds-and-horseshoes,Diamonds And Horseshoes,0,0,0
diamonds-in-the-rough,Diamonds In The Rough,1,5,3
diamonds-in-the-sand,Diamonds In The Sand,0,0,0
diamonds-in-the-stars,Diamonds in the Stars,0,0,0
diane,Diane,0,3,15
diary-of-my-mind,Diary Of My Mind,0,0,1
did-anybody-get-the-license-number,Did Anybody Get The License Number,0,0,1
did-i-ever-love-you,Did I Ever Love You,0,0,2
did-i-turn-down-a-better-deal,Did I Turn Down A Better Deal,0,0,0
didja-ever,Didja' Ever,0,0,1
didn-t-he-shine,Didn't He Shine,0,0,2
didn-t-i,Didn't I,0,1,11
didn-t-it-rain,Didn't It Rain,0,1,8
didnt-leave-nobody-but-the-baby,Didn’t Leave Nobody But The Baby,1,4,1
didn-t-she-really-thrill-them,Didn't She Really Thrill Them,0,0,0
didn-t-they-crucify-my-lord,Didn't They Crucify My Lord,0,1,0
didn-t-we,Didn't We,0,0,1
did-she-ask-about-me,Did She Ask About Me,0,0,0
did-she-mention-my-name,Did She Mention My Name,0,3,1
did-she-mention-my-name-1,Did She Mention My Name,0,3,1
did-the-man-in-the-moon-come-from-texas,Did The Man In The Moon Come From Texas,0,0,0
did-we-have-to-come-this-far-to-say-goodbye-chords,Did We Have To Come This Far To Say Goodbye chords,0,0,0
did-you-darling,Did You Darling,0,0,0
did-you-ever-go-sailing,Did You Ever Go Sailing,0,1,0
did-you-ever-see-a-dream-walking,Did You Ever See A Dream Walking,0,0,0
did-you-forget-god-today,Did You Forget God Today,0,1,1
did-you-let-your-light-shine,Did You Let Your Light Shine,0,0,1
did-you-miss-me,Did You Miss Me,0,0,0
did-you-see-my-daddy-over-there-lyrics-and-chords,Did You See My Daddy Over There Lyrics and Chords,0,0,0
did-you-stop-to-pray-this-morning,Did You Stop To Pray This Morning,0,1,0
did-you-tell-her-about-me,Did You Tell Her About Me,0,0,0
did-you-think-to-pray,Did You Think To Pray,0,0,0
died-a-rounder-at-twenty-one,Died A Rounder At Twenty-One,0,0,0
diesel-cafe,Diesel Cafe,0,0,0
diesel-on-my-tail,Diesel On My Tail,1,3,1
different-drum,Different Drum,0,1,7
different-kind-of-flower,Different Kind Of Flower,0,0,0
dig-a-little-deeper-in-the-well,Dig A Little Deeper In The Well,0,3,1
diggin-up-bones,Diggin' Up Bones,0,0,1
diggy-liggy-lo,Diggy Liggy Lo,0,6,1
dig-that-crazy-moon,Dig That Crazy Moon,0,0,0
dill-pickle-rag,Dill Pickle Rag,1,12,0
dim-dark-corner,Dim Dark Corner,0,0,0
dim-lights-thick-smoke,Dim Lights Thick Smoke,1,16,0
dim-lights-thick-smoke-1,"Dim Lights, Thick Smoke",1,16,0
dinah,Dinah,1,4,6
ding-a-ling-the-christmas-bell,Ding A Ling The Christmas Bell,0,0,1
dire-wolf,Dire Wolf,1,6,3
dirt-neath-your-feet,Dirt 'Neath Your Feet,0,0,0
dirt-under-his-feet,Dirt Under His Feet,0,0,0
dirty-old-egg-sucking-dog,Dirty Old Egg Sucking Dog,0,0,0
disappearing-farmer,Disappearing Farmer,0,0,1
dissatisfied,Dissatisfied,0,0,3
dissatisfied-1,Dissatisfied,0,0,3
distance-between-you-and-me,Distance Between You And Me,0,0,1
distant-drums,Distant Drums,0,0,2
distant-land-to-roam,Distant Land To Roam,1,5,1
divided-by-two,Divided By Two,0,0,0
d-i-v-o-r-c-e,D-I-V-O-R-C-E,0,1,1
divorce-granted,Divorce Granted,0,0,0
divorce-lawyers-funeral-directors-and-jailers,Divorce Lawyers Funeral Directors And Jailers,0,0,0
divorce-me-c-o-d,Divorce Me C. O. D.,0,1,1
divorce-or-destroy,Divorce Or Destroy,0,0,1
divorce-sale,Divorce Sale,0,0,1
dixie,Dixie,1,13,21
dixie-blossoms,Dixie Blossoms,1,0,2
dixie-breakdown,Dixie Breakdown,1,20,2
dixie-cannonball,Dixie Cannonball,0,1,1
dixie-chicken,Dixie Chicken,1,2,1
dixie-highway,Dixie Highway,0,1,4
dixie-hoedown,Dixie Hoedown,1,21,1
dixieland,Dixieland,1,4,7
dixieland-delight,Dixieland Delight,0,1,1
dixieland-for-me,Dixieland For Me,0,1,1
dixieland-rock,Dixieland Rock,0,0,1
dixie-lullaby,Dixie Lullaby,0,1,1
dixie-on-my-mind,Dixie On My Mind,0,1,1
dixie-road,Dixie Road,0,2,0
d-j-for-a-day,D.J. For A Day,0,0,0
d-o-a-drunk-on-arrival,D.O.A. (Drunk On Arrival),0,0,0
doc-boyd-s-jig,Doc Boyd's Jig,0,0,0
doc-chapman-s-breakdown,Doc Chapman's Breakdown,0,2,0
doctor-jesus,Doctor Jesus,0,0,0
doctor-s-orders,Doctor's Orders,0,0,5
does-fort-worth-ever-cross-your-mind,Does Fort Worth Ever Cross Your Mind,0,0,1
does-he-love-you-like-i-do,Does He Love You Like I Do,0,0,0
does-he-mean-that-much-to-you,Does He Mean That Much To You,0,0,0
does-it-have-to-end-this-way,Does It Have To End This Way,0,1,1
does-jesus-care,Does Jesus Care,0,1,0
does-my-memory-ever-cross-your-mind,Does My Memory Ever Cross Your Mind,0,0,0
does-my-ring-hurt-your-finger,Does My Ring Hurt Your Finger,0,0,1
doesn-t-anybody-know-my-name,Doesn't Anybody Know My Name,0,1,1
does-your-heart-beat-for-me,Does Your Heart Beat For Me,0,0,0
dog-bite-your-hide,Dog Bite Your Hide,1,2,0
doggone-it-baby-i-m-in-love,Doggone It Baby I'm In Love,0,0,0
dog-gone-shame,Dog Gone Shame,0,1,0
doggone-that-train,Doggone That Train,0,0,0
dog-house-blues,Dog House Blues,1,3,3
dog-house-boogie,Dog House Boogie,0,0,0
dog-river-blues,Dog River Blues,0,1,1
do-i-ever-cross-your-mind,Do I Ever Cross Your Mind,0,1,2
do-i-have-to-say-goodbye,Do I Have To Say Goodbye,0,0,0
do-i-like-it,Do I Like It,0,0,0
doing-my-time,Doing My Time,1,12,2
doing-my-time-1,Doing My Time,1,12,2
doing-the-best-i-can,Doing The Best I Can,0,0,3
doin-my-time,Doin' My Time,1,25,0
doin-the-lovers-leap-lyrics-chords,Doin’ The Lovers Leap Lyrics Chords,0,0,0
do-it-for-the-love,Do It For The Love,0,0,0
do-it-now,Do It Now,0,0,13
do-it-to-someone-you-love,Do It To Someone You Love,0,0,1
do-i-worry-yes-i-do,Do I Worry Yes I Do,0,0,0
dolly-dear,Dolly Dear,0,0,1
dolly-with-the-dimple-knees,Dolly With The Dimple Knees,0,0,0
do-lord,Do Lord,1,1,6
do-me-a-favor,Do Me A Favor,0,1,4
do-me-a-favor-1,Do Me A Favor,0,1,4
domestic-life-you,Domestic Life You,0,0,0
do-me-with-love,Do Me With Love,0,0,0
domino,Domino,0,0,55
do-my-heart-a-favor,Do My Heart A Favor,0,0,0
donald-and-june,Donald And June,0,0,1
done-gone,Done Gone,1,12,3
done-roving,Done Roving,0,0,0
don-juan,Don Juan,0,0,27
donna-donna,Donna Donna,0,0,3
donna-on-my-mind,Donna On My Mind,0,1,1
do-not-disturb,Do Not Disturb,0,1,12
don-t,Don't,0,0,41
dont-anyone-make-love-at-home-anymore,Don’t Anyone Make Love At Home Anymore,0,0,0
don-t-ask-for-tomorrow,Don't Ask For Tomorrow,0,0,0
don-t-ask-me-to-be-friends,Don't Ask Me to be Friends,0,0,2
don-t-ask-me-why,Don't Ask Me Why,0,1,12
don-t-ask-me-why-1,Don't Ask Me Why,0,1,12
don-t-ask-why,Don't Ask Why,0,1,7
don-t-back-a-man-up-in-a-corner,Don't Back A Man Up In A Corner,0,0,0
don-t-be-afraid-to-love-me,Don't Be Afraid To Love Me,0,0,0
don-t-be-afraid-to-say-goodbye,Don't Be Afraid To Say Goodbye,0,0,0
don-t-be-angry,Don't Be Angry,0,1,2
don-t-be-ashamed-of-your-age,Don't Be Ashamed Of Your Age,0,1,1
don-t-be-a-stranger,Don't Be A Stranger,0,0,9
don-t-be-cruel,Don't Be Cruel,0,5,6
don-t-be-late,Don't Be Late,0,1,2
dont-believe-my-heart-can-stand-another-you,Don’t Believe My Heart Can Stand Another You,0,0,0
don-t-be-sad,Don't Be Sad,0,0,5
don-t-blame-it-all-on-me,Don't Blame It All On Me,1,1,0
dont-blame-it-all-on-me,Don’t Blame It All On Me,0,1,0
don-t-blame-it-on-me,Don't Blame It On Me,0,1,2
don-t-blame-it-on-your-wife,Don't Blame It On Your Wife,0,0,0
don-t-blame-me,Don't Blame Me,0,0,21
don-t-blame-me-for-what-happened-last-night,Don't Blame Me For What Happened Last Night,0,0,0
dont-bother-to-cry,Don’t Bother To Cry,0,1,1
don-t-bother-to-cry-lyrics-and-chords,Don't Bother To Cry Lyrics and Chords,0,0,0
dont-bother-to-knock,Don’t Bother To Knock,0,0,0
don-t-bother-with-white-satin,Don't Bother With White Satin,0,2,1
don-t-break-me-easy,Don't Break Me Easy,0,0,0
don-t-break-the-heart-that-loves-you,Don't Break The Heart That Loves You,0,0,1
don-t-bury-me-till-i-m-ready,Don't Bury Me Till I'm Ready,0,0,0
don-t-call-him-a-cowboy,Don't Call Him a Cowboy,0,0,1
don-t-call-me-from-a-honky-tonk,Don't Call Me From a Honky Tonk,0,0,0
don-t-change,Don't Change,0,1,6
don-t-cheat-in-our-home-town,Don't Cheat In Our Home Town,0,4,0
dont-cheat-in-our-hometown,Don’t Cheat In Our Hometown,1,4,1
don-t-close-your-eyes,Don't Close Your Eyes,1,3,11
dont-close-your-eyes,Don’t Close Your Eyes,0,3,11
don-t-come-back-knocking,Don't Come Back Knocking,0,0,0
dont-come-crying-to-me,Don’t Come Crying To Me,0,0,2
don-t-come-home-a-drinkin,Don't Come Home A Drinkin',0,1,0
don-t-come-knockin,Don't Come Knockin',0,0,2
don-t-count-the-diamonds,Don't Count The Diamonds,0,0,0
don-t-cross-the-river,Don't Cross The River,0,0,1
don-t-cry-blue,Don't Cry Blue,0,2,1
don-t-cry-darlin,Don't Cry Darlin',0,0,1
don-t-cry-for-me-when-i-m-gone,Don't Cry For Me When I'm Gone,0,0,0
don-t-cry-joni,Don't Cry Joni,0,0,1
dont-cry-to-me,Don’t Cry to Me,0,4,1
don-t-cuss-the-fiddle,Don't Cuss The Fiddle,0,0,1
don-t-cut-timber-on-a-windy-day,Don't Cut Timber On A Windy Day,0,0,0
dont-do-it,Don’t Do It,0,1,15
don-t-do-it-darling,Don't Do it Darling,0,0,0
don-t-do-it-darling-that-heart-belongs-to-me,Don't Do It Darling (That Heart Belongs To Me),0,0,0
don-t-do-the-things-he-d-do,Don't Do The Things He'd Do,0,0,0
don-t-do-this-to-me,Don't Do This To Me,0,0,2
dont-drink-from-a-whiskey-bottle,Don’t Drink From A Whiskey Bottle,1,0,0
don-t-ever-leave-me-again,Don't Ever Leave Me Again,0,0,3
don-t-ever-leave-me-again-1,Don't Ever Leave Me Again,0,0,3
dont-ever-leave-me-darlin,Don’t Ever Leave Me Darlin’,1,0,0
don-t-ever-sell-your-saddle,Don't Ever Sell Your Saddle,0,0,0
don-t-ever-take-the-ribbons-from-your-hair,Don't Ever Take The Ribbons From Your Hair,0,0,0
don-t-ever-tell-me-goodbye,Don't Ever Tell Me Goodbye,0,0,1
don-t-fall-in-love-with-a-dreamer,Don't Fall In Love With A Dreamer,0,0,1
don-t-fall-in-love-with-a-married-man,Don't Fall In Love With A Married Man,0,0,0
don-t-feel-sorry-for-me,Don't Feel Sorry For Me,0,1,3
don-t-fence-me-in,Don't Fence Me In,0,0,2
dont-fence-me-in,Don’t Fence Me In,0,0,2
dont-fight-the-feelings-of-love,Don’t Fight The Feelings Of Love,0,0,1
don-t-flirt-with-me,Don't Flirt With Me,0,0,1
don-t-forbid-me,Don't Forbid Me,0,0,2
don-t-forbid-me-1,Don't Forbid Me,0,0,2
don-t-forget-i-still-love-you,Don't Forget I Still Love You,0,0,1
dont-forget-me-little-darling,Don’t Forget Me Little Darling,1,1,0
dont-forget-the-coffee-billy-joe,Don’t Forget The Coffee Billy Joe,0,1,1
dont-forget-this-song,Don’t Forget This Song,1,0,1
dont-forget-to-cry,Don’t Forget To Cry,0,0,0
don-t-forget-to-thank-the-lord,Don't Forget To Thank The Lord,0,0,1
don-t-forget-your-way-home,Don't Forget Your Way Home,0,0,1
dont-get-above-your-raisin,Don’t Get Above Your Raisin’,0,3,0
don-t-get-above-your-raising,Don't Get Above Your Raising,1,4,1
don-t-get-along-with-the-blues,Don't Get Along With The Blues,0,0,0
don-t-get-around-much-anymore,Don't Get Around Much Anymore,0,1,3
dont-get-married,Don’t Get Married,0,1,1
don-t-give-up-on-me,Don't Give Up On Me,0,3,16
don-t-give-up-on-me-1,Don't Give Up On Me,0,3,16
don-t-give-up-when-you-re-down,Don't Give Up When You're Down,0,0,0
don-t-give-your-heart-to-a-rambler,Don't Give Your Heart To A Rambler,1,8,2
dont-give-your-heart-to-a-rambler,Don’t Give Your Heart To A Rambler,1,8,2
don-t-go-away-senor,Don't Go Away Senor,0,0,0
don-t-go-city-girl-on-me,Don't Go City Girl On Me,0,0,0
don-t-go-home-tonight-unsaved,Don't Go Home Tonight Unsaved,0,0,0
don-t-go-my-love,Don't Go My Love,0,0,0
don-t-go-near-the-water,Don't Go Near The Water,0,0,2
dont-go-out-tonight,Don’t Go Out Tonight,0,3,2
don-t-go-out-with-him,Don't Go Out With Him,0,0,0
don-t-hang-around-he-s-married-to-me,Don't Hang Around He's Married To Me,0,0,0
don-t-hurt-me-anymore,Don't Hurt Me Anymore,0,0,0
don-t-it-make-my-brown-eyes-blue,Don't It Make My Brown Eyes Blue,0,1,1
don-t-it-make-you-lonely,Don't It Make You Lonely,0,0,0
don-t-it-make-you-wanna-be-a-kid-again,Don't It Make You Wanna Be A Kid Again,0,0,0
dont-it-make-you-wanna-go-home,Don’t It Make You Wanna Go Home,0,0,0
don-t-just-stand-there,Don't Just Stand There,0,0,1
don-t-keep-it-a-secret,Don't Keep It A Secret,0,0,0
don-t-keep-me-hanging-on,Don't Keep Me Hanging On,0,0,2
don-t-keep-me-lonely-too-long,Don't Keep Me Lonely Too Long,0,0,1
don-t-laugh,Don't Laugh,1,9,3
dont-laugh,Don’t Laugh,1,9,3
don-t-laugh-at-my-love,Don't Laugh At My Love,0,0,0
don-t-lay-your-head-on-my-shoulder,Don't Lay Your Head On My Shoulder,0,0,0
don-t-lead-me-on,Don't Lead Me On,0,0,4
don-t-leave-me-in-the-nighttime,Don't Leave Me In The Nighttime,0,0,0
don-t-leave-me-now,Don't Leave Me Now,0,0,12
don-t-leave-me-this-way,Don't Leave Me This Way,0,0,9
don-t-leave-me-where-you-found-me,Don't Leave Me Where You Found Me,0,0,0
don-t-leave-the-leaving-up-to-me,Don't Leave The Leaving Up To Me,0,0,1
don-t-leave-without-taking-your-silver,Don't Leave Without Taking Your Silver,0,0,1
don-t-let-a-little-thing-like-that,Don't Let A Little Thing Like That,0,0,0
don-t-let-go,Don't Let Go,0,2,44
don-t-let-her,Don't Let Her,0,1,0
don-t-let-her-know,Don't Let Her Know,0,0,1
don-t-let-her-see-me-cry,Don't Let Her See Me Cry,0,0,0
don-t-let-him-make-a-memory-out-of-me,Don't Let Him Make A Memory Out Of Me,0,0,0
don-t-let-it-go-to-your-heart,Don't Let It Go To Your Heart,0,0,1
don-t-let-it-trouble-your-mind,Don't Let It Trouble Your Mind,0,2,1
dont-let-me-cross-over,Don’t Let Me Cross Over,1,4,1
don-t-let-me-touch-you,Don't Let Me Touch You,0,0,2
don-t-let-me-walk-too-far-from-calvary,Don't Let Me Walk Too Far From Calvary,0,0,1
don-t-let-my-glass-run-dry,Don't Let My Glass Run Dry,0,0,0
don-t-let-my-heart-be-the-last-to-know,Don't Let My Heart Be The Last To Know,0,0,0
don-t-let-our-love-start-slippin-away,Don't Let Our Love Start Slippin' Away,0,1,1
don-t-let-smokey-mountain-smoke-get-in-your-eyes,Don't Let Smokey Mountain Smoke Get In Your Eyes,0,1,1
dont-let-smokey-mountain-smoke-get-in-your-eyes,Don’t Let Smokey Mountain Smoke Get In Your Eyes,0,1,1
don-t-let-that-doorknob-hit-you,Don't Let That Doorknob Hit You,0,0,1
don-t-let-that-happen-to-us,Don't Let That Happen To Us,0,1,0
don-t-let-them-change-your-mind,Don't Let Them Change Your Mind,0,0,0
don-t-let-the-old-man-in,Don't Let the Old Man In,0,0,0
don-t-let-the-stars-get-in-your-eyes,Don't Let The Stars Get In Your Eyes,0,0,1
don-t-let-the-whole-world-know,Don't Let The Whole World Know,0,0,0
don-t-let-true-love-slip-away,Don't Let True Love Slip Away,0,0,1
don-t-let-your-deal-go-down,Don't Let Your Deal Go Down,1,25,1
dont-let-your-deal-go-down,Don’t Let Your Deal Go Down,1,25,1
don-t-let-your-pride-break-your-heart,Don't Let Your Pride Break Your Heart,0,0,0
don-t-let-your-sweet-love-die,Don't Let Your Sweet Love Die,1,18,1
dont-let-your-sweet-love-die,Don’t Let Your Sweet Love Die,1,18,1
don-t-liberate-me,Don't Liberate Me,0,0,0
don-t-lie,Don't Lie,1,4,16
don-t-lie-to-me,Don't Lie To Me,0,1,16
dont-look-at-me-in-that-tone-of-voice,Don’t Look At Me In That Tone Of Voice,0,0,0
don-t-look-at-my-shadow,Don't Look At My Shadow,0,0,1
don-t-look-back,Don't Look Back,0,3,96
don-t-look-now-but-your-broken-heart-is-showing,Don't Look Now (But Your Broken Heart Is Showing),0,0,1
don-t-love-make-a-diamond-shine,Don't Love Make A Diamond Shine,0,0,0
don-t-make-it-easy-for-me,Don't Make It Easy For Me,0,0,1
dont-make-me-ashamed,Don’t Make Me Ashamed,0,2,1
don-t-make-me-build-another-wall,Don't Make Me Build Another Wall,0,0,1
don-t-make-me-come-over-there-and-love-you,Don't Make Me Come Over There And Love You,0,0,0
don-t-make-me-cry-again,Don't Make Me Cry Again,0,0,0
don-t-make-me-dream,Don't Make Me Dream,0,0,0
don-t-make-me-go,Don't Make Me Go,0,2,4
don-t-make-me-go-to-bed,Don't Make Me Go To Bed,0,2,0
don-t-make-me-go-to-school,Don't Make Me Go To School,0,0,1
dont-monkey-with-another-monkeys-monkey,Don’t Monkey With Another Monkey’s Monkey,0,0,1
don-t-need-that-heartache,Don't Need That Heartache,0,0,0
dont-neglect-the-rose,Don’t Neglect the Rose,1,3,1
don-t-neglect-the-roses,Don't Neglect The Roses,1,0,0
don-t-our-love-look-natural,Don't Our Love Look Natural,1,1,0
dont-our-love-look-natural,Don’t Our Love Look Natural,0,1,0
don-t-overlook-salvation,Don't Overlook Salvation,0,1,0
don-t-pay-the-ransom,Don't Pay The Ransom,0,0,0
don-t-pretend,Don't Pretend,0,1,2
don-t-put-an-end-to-me,Don't Put An End To Me,0,0,0
don-t-put-down-the-honky-tonks,Don't Put Down The Honky Tonks,0,0,0
don-t-put-her-down-you-helped-put-her-there,Don't Put Her Down You Helped Put Her There,1,4,1
don-t-put-me-in-the-ex-files,Don't Put Me in the Ex Files,0,0,0
dont-put-off-till-tomorrow,Don’t Put Off Till Tomorrow,0,0,1
dont-put-off-til-tomorrow,Don’t Put Off ’til Tomorrow,0,0,0
don-t-put-your-hands-on-me,Don't Put Your Hands On Me,0,0,0
don-t-put-your-hurt-in-my-heart,Don't Put Your Hurt In My Heart,0,0,0
don-t-rob-another-man-s-castle,Don't Rob Another Man's Castle,0,0,1
don-t-rock-the-jukebox,Don't Rock The Jukebox,0,1,1
don-t-say-a-word,Don't Say A Word,0,0,12
dont-say-goodbye-if-you-love-me,Don’t Say Goodbye If You Love Me,1,8,1
don-t-say-goodnight,Don't Say Goodnight,0,0,6
don-t-say-goodnight-say-good-morning,Don't Say Goodnight Say Good Morning,0,0,0
don-t-say-love,Don't Say Love,0,0,2
don-t-say-you-re-mine,Don't Say You're Mine,0,0,0
don-t-seem-like-we-ve-been-together-all-our-lives,Don't Seem Like We've Been Together All Our Lives,0,0,1
don-t-sell-daddy-anymore-whiskey,Don't Sell Daddy Anymore Whiskey,0,0,0
don-t-sell-the-land,Don't Sell The Land,0,2,1
don-t-send-me-no-angels,Don't Send Me No Angels,0,0,1
don-t-shake-hands-with-the-devil,Don't Shake Hands With The Devil,0,0,0
dont-she-look-good,Don’t She Look Good,0,0,1
don-t-sing-aloha-when-i-go,Don't Sing Aloha When I Go,0,0,1
don-t-sing-a-song-about-texas,Don't Sing A Song About Texas,0,0,0
don-t-sing-me-no-songs-about-texas,Don't Sing Me No Songs About Texas,0,0,0
don-t-squeeze-my-sharmon,Don't Squeeze My Sharmon,0,0,0
don-t-start-counting-on-me,Don't Start Counting On Me,0,0,0
don-t-stay-away-till-love-grows-cold,Don't Stay Away (till love grows cold),0,0,0
dont-stay-away-too-long,Don’t Stay Away Too Long,0,0,1
don-t-step-on-mother-s-roses,Don't Step On Mother's Roses,0,0,1
don-t-step-over-an-old-love,Don't Step Over An Old Love,1,5,1
don-t-stop-being-you,Don't Stop Being You,0,1,0
don-t-stop-gypsy,Don't Stop Gypsy,0,1,0
dont-stop-in-my-world,Don’t Stop In My World,0,0,0
don-t-stop-loving-me-now,Don't Stop Loving Me Now,0,0,1
don-t-stop-the-music,Don't Stop The Music,0,2,21
don-t-sweetheart-me,Don't Sweetheart Me,0,1,1
don-t-take-advantage-of-me,Don't Take Advantage Of Me,0,0,1
don-t-take-any-wooden-nickels,Don't Take Any Wooden Nickels,0,0,0
don-t-take-it-away,Don't Take It Away,0,1,6
don-t-take-it-out-on-me,Don't Take it Out on Me,0,0,3
don-t-take-it-tonight,Don't Take It Tonight,0,0,0
don-t-take-your-guns-to-town,Don't Take Your Guns To Town,0,2,1
don-t-take-your-love-away-from-me,Don't Take Your Love Away From Me,0,0,1
don-t-tease-me,Don't Tease Me,0,0,3
don-t-tell-a-soul-i-love-you,Don't Tell A Soul I Love You,0,0,0
don-t-tell-him-that-i-m-still-crying,Don't Tell Him That I'm Still Crying,0,0,0
don-t-tell-mama,Don't Tell Mama,0,1,3
don-t-tell-me,Don't Tell Me,0,7,27
don-t-tell-me-what-to-do,Don't Tell Me What To Do,0,0,3
don-t-tell-me-you-re-not-in-love,Don't Tell Me You're Not In Love,0,0,0
don-t-tell-me-you-re-sorry,Don't Tell Me You're Sorry,0,0,0
don-t-tell-me-your-troubles,Don't Tell Me Your Troubles,0,3,1
don-t-tell-my-wife,Don't Tell My Wife,0,0,0
don-t-the-girls-all-get-prettier-at-closing-time,Don't The Girls All Get Prettier At Closing Time,0,0,1
don-t-think-i-don-t-love-you,Don't Think I Don't Love You,0,0,1
don-t-think-i-ll-cry,Don't Think I'll Cry,0,1,1
don-t-think-it-ain-t-been-fun-dear,Don't Think It Ain't Been Fun Dear,0,0,0
don-t-think-twice,Don't Think Twice,0,6,4
dont-think-twice-its-all-right,"Don't Think Twice, It's All Right",1,6,1
don-t-think-twice-it-s-alright,Don't Think Twice It's Alright,0,7,0
don-t-this-road-look-rough-and-rocky,Don't This Road Look Rough And Rocky,1,15,1
dont-this-road-look-rough-and-rocky,Don’t This Road Look Rough And Rocky,1,15,1
don-t-throw-me-away,Don't Throw Me Away,0,0,1
don-t-throw-your-life-away,Don't Throw Your Life Away,0,0,0
dont-throw-your-life-away,Don’t Throw Your Life Away,0,0,0
don-t-toss-us-away-lyrics-and-chords,Don't Toss us Away Lyrics and Chords,0,0,0
don-t-touch-me-lyrics-and-chords,Don't Touch Me Lyrics and Chords,0,0,0
don-t-touch-me-there,Don't Touch Me There,0,0,6
don-t-trade-your-old-fashioned-sweetheart,Don't Trade Your Old Fashioned Sweetheart,0,0,0
don-t-trifle-on-your-sweetheart,Don't Trifle On Your Sweetheart,0,0,0
don-t-turn-around,Don't Turn Around,0,0,11
don-t-use-my-heart-for-a-stepping-stone,Don't Use My Heart For A Stepping Stone,0,0,0
don-t-use-the-word-lightly,Don't Use The Word Lightly,0,0,0
don-t-wait-on-me,Don't Wait On Me,0,0,0
don-t-wait-the-last-minute-to-pray,Don't Wait The Last Minute To Pray,0,0,0
don-t-wait-till-judgment-day,Don't Wait Till Judgment Day,0,0,0
don-t-wait-till-tomorrow,Don't Wait Till Tomorrow,0,0,0
dont-wake-me-im-dreaming,Don’t Wake Me I’m Dreaming,0,0,0
don-t-walk-away,Don't Walk Away,0,0,36
don-t-walk-away-from-me,Don't Walk Away From Me,0,0,1
don-t-want-to-live-without-honey,Don't Want To Live Without Honey,0,0,1
don-t-waste-it-on-the-blues,Don't Waste It On The Blues,0,0,0
dont-we-all-have-the-right,Don’t We All Have The Right,0,0,1
don-t-wish-me-merry-christmas,Don't Wish Me Merry Christmas,0,0,1
don-t-worry-about-me,Don't Worry About Me,0,0,5
don-t-worry-about-the-runt-lord,Don't Worry About The Runt Lord,0,0,0
don-t-worry-bout-me,Don't Worry 'Bout Me,0,0,3
don-t-worry-bout-the-mule,Don't Worry 'Bout The Mule,0,0,0
dont-worry-bout-the-mule-just-load-the-wagon,"Don’t Worry ’bout the Mule, Just Load the Wagon",0,0,0
don-t-you-be-fooling-with-a-fool,Don't You Be Fooling With A Fool,0,0,0
don-t-you-believe,Don't You Believe,0,0,2
don-t-you-believe-her,Don't You Believe Her,0,0,1
don-t-you-believe-him,Don't You Believe Him,0,0,1
dont-you-call-my-name,Don’t You Call My Name,0,3,1
don-t-you-ever-get-tired,Don't You Ever Get Tired,0,0,0
don-t-you-get-lonesome-without-me,Don't You Get Lonesome Without Me,0,0,0
don-t-you-go-loving-nobody-else,Don't You Go Loving Nobody Else,0,0,0
don-t-you-hear-me-calling-you,Don't You Hear Me Calling You,0,0,1
don-t-you-know,Don't You Know,0,1,36
don-t-you-know-how-much-i-love-you,Don't You Know How Much I Love You,0,0,0
don-t-your-memory-ever-sleep-at-night,Don't Your Memory Ever Sleep at Night,0,0,0
don-t-you-say-nothing-at-all,Don't You Say Nothing At All,0,0,0
don-t-you-see-that-train,Don't You See That Train,0,1,1
don-t-you-think,Don't You Think,0,0,3
dont-you-think-its-time,Don’t You Think It’s Time,0,1,3
don-t-you-want-to-be-a-lover-tonight,Don't You Want To Be A Lover Tonight,0,0,0
don-t-you-want-to-be-my-girl,Don't You Want To Be My Girl,0,0,1
dooley,Dooley,1,10,1
doorstep-to-heaven,Doorstep To Heaven,0,0,1
door-to-my-heart,Door To My Heart,0,0,1
do-re-mi,Do Re Mi,1,4,11
do-right-daddy,Do Right Daddy,0,0,0
do-the-best-you-can,Do The Best You Can,0,0,2
do-the-right-thing,Do The Right Thing,0,0,5
double-date,Double Date,0,0,1
do-wacka-do,Do Wacka Do,0,0,1
do-what-you-do-do-well,Do What You Do Do Well,0,0,2
do-what-you-gotta-do,Do What You Gotta Do,0,2,7
down-along-the-bayou-country,Down Along The Bayou Country,0,0,1
down-along-the-dixie-line,Down Along the Dixie Line,1,1,1
down-among-the-budded-roses,Down Among The Budded Roses,1,1,1
down-and-out,Down And Out,0,1,22
down-and-out-this-way-again,Down And Out This Way Again,0,0,0
down-at-ginny-s,Down At Ginny's,0,0,0
down-at-the-bottom-of-a-broken-heart,Down At The Bottom of A Broken Heart,0,0,0
down-at-the-corner-at-a-bar-called-kelly-s,Down At The Corner At A Bar Called Kelly's,0,0,0
down-at-the-corner-bar,Down At The Corner Bar,0,0,1
down-at-the-end-of-memory-lane,Down At The End Of Memory Lane,1,0,0
down-at-the-old-corral,Down At The Old Corral,0,0,0
down-at-the-twist-and-shout,Down At The Twist And Shout,0,0,1
down-but-i-keep-on-falling,Down But I Keep On Falling,0,0,0
down-by-the-old-river,Down By The Old River,0,0,0
down-by-the-railroad-track,Down By The Railroad Track,0,1,0
down-by-the-river,Down By The River,0,3,20
down-by-the-river-1,Down by the River,0,3,20
down-by-the-riverside,Down By The Riverside,0,2,12
down-by-the-riverside-1,Down By The Riverside,0,2,12
down-by-the-riverside-2,Down By The Riverside,0,2,12
down-came-the-rain,Down Came The Rain,0,0,3
down-came-the-world,Down Came The World,0,0,1
down-deep-inside,Down Deep Inside,0,0,1
down-down-down,Down Down Down,0,3,31
down-east-boy,Down East Boy,0,0,0
downfall-of-me,Downfall Of Me,0,0,0
down-from-his-glory,Down From His Glory,0,0,1
down-hearted-blues,Down Hearted Blues,0,0,1
down-here-on-my-knees,Down Here On My Knees,0,0,0
down-home,Down Home,0,2,15
down-home-dispensary,Down Home Dispensary,1,1,1
down-in-caroline,Down In Caroline,0,2,1
down-in-little-egypt,Down in Little Egypt,1,3,0
down-in-mexico,Down In Mexico,0,0,4
down-in-tennessee,Down In Tennessee,0,1,2
down-in-tennessee-blues,Down in Tennessee Blues,1,0,0
down-in-texas-today,Down In Texas Today,0,0,0
down-in-the-boondocks,Down In The Boondocks,0,1,1
down-in-the-valley,Down In The Valley,1,14,8
down-in-the-willow-garden,Down In The Willow Garden,1,20,3
down-in-the-willow-garden-1,Down In The Willow Garden,1,20,3
down-louisiana-way,Down Louisiana Way,0,0,1
down-lovers-lane-alone,Down Lovers Lane Alone,0,0,0
down-on-my-knees,Down On My Knees,0,0,8
down-on-the-corner-of-love,Down On The Corner Of Love,0,0,1
down-on-the-farm,Down On The Farm,0,3,13
down-on-the-old-plantation,Down On The Old Plantation,0,0,1
down-on-the-rio-grande,Down On The Rio Grande,0,0,0
down-the-line,Down The Line,0,12,26
down-the-old-road-to-home,Down The Old Road To Home,0,0,1
down-the-road,Down The Road,1,39,32
down-the-road-i-go,Down The Road I Go,0,0,4
down-the-road-of-life,Down The Road Of Life,1,0,0
down-the-sawdust-trail,Down The Sawdust Trail,0,0,0
down-the-street-to-301,Down The Street To 301,0,0,1
down-the-trail-of-aching-hearts,Down the Trail of Aching Hearts,0,0,0
down-to-her-socks,Down To Her Socks,0,0,1
down-to-my-last-broken-heart,Down To My Last Broken Heart,0,0,1
down-to-my-last-come-and-get-me,Down To My Last Come And Get Me,0,0,1
down-to-my-last-goodbye,Down To My Last Goodbye,0,0,0
down-to-my-last-teardrop,Down To My Last Teardrop,0,0,1
down-to-our-last-goodbye,Down To Our Last Goodbye,0,0,0
down-to-the-river,Down To The River,0,9,18
down-to-the-river-to-pray,Down To The River To Pray,1,5,2
down-to-the-river-to-pray-oh-brother,Down to the River to Pray Oh Brother,1,0,0
down-to-the-valley-to-pray,Down To The Valley To Pray,1,0,0
down-where-the-dark-waters-flow,Down Where The Dark Waters Flow,0,0,0
down-where-the-river-bends,Down Where The River Bends,1,7,1
down-where-the-still-waters-flow,Down Where The Still Waters Flow,1,6,1
down-where-the-trade-winds-blow,Down Where The Trade Winds Blow,0,0,0
down-yonder,Down Yonder,1,25,1
down-yonder-1,Down Yonder,1,25,1
do-you-believe-me-now,Do You Believe Me Now,0,0,2
do-you-care-for-me,Do You Care For Me,0,0,0
do-you-ever-fool-around,Do You Ever Fool Around,0,0,0
do-you-ever-think-of-me,Do You Ever Think Of Me,0,4,3
do-you-expect-a-reward-from-god,Do You Expect A Reward From God,0,0,0
do-you-hear-what-i-hear,Do You Hear What I Hear,0,4,0
do-you-know-my-jesus,Do You Know My Jesus,0,0,0
do-you-know-my-jesus-1,Do You Know My Jesus,0,0,0
do-you-know-what-its-like-to-be-lonesome,Do You Know What It’s Like To Be Lonesome,0,0,0
do-you-know-you-are-my-sunshine,Do You Know You Are My Sunshine,0,1,1
do-you-live-what-you-preach,Do You Live What You Preach,1,5,1
do-you-love-as-good-as-you-look,Do You Love As Good As You Look,0,0,2
do-you-love-me,Do You Love Me,0,0,24
do-you-miss-me,Do You Miss Me,0,0,0
do-you-really-want-to-know,Do You Really Want To Know,0,0,1
do-you-remember-these,Do You Remember These,0,0,0
do-you-think,Do You Think,0,0,5
do-you-think-of-me,Do You Think Of Me,0,0,3
do-you-wanna-make-love,Do You Wanna Make Love,0,0,2
do-you-want-to-go-to-heaven,Do You Want To Go To Heaven,0,2,0
do-you-want-to-live-in-glory,Do You Want To Live In Glory,0,1,0
do-you-wonder-why,Do You Wonder Why,0,1,0
dozen-pair-of-boots,Dozen Pair Of Boots,0,0,0
dragging-the-river,Dragging The River,0,0,1
draggin-the-bow,Draggin' the Bow,0,2,3
draper-s-gardens,Draper's Gardens,0,0,0
dream,Dream,0,6,344
dream-baby,Dream Baby,0,0,6
dreamboat,Dreamboat,0,0,8
dream-high,Dream High,0,0,0
dreaming,Dreaming,0,1,145
dreaming-again,Dreaming Again,0,0,5
dreaming-my-dreams-with-you,Dreaming My Dreams With You,0,2,1
dreaming-of-a-little-cabin,Dreaming Of A Little Cabin,1,11,1
dreaming-of-christmas,Dreaming Of Christmas,0,1,0
dreaming-of-you,Dreaming Of You,0,4,41
dreaming-s-all-i-do,Dreaming's All I Do,0,0,0
dreaming-with-my-eyes-open,Dreaming With My Eyes Open,0,0,1
dreaming-with-tears-in-my-eyes,Dreaming With Tears In My Eyes,0,0,1
dream-lover,Dream Lover,0,0,14
dream-maker,Dream Maker,0,0,9
dream-of-a-miners-child,Dream Of A Miner’s Child,1,8,1
dream-of-me,Dream Of Me,0,2,5
dream-of-me-1,Dream Of Me,0,2,5
dream-on,Dream On,0,1,76
dream-on-she-ll-break-your-heart,Dream On (She'll Break Your Heart),0,0,0
dream-painter,Dream Painter,0,0,0
dreams,Dreams,1,8,251
dreams-of-a-dreamer,Dreams Of A Dreamer,0,0,1
dreams-of-the-everyday-housewife,Dreams of the Everyday Housewife,0,0,1
dreams-of-yesterday,Dreams of Yesterday,0,0,3
dream-tide,Dream Tide,0,0,0
dreamy-doll,Dreamy Doll,0,0,0
dreamy-eyes,Dreamy Eyes,0,0,2
dream-your-heartaches-away,Dream Your Heartaches Away,0,0,0
dreary-day,Dreary Day,0,0,0
driftin-away,Driftin' Away,0,0,4
drifting-apart,Drifting Apart,0,1,4
drifting-away,Drifting Away,0,3,35
drifting-texas-sand-lyrics-chords,Drifting Texas Sand Lyrics Chords,0,0,0
drifting-too-far-from-the-shore,Drifting Too Far From the Shore,1,19,1
drifting-with-the-tide,Drifting With The Tide,1,4,1
driftwood-on-the-river,Driftwood On The River,0,3,1
drinkin-bone,Drinkin' Bone,0,0,0
drinking-again,Drinking Again,0,1,3
drinking-and-dreaming,Drinking And Dreaming,0,0,0
drinking-and-driving,Drinking And Driving,0,0,2
drinking-dark-whiskey,Drinking Dark Whiskey,1,0,0
drinking-from-the-bottle,Drinking From The Bottle,0,0,1
drinking-my-way-back-home,Drinking My Way Back Home,0,0,0
drinking-old-memories-down,Drinking Old Memories Down,0,0,0
drinking-tequila,Drinking Tequila,0,0,1
drinking-them-beers,Drinking Them Beers,0,0,0
drinking-thing,Drinking Thing,0,0,0
drinking-wine-spo-dee-o-dee,Drinking Wine Spo-dee-o-dee,0,0,0
drinkin-man-s-blues,Drinkin' Man's Blues,0,0,0
drinkin-my-blues-away-lyrics-chords,Drinkin' My Blues Away Lyrics Chords,0,0,0
drinkin-songs-and-other-logic,Drinkin' Songs And Other Logic,0,0,0
drink-to-me,Drink To Me,0,0,2
drink-up-and-go-home,Drink Up And Go Home,1,7,1
drive-another-nail,Drive Another Nail,0,0,0
drive-for-daddy-gene,Drive (For Daddy Gene),0,1,1
drive-in-show,Drive In Show,0,0,1
drive-me-to-drink,Drive Me To Drink,0,0,1
drive-on,Drive On,0,0,13
drive-you-out-of-my-mind,Drive You Out Of My Mind,0,0,0
driving-me-out-of-your-mind,Driving Me Out Of Your Mind,0,0,0
driving-my-life-away,Driving My Life Away,0,0,0
driving-nails-in-my-coffin,Driving Nails In My Coffin,1,1,0
drop-kick-me-jesus,Drop Kick Me Jesus,1,0,0
drop-me-gently,Drop Me Gently,0,0,1
dropping-out-of-sight,Dropping Out of Sight,0,0,2
drop-some-silver-in-the-jukebox,Drop Some Silver In The Jukebox,0,0,0
drop-us-off-at-bob-s-place,Drop Us Off At Bob's Place,0,0,1
drowning-my-troubles,Drowning My Troubles,0,0,0
drowning-sailor,Drowning Sailor,0,0,0
drowsy-maggie,Drowsy Maggie,1,0,1
drug-problem,Drug Problem,0,0,1
d-r-u-n-k,D-R-U-N-K,0,0,0
drunk-and-crazy,Drunk And Crazy,0,0,3
drunkards-hell,Drunkard’s Hell,0,1,1
dry-and-dusty,Dry and Dusty,1,9,2
dry-town,Dry Town,1,2,1
dubuque,Dubuque,1,0,0
duchess-of-york-s-waltz,Duchess of York's Waltz,0,0,0
ducks-on-millpond,Ducks on Millpond,1,0,0
ducks-on-the-millpond,Ducks on the Millpond,1,10,1
dude-cowboy,Dude Cowboy,0,0,1
dueling-banjos,Dueling Banjos,1,18,1
dumas-walker,Dumas Walker,0,0,0
dumb-blonde,Dumb Blonde,0,1,3
dum-dum,Dum Dum,0,0,10
duncan-and-brady,Duncan and Brady,1,2,4
durang-s-hornpipe,Durang's Hornpipe,1,10,1
durham-s-reel,Durham's Reel,1,5,0
dust-bowl-children,Dust Bowl Children,1,3,1
dust-in-a-baggie,Dust In A Baggie,1,2,1
dust-on-mother-s-bible,Dust On Mother's Bible,0,0,1
dust-on-the-bible,Dust on the Bible,1,8,1
dusty-boxcar-wall,Dusty Boxcar Wall,1,1,1
dusty-miller,Dusty Miller,1,26,3
dusty-road,Dusty Road,0,0,5
dusty-s-hornpipe,Dusty's Hornpipe,0,0,0
dusty-skies,Dusty Skies,0,0,1
duvalier-s-dream,Duvalier's Dream,0,0,0
dyin-breed,Dyin' Breed,0,0,0
dyin-for-someone-to-live-for,Dyin' For Someone To Live For,0,0,0
dying-a-sinners-death,Dying A Sinner’s Death,0,1,0
dying-californian,Dying Californian,1,1,2
dying-mother-the,"Dying Mother, The",0,0,0
dying-soldier-the,"Dying Soldier, The",0,0,0
dynamite,Dynamite,0,1,66
each-beat-of-my-heart-lyrics-chords,Each Beat Of My Heart Lyrics Chords,0,0,0
each-day,Each Day,0,0,7
each-night-at-nine,Each Night At Nine,0,0,1
each-night-i-dream-of-you-darling,Each Night I Dream of You Darling,1,0,0
each-season-changes-you,Each Season Changes You,1,5,1
each-step-i-take,Each Step I Take,0,0,0
each-step-of-the-way,Each Step Of The Way,0,0,1
each-time,Each Time,0,0,2
each-time-you-leave-lyrics-chords,Each Time You Leave Lyrics Chords,0,0,0
earl-eddy-s-breakdown,Earl Eddy's Breakdown,0,0,0
earls-breakdown,Earl's Breakdown,1,16,1
early-in-the-morning,Early In The Morning,0,2,28
early-morning-rain,Early Morning Rain,1,6,0
early-mornin-kind-of-love,Early Mornin’ Kind Of Love,0,0,0
earth-angel,Earth Angel,0,0,3
earth-has-no-sorrow-that-heaven-cannot-heal,Earth Has No Sorrow (That Heaven Cannot Heal),0,0,0
earth-up-above,Earth Up Above,0,0,0
ease-me-to-the-ground,Ease Me To The Ground,0,0,0
ease-the-fever,Ease The Fever,0,0,1
ease-your-pain,Ease Your Pain,0,0,2
eastbound-and-down,Eastbound And Down,0,0,0
east-bound-freight-train,East Bound Freight Train,1,8,1
easter-parade,Easter Parade,0,1,3
east-of-west-berlin,East Of West Berlin,0,0,0
east-tennessee-blues,East Tennessee Blues,1,24,1
east-virginia,East Virginia,1,6,3
east-virginia-blues,East Virginia Blues,1,20,1
easy,Easy,0,2,123
easy-as-pie,Easy As Pie,0,1,6
easy-as-you-go,Easy As You Go,0,0,2
easy-come-easy-go,Easy Come Easy Go,0,1,35
easy-come-easy-go-1,Easy Come Easy Go,0,1,35
easy-come-easy-go-2,Easy Come Easy Go,0,1,35
easy-come-hard-to-go,Easy Come Hard To Go,0,0,0
easy-come-on,Easy Come On,0,0,1
easy-for-me-to-say,Easy For Me To Say,0,0,0
easy-for-you-to-say,Easy For You To Say,0,0,4
easy-from-now-on,Easy From Now On,0,1,1
easy-love,Easy Love,0,0,19
easy-loving,Easy Loving,0,0,1
easy-lovin-kind,Easy Lovin’ Kind,0,0,0
easy-on-the-eyes-lyrics-chords,Easy On The Eyes Lyrics Chords,0,0,0
easy-ride-from-good-times-to-the-blues,Easy Ride From Good Times To The Blues,0,1,0
easy-rocking-chair,Easy Rocking Chair,0,0,0
easy-time,Easy Time,0,0,2
easy-to-fall-in-love,Easy To Fall In Love,0,0,0
easy-to-love-you,Easy To Love You,0,0,6
easy-to-please,Easy To Please,0,0,1
easy-touch,Easy Touch,0,0,2
eat-drink-and-be-merry,Eat Drink And Be Merry,0,0,0
eating-out-of-your-hand,Eating Out Of Your Hand,0,5,0
ebenezer,Ebenezer,1,3,3
ebony-eyes,Ebony Eyes,0,0,5
echo-bonita-lyrics-chords,Echo Bonita Lyrics Chords,0,0,0
echoes,Echoes,0,1,165
echoes-and-shadows,Echoes And Shadows,0,0,2
echoes-from-the-burning-bush,Echoes From The Burning Bush,0,1,0
echoes-of-love,Echoes Of Love,0,0,2
echo-island,Echo Island,0,0,0
echo-mountain,Echo Mountain,0,0,1
edelweiss,Edelweiss,1,2,19
edge-of-a-memory,Edge Of A Memory,0,0,0
educated-mama,Educated Mama,0,0,1
eighteen-wheels,Eighteen Wheels,0,2,2
eighteen-wheels-and-a-dozen-roses,Eighteen Wheels And A Dozen Roses,0,0,1
eighteen-yellow-roses,Eighteen Yellow Roses,0,0,0
eighth-of-january,Eighth of January,1,14,1
eighth-of-january-1,Eighth of January,1,14,1
eight-more-miles-to-louisville,Eight More Miles To Louisville,1,16,1
eight-thirty-blues,Eight Thirty Blues,1,0,0
eileen,Eileen,0,0,10
el-coyote,El Coyote,0,1,3
el-cumbanchero,El Cumbanchero,1,4,1
eleven-roses-chords-and,Eleven Roses chords and,0,0,0
el-gavilan,El Gavilan,0,0,0
elijah,Elijah,0,2,9
elise,Elise,0,0,14
elizabeth-lyrics-with-chords,Elizabeth Lyrics with Chords,0,0,0
elk-river-blues,Elk River Blues,1,3,1
ellie,Ellie,0,0,3
el-paso,El Paso,0,2,7
el-paso-city,El Paso City,0,0,1
el-rancho-de-rio-lyrics-chords,El Rancho De Rio Lyrics Chords,0,0,0
elusive-butterfly,Elusive Butterfly,0,1,1
elvira,Elvira,0,0,12
elvis-presley-blues,Elvis Presley Blues,1,0,1
elzic-s-farewell,Elzic's Farewell,1,7,1
emd,EMD,1,3,0
emmylou,Emmylou,0,1,3
emotion,Emotion,0,0,40
emotion-devotion,Emotion Devotion,0,0,1
emotions,Emotions,1,5,46
empty-arms,Empty Arms,0,3,3
empty-arms-and-a-heart-full-of-sorrow,Empty Arms And A Heart Full Of Sorrow,0,0,0
empty-bed-blues,Empty Bed Blues,0,0,1
empty-bottles-empty-heart,Empty Bottles Empty Heart,0,0,0
empty-chair-at-the-christmas-table,Empty Chair At The Christmas Table,0,0,1
empty-chairs,Empty Chairs,0,0,2
empty-feelin,Empty Feelin',0,0,1
empty-hours,Empty Hours,0,0,2
empty-old-mailbox,Empty Old Mailbox,0,1,1
empty-saddles,Empty Saddles,0,0,1
empty-wallet-and-a-broken-heart,Empty Wallet And A Broken Heart,0,0,0
enclosed-one-broken-heart,Enclosed One Broken Heart,0,0,0
endless-highway,Endless Highway,0,5,3
endlessly,Endlessly,0,0,33
endless-sleep,Endless Sleep,0,0,4
endless-stream-of-tears,Endless Stream Of Tears,0,1,1
end-of-memory-lane,End Of Memory Lane,1,5,0
end-of-the-line,End of the Line,0,2,70
end-of-the-road,End of the Road,0,3,47
end-of-the-world,End Of The World,0,7,108
enemy,Enemy,0,0,80
engine-143,Engine 143,0,3,1
engine-engine-number-9,Engine Engine Number 9,0,0,0
england-swings,England Swings,0,0,1
english-sweetheart,English Sweetheart,0,0,0
enjoy-the-ride,Enjoy The Ride,0,1,8
enough-for-you-lyrics-and-chords,Enough For You Lyrics and Chords,0,0,0
enough-heart-to-hurt,Enough Heart To Hurt,0,0,0
enough-of-a-woman,Enough Of A Woman,0,0,1
enough-to-lie,Enough To Lie,0,0,0
enough-to-make-a-grown-man-cry,Enough To Make A Grown Man Cry,0,0,0
epitaph-black-and-blue,Epitaph (Black And Blue),0,0,0
erase-the-miles,Erase the Miles,0,2,1
eskimo-pie,Eskimo Pie,0,0,1
especially-for-fools,Especially For Fools,0,0,0
especially-you,Especially You,0,0,2
essence-of-old-kentucky,Essence of Old Kentucky,1,0,0
eternal-vacation,Eternal Vacation,0,1,1
eternity-has-two,Eternity Has Two,0,0,0
etiquette-blues,Etiquette Blues,0,0,0
eunice-two-step,Eunice Two-Step,0,0,0
evangeline,Evangeline,0,5,19
even-a-fool-would-let-go,Even A Fool Would Let Go,0,1,1
even-after-everything-she-s-done,Even After Everything She's Done,0,0,1
even-after-forever,Even After Forever,0,2,1
even-at-its-worst-it-s-still-the-best,Even At Its Worst It's Still The Best,0,0,0
even-a-wino-has-a-home,Even A Wino Has A Home,0,0,0
even-cowgirls-get-the-blues,Even Cowgirls Get The Blues,0,3,4
even-if-i-have-to-steal,Even If I Have To Steal,0,0,0
even-if-it-s-true,Even If It's True,0,0,1
evening-bells-are-ringing,Evening Bells Are Ringing,0,0,0
evening-gown,Evening Gown,0,0,2
evening-pleasures-schottische,Evening Pleasures Schottische,0,0,0
evening-star,Evening Star,0,3,27
evening-train-the,"Evening Train, The",1,0,0
even-now,Even Now,0,3,17
even-the-bad-times-are-good,Even The Bad Times Are Good,0,0,2
even-though-lyrics-chords,Even Though Lyrics chords,0,0,0
ever-changing-woman,Ever Changing Woman,0,0,1
ever-changing-woman-1,Ever Changing Woman,0,0,1
evergreen,Evergreen,0,3,100
evergreen-ok,Evergreen OK,1,1,1
everlasting,Everlasting,0,0,77
everlasting-hills-of-oklahoma,Everlasting Hills Of Oklahoma,0,0,1
everloving,Everloving,0,0,1
everlovin-never-changin-mind,Everlovin' Never Changin' Mind,0,0,0
ever-since-my-baby-went-away,Ever Since My Baby Went Away,0,0,0
ever-since-we-said-i-do,Ever Since We Said I Do,0,0,0
ever-since-you-went-away,Ever Since You Went Away,0,0,0
everybody-bring-a-song,Everybody Bring A Song,0,0,1
everybody-but-me,Everybody But Me,0,2,1
everybody-but-me-1,Everybody But Me,0,2,1
everybody-comes-aboard,Everybody Comes Aboard,0,0,0
everybody-does-it-in-hawaii,Everybody Does It in Hawaii,0,3,1
everybody-in-the-whole-world-holding-hands,Everybody In The Whole World Holding Hands,0,0,0
everybody-knows,Everybody Knows,0,2,38
everybody-knows-but-you-and-me,Everybody Knows But You And Me,0,0,1
everybody-loves-me-but-you,Everybody Loves Me But You,0,0,1
everybody-loves-somebody,Everybody Loves Somebody,0,0,3
everybody-loves-somebody-sometimes,Everybody Loves Somebody Sometimes,0,0,0
everybody-loves-to-hear-a-bird-sing,Everybody Loves To Hear A Bird Sing,0,0,1
everybody-makes-mistakes,Everybody Makes Mistakes,0,0,2
everybody-needs-a-hero,Everybody Needs A Hero,0,0,3
everybody-needs-somebody,Everybody Needs Somebody,0,0,7
everybodys-darling-plus-mine,Everybody’s Darling Plus Mine,0,0,0
everybody-s-got-a-girl-but-me,Everybody's Got A Girl But Me,0,0,0
everybodys-got-problems,Everybody’s Got Problems,0,0,0
everybodys-had-the-blues,Everybody’s Had The Blues,0,0,2
everybodys-reaching-out-for-someone,Everybody’s Reaching Out For Someone,0,1,1
everybody-s-somebody-s-fool,Everybody's Somebody's Fool,0,2,4
everybody-s-sweetheart,Everybody's Sweetheart,0,1,1
everybody-s-talkin,Everybody's Talkin',0,5,2
everybody-wants-to-go-to-heaven,Everybody Wants To Go To Heaven,0,3,3
everybody-will-be-happy-over-there,Everybody Will Be Happy Over There,1,7,0
everyday,Everyday,0,1,110
everyday-1,Everyday,0,1,110
everyday-2,Everyday,0,1,110
every-day-i-have-to-cry-some,Every Day I Have To Cry Some,0,0,1
everyday-of-my-life,Everyday Of My Life,0,0,3
everyday-s-a-happy-day-for-fools,Everyday's A Happy Day For Fools,0,0,0
everyday-will-be-sunday-after-while,Everyday Will Be Sunday After While,0,0,0
every-day-will-be-sunday-bye-and-bye,Every Day Will Be Sunday Bye And Bye,0,0,0
every-drop-of-water,Every Drop Of Water,0,1,0
every-fool-has-a-rainbow,Every Fool Has A Rainbow,0,0,1
every-good-reason,Every Good Reason,0,0,0
every-heart-should-have-one,Every Heart Should Have One,0,0,1
every-little-thing-rolled-into-one,Every Little Thing Rolled Into One,0,0,0
every-minute-i-want-jesus-by-my-side,Every Minute I Want Jesus By My Side,0,0,0
every-night-about-this-time,Every Night About This Time,0,0,4
every-night-about-this-time-1,Every Night About This Time,0,0,4
every-now-and-then,Every Now And Then,0,1,15
every-now-and-then-1,Every Now And Then,0,1,15
every-now-and-then-2,Every Now And Then,0,1,15
every-now-and-then-3,Every Now And Then,0,1,15
everyone-has-someone-they-can-t-forget,Everyone Has Someone They Can't Forget,0,0,0
everyone-needs-someone,Everyone Needs Someone,0,0,0
every-other-friday-at-five,Every Other Friday At Five,0,0,0
every-step-of-the-way,Every Step Of The Way,0,0,11
every-step-of-the-way-lyrics-and-chords,Every Step Of The Way Lyrics and Chords,0,0,0
everything,Everything,0,0,183
everything-begins-and-ends-with-you-lyrics-and-chords,Everything Begins And Ends With You Lyrics and Chords,0,0,0
everything-but-my-heart,Everything But My Heart,0,0,1
everything-but-the-wings,Everything But The Wings,0,1,0
everything-but-you,Everything But You,0,3,6
everything-from-jesus-to-jack-daniels,Everything From Jesus To Jack Daniels,0,0,1
everything-has-changed,Everything Has Changed,0,1,6
everything-i-am,Everything I Am,0,0,8
everything-i-am-loves-you,Everything I Am Loves You,0,0,0
everything-i-do-is-wrong,Everything I Do is Wrong,0,0,2
everything-i-had-going-for-me-is-gone,Everything I Had Going For Me Is Gone,0,1,0
everything-i-ll-ever-own,Everything I'll Ever Own,0,0,1
everything-i-love,Everything I Love,0,1,5
everything-i-own,Everything I Own,0,0,4
everything-is-beautiful,Everything is Beautiful,0,0,9
everything-is-nothing-without-you,Everything Is Nothing Without You,0,0,0
everything-i-touch-turns-to-sugar,Everything I Touch Turns To Sugar,0,0,0
everything-i-used-to-do,Everything I Used To Do,0,0,0
everything-reminds-me-you-re-gone,Everything Reminds Me You're Gone,0,0,1
everything-s-alright,Everything's Alright,1,6,15
everything-s-a-wreck-since-you-re-gone,Everything's A Wreck (Since You're Gone),0,0,1
everything-s-coming-up-roses,Everything's Coming Up Roses,0,0,3
everything-s-found-a-home-with-me-but-you,Everything's Found A Home With Me But You,0,0,0
everything-she-touches-gets-the-blues,Everything She Touches Gets The Blues,0,2,1
everything-she-touches-turns-to-love,Everything She Touches Turns To Love,0,0,1
everything-s-okay,Everything's Okay,0,0,2
everything-that-i-own-has-got-a-dent,Everything That I Own (Has Got A Dent),0,0,0
everything-that-s-beautiful-lyrics-and-chords,Everything That's Beautiful Lyrics and Chords,0,0,0
everything-turned-to-love,Everything Turned To Love,0,0,0
everything-you-touch-turns-to-hurt,Everything You Touch Turns To Hurt,0,0,0
every-third-monday,Every Third Monday,0,0,0
every-time-i-ask-my-heart,Every Time I Ask My Heart,0,0,0
every-time-i-do,Every Time I Do,0,0,0
everytime-i-hear-that-song,Everytime I Hear That Song,0,0,0
every-time-i-itch-i-wind-up-scratching-you,Every Time I Itch I Wind Up Scratching You,0,0,0
every-time-i-m-kissing-you,Every Time I'm Kissing You,0,0,0
everytime-i-see-you-smiling,Everytime I See You Smiling,0,0,0
everytime-i-think-about-you,Everytime I Think About You,0,0,0
every-time-i-think-it-s-over,Every Time I Think It's Over,0,0,0
every-time-it-rains-lord-don-t-it-pour,Every Time It Rains (Lord Don't It Pour),0,0,0
every-time-i-turn-the-radio-on,Every Time I Turn The Radio On,0,0,1
every-time-that-it-rains,Every Time That It Rains,0,0,0
every-time-the-world-goes-round,Every Time The World Goes Round,0,0,0
every-time-they-play-our-song,Every Time They Play Our Song,0,0,0
every-time-two-fools-collide,Every Time Two Fools Collide,0,0,1
every-time-you-leave,Every Time You Leave,0,2,3
every-time-you-say-good-bye,Every Time You Say Good-Bye,1,0,0
every-time-you-throw-dirt-on-her,Every Time You Throw Dirt On Her,0,0,0
every-time-you-touch-her,Every Time You Touch Her,0,0,0
everywhere-i-turn-there-s-your-memory,Everywhere I Turn (There's Your Memory),0,0,0
everywhere-we-go,Everywhere We Go,0,0,2
everywhere-you-go,Everywhere You Go,0,0,7
every-which-a-way,Every Which-A- Way,0,0,2
every-which-way-but-loose,Every Which Way But Loose,0,0,1
evil-on-your-mind,Evil On Your Mind,0,0,1
evil-tempt-me-not,Evil Tempt Me Not,0,0,0
except-the-lord,Except The Lord,0,0,0
excuse-me,Excuse Me,0,1,21
excuse-me-baby,Excuse Me Baby,0,0,1
excuse-me-for-living,Excuse Me For Living,0,0,1
expressing-my-love,Expressing My Love,0,0,0
eye-of-a-hurricane,Eye Of A Hurricane,0,0,1
eye-of-the-storm,Eye Of The Storm,0,1,80
eyes,Eyes,0,0,64
eyes-as-big-as-dallas,Eyes As Big As Dallas,0,0,0
eyes-that-see-in-the-dark,Eyes That See In The Dark,0,1,1
face-lost-in-the-crowd,Face Lost In The Crowd,1,1,0
face-of-a-clown,Face Of A Clown,0,0,1
face-of-a-fighter,Face Of A Fighter,0,0,1
face-of-despair,Face Of Despair,0,0,1
face-to-face,Face To Face,0,1,103
face-to-face-1,Face to Face,0,1,103
face-to-face-2,Face To Face,0,1,103
face-to-the-wall,Face To The Wall,0,0,2
facing-the-wall,Facing The Wall,0,0,0
faded-blue,Faded Blue,0,0,0
faded-coat-of-blue,Faded Coat Of Blue,1,4,3
faded-flowers,Faded Flowers,1,0,1
faded-lights-and-lonesome-people,Faded Lights And Lonesome People,0,0,0
faded-love,Faded Love,1,18,3
faded-love-1,Faded Love,1,18,3
faded-love-and-winter-roses,Faded Love and Winter Roses,0,2,2
fadin-in-fadin-out,Fadin’ In Fadin’ Out,0,0,0
fair-and-tender-ladies,Fair and Tender Ladies,1,9,3
fairchild,Fairchild,0,0,3
fairest-lord-jesus,Fairest Lord Jesus,0,0,8
fair-swiss-maiden,Fair Swiss Maiden,0,0,1
fair-weather-friends,Fair Weather Friends,0,1,2
fair-weather-lover,Fair Weather Lover,0,0,1
faith,Faith,0,1,134
faith-and-truth,Faith And Truth,0,0,1
faith-came-back-to-me,Faith Came Back To Me,0,0,1
faithfully,Faithfully,0,1,5
faith-in-you,Faith In You,0,0,7
faith-unlocks-the-door,Faith Unlocks The Door,0,0,0
fall-back-on-me,Fall Back On Me,0,0,1
fallen-angel-lyrics-chords,Fallen Angel Lyrics Chords,0,0,0
fallen-leaves,Fallen Leaves,0,2,24
fallin,Fallin',0,1,40
fallin-again,Fallin' Again,0,0,1
fallin-as-fast-as-i-can,Fallin' As Fast As I Can,0,0,0
falling,Falling,0,5,282
falling-1,Falling,0,5,282
falling-again,Falling Again,0,0,9
falling-back-to-you-lyrics-and-chords,Falling Back to You Lyrics and Chords,0,0,0
falling-falling-falling,Falling Falling Falling,0,0,0
falling-for-you,Falling For You,0,1,26
falling-for-you-1,Falling For You,0,1,26
falling-for-you-for-years,Falling For You For Years,0,0,0
falling-in-love,Falling In Love,0,2,47
falling-in-love-1,Falling In Love,0,2,47
falling-in-love-again,Falling In Love Again,0,1,18
falling-leaves,Falling Leaves,0,4,29
falling-to-the-bottom,Falling To The Bottom,0,0,0
fall-in-love-with-you,Fall In Love With You,0,0,3
fallin-out,Fallin’ Out,0,0,3
fall-on-my-knees,Fall on my Knees,1,11,2
fall-softly-snow,Fall Softly Snow,0,0,0
false-eyelashes,False Eyelashes,0,1,1
family-bible-lyrics-and-chords,Family Bible Lyrics and Chords,1,0,0
family-reunion,Family Reunion,0,3,24
family-reunion-1,Family Reunion,0,3,24
family-ties-won-t-be-broken-in-heaven,Family Ties Won't Be Broken In Heaven,0,0,0
family-tradition,Family Tradition,0,0,2
family-tree,Family Tree,0,2,27
family-tree-1,Family Tree,0,2,27
famous-last-words,Famous Last Words,0,0,19
famous-last-words-of-a-fool,Famous Last Words Of A Fool,0,0,0
fancy-free,Fancy Free,0,0,7
fancy-satin-pillows,Fancy Satin Pillows,0,0,1
fan-it,Fan It,0,0,2
far-above-the-starry-sky,Far Above The Starry Sky,0,2,1
far-away,Far Away,1,5,158
far-away-heart,Far Away Heart,0,0,0
far-better-than-this,Far Better Than This,0,1,0
far-cry,Far Cry,0,2,15
fare-thee-well,Fare Thee Well,1,7,14
farewell-angelina,Farewell Angelina,1,5,1
farewell-blues,Farewell Blues,1,26,3
farewell-nellie,"Farewell, Nellie",1,0,0
farewell-party,Farewell Party,0,3,5
far-far-away,Far Far Away,0,0,20
farmer-and-the-lord,Farmer And The Lord,0,0,1
farmers-blues,Farmers Blues,0,0,0
farmer-s-daughter,Farmer's Daughter,0,4,5
farmer-s-song,Farmer's Song,0,0,2
far-side-banks-of-jordan,Far Side Banks Of Jordan,1,4,1
far-side-of-the-bed,Far Side Of The Bed,0,0,0
farther-along,Farther Along,1,21,4
farther-along-lyrics-and-chords,Farther Along Lyrics and Chords,1,0,0
farther-and-farther-apart,Farther And Farther Apart,0,0,1
farther-down-the-line,Farther Down The Line,0,1,1
farther-than-my-eyes-can-see,Farther Than My Eyes Can See,0,0,0
farther-to-go,Farther To Go,0,0,0
farthest-thing-from-my-mind,Farthest Thing From My Mind,0,0,0
fast-as-you,Fast As You,0,1,1
fast-company,Fast Company,0,0,3
faster-horses,Faster Horses,0,0,1
fast-movin-train,Fast Movin' Train,0,0,0
fast-way-of-livin,Fast Way Of Livin’,0,0,0
fast-women-slow-horses-and-wine,Fast Women Slow Horses And Wine,0,0,0
fate-of-dewey-lee-the,"Fate Of Dewey Lee, The",1,0,0
father-knows-best,Father Knows Best,0,1,4
father-of-judy-ann,Father Of Judy Ann,0,0,0
father-son-and-holy-ghost,Father Son and Holy Ghost,0,0,0
faults-and-all,Faults And All,0,0,1
favorite-fool-of-all,Favorite Fool Of All,0,0,1
feather-of-a-dove,Feather Of A Dove,0,0,0
federal-hornpipe,Federal Hornpipe,0,0,0
feed-it-a-memory,Feed It A Memory,0,0,0
feel-again-lyrics-and-chords,Feel Again Lyrics and Chords,0,0,0
feel-free-to-go,Feel Free To Go,0,0,1
feeling-blue,Feeling Blue,0,2,9
feeling-like-a-woman,Feeling Like A Woman,0,0,0
feeling-mighty-fine,Feeling Mighty Fine,0,0,0
feeling-mortal,Feeling Mortal,0,0,1
feelings,Feelings,0,0,69
feelings-change,Feelings Change,0,0,1
feeling-single-seeing-double,Feeling Single Seeing Double,0,0,0
feeling-the-weight-of-my-chains,Feeling The Weight Of My Chains,0,0,0
feelin-the-feelin,Feelin' The Feelin',0,0,1
feel-like-going-home,Feel Like Going Home,0,2,4
feel-of-me,Feel Of Me,0,0,1
feel-right,Feel Right,0,0,1
feels-like-a-saturday-night,Feels Like A Saturday Night,0,0,0
feels-like-love,Feels Like Love,0,2,6
feels-so-right,Feels So Right,0,0,7
feet,Feet,0,0,6
feet-on-the-rock,Feet On The Rock,0,0,0
feleena,Feleena,0,0,0
feliz-navidad,Feliz Navidad,0,1,7
fell-in-love-on-monday,Fell In Love On Monday,0,0,1
feminine-touch,Feminine Touch,0,0,0
festival-waltz,Festival Waltz,0,3,1
fever,Fever,0,0,142
fever-1,Fever,0,0,142
fiddlers-green,Fiddler's Green,1,1,4
field-of-dreams,Field Of Dreams,0,1,11
field-of-flowers,Field Of Flowers,0,0,3
field-of-yellow-daisies,Field Of Yellow Daisies,0,0,1
fields-have-turned-brown-the,"Fields Have Turned Brown, The",1,0,0
fifteen-beers,Fifteen Beers,0,0,0
fifteen-hugs-past-midnight,Fifteen Hugs Past Midnight,0,0,0
fifteen-hundred-times-a-day,Fifteen Hundred Times A Day,0,0,1
fifteen-years-ago,Fifteen Years Ago,0,1,1
fifteen-years-going-up,Fifteen Years Going Up,0,0,0
fifty-miles-of-elbow-room,Fifty Miles Of Elbow Room,0,1,2
fighting-a-memory,Fighting A Memory,0,0,0
fighting-fire-with-fire,Fighting Fire With Fire,0,0,1
fill-my-cup,Fill My Cup,0,0,5
final-affair,Final Affair,0,0,1
final-examination,Final Examination,0,0,1
finally,Finally,0,0,47
final-touches,Final Touches,0,0,0
find-em-fool-em-and-leave-em-alone,Find 'Em Fool 'Em And Leave 'Em Alone,0,2,1
finders-are-keepers,Finders Are Keepers,0,0,0
finders-keepers-losers-weepers,Finders Keepers Losers Weepers,0,0,3
find-her-keep-her,Find Her Keep Her,0,0,0
finding-your-way,Finding Your Way,0,1,1
find-out-what-s-happening,Find Out What's Happening,0,0,1
fine-as-wine,Fine As Wine,0,0,0
finer-things-in-life,Finer Things In Life,0,0,2
finest-gift,Finest Gift,0,0,0
fine-times-at-our-house,Fine Times at Our House,1,4,1
fingerprints,Fingerprints,0,0,25
fire-and-smoke,Fire And Smoke,0,0,2
fireball,Fireball,1,7,27
fireball-mail,Fireball Mail,1,22,1
fire-gets-higher,Fire Gets Higher,0,0,0
fire-in-our-bedroom,Fire In Our Bedroom,0,0,1
fire-on-the-mountain,Fire on the Mountain,1,40,8
fire-that-keeps-you-warm,Fire That Keeps You Warm,0,1,1
first-and-the-last-time,First And The Last Time,0,0,0
first-christmas-morn,First Christmas Morn,0,0,1
first-date-first-kiss-first-love,First Date First Kiss First Love,0,0,0
first-day-of-loneliness-lyrics-and-chords,First Day Of Loneliness Lyrics and Chords,0,0,0
first-fall-of-snow,First Fall Of Snow,0,4,0
first-fool-in-line,First Fool In Line,0,1,1
first-in-line,First In Line,0,1,5
first-love,First Love,0,1,75
first-romance,First Romance,0,0,1
first-step,First Step,0,1,29
first-step-to-heaven,First Step To Heaven,0,5,1
first-thing-every-morning,First Thing Every Morning,0,0,1
first-time,First Time,0,3,77
first-time-burned,First Time Burned,0,0,0
first-train-heading-south,First Train Heading South,0,0,0
first-whippoorwill-the,"First Whippoorwill, The",1,0,0
first-year-blues,First Year Blues,0,0,1
fisher-s-hornpipe,Fisher's Hornpipe,1,22,3
fishin-in-the-dark,Fishin' In The Dark,0,1,3
fishin-on-the-mississippi,Fishin' On The Mississippi,0,0,1
fist-city-lyrics-chords,Fist City Lyrics Chords,0,0,0
fit-for-a-king,Fit For A King,0,1,2
fit-to-be-tied-down,Fit To Be Tied Down,0,0,0
five-feet-high-and-rising,Five Feet High And Rising,0,0,1
five-fingers-left-lyrics-chords,Five Fingers Left Lyrics Chords,0,0,0
five-fingers-to-spare,Five Fingers To Spare,0,0,1
five-foot-two,Five Foot Two,0,2,0
five-hundred-miles,Five Hundred Miles,1,2,3
five-hundred-miles-away-from-home,Five Hundred Miles Away From Home,1,1,0
five-little-fingers,Five Little Fingers,0,0,1
five-minutes,Five Minutes,0,0,7
five-minutes-in-the-arms-of-the-right-woman,Five Minutes In The Arms Of The Right Woman,0,0,0
five-minutes-more,Five Minutes More,0,0,2
five-o-clock-500,Five O'Clock 500,0,0,1
five-sleepy-heads,Five Sleepy Heads,0,0,1
flame-in-my-heart,Flame In My Heart,0,1,2
flash-of-fire-lyrics-and-chords,Flash of Fire Lyrics and Chords,0,0,0
flat-footin-it,Flat Footin' It,0,0,1
flat-river-mo,Flat River Mo,0,0,0
flattery-will-get-you-everywhere,Flattery Will Get You Everywhere,0,0,1
flat-top-gibson-guitar,Flat Top Gibson Guitar,0,0,0
flat-top-guitar-blues,Flat Top Guitar Blues,0,0,0
flesh-and-blood,Flesh and Blood,0,2,21
flint-hill-special,Flint Hill Special,1,20,1
flip-flop-and-fly,Flip Flop And Fly,0,0,1
flop-eared-mule,Flop Eared Mule,1,23,1
florence-jean,Florence Jean,0,0,1
florida-blues,Florida Blues,1,20,1
flower-from-the-fields-of-alabama,Flower from the Fields of Alabama,0,3,0
flower-in-the-desert,Flower in the Desert,1,2,2
flower-of-love,Flower Of Love,0,0,2
flower-of-my-heart,Flower Of My Heart,0,0,1
flower-of-the-morning,Flower of the Morning,0,1,0
flowers-for-mama,Flowers For Mama,0,0,1
flowers-of-love,Flowers Of Love,0,1,3
flowers-on-the-wall,Flowers On The Wall,0,2,1
flowers-speak-louder-than-words,Flowers Speak Louder Than Words,0,0,0
flowers-won-t-grow,Flowers Won't Grow,0,0,0
floyd-county,Floyd County,0,0,1
fly-around-my-blue-eyed-gal,Fly Around My Blue-Eyed Gal,1,0,0
fly-around-my-pretty-little-miss,Fly Around My Pretty Little Miss,1,12,2
fly-away,Fly Away,0,2,147
fly-butterfly-fly,Fly Butterfly Fly,0,0,1
flying-colors,Flying Colors,0,0,5
flying-south,Flying South,0,4,4
flying-with-angels,Flying With Angels,0,0,1
fly-into-love,Fly Into Love,0,0,0
fly-little-bluebird,Fly Little Bluebird,0,0,0
fly-trouble,Fly Trouble,0,0,1
foggy-foggy-dew,Foggy Foggy Dew,0,3,0
foggy-mountain-breakdown,Foggy Mountain Breakdown,1,39,1
foggy-mountain-chimes,Foggy Mountain Chimes,1,9,1
foggy-mountain-special,Foggy Mountain Special,1,10,1
foggy-mountain-top,Foggy Mountain Top,1,17,3
foggy-river,Foggy River,1,4,2
followed-closely-by-my-teardrops,Followed Closely By My Teardrops,0,0,1
following-me-around,Following Me Around,0,0,1
following-the-feeling,Following the Feeling,0,0,0
followin-you,Followin You,1,1,0
follow-it,Follow It,0,0,0
follow-me,Follow Me,0,6,149
follow-me-1,Follow Me,0,6,149
follow-me-2,Follow Me,0,6,149
follow-me-3,Follow Me,0,6,149
follow-me-back-to-louisville,Follow Me Back to Louisville,0,0,1
follow-that-dream,Follow That Dream,0,0,3
follow-the-jesus-sign,Follow The Jesus Sign,0,0,0
folsom-prison-blues,Folsom Prison Blues,1,7,2
fond-affection,Fond Affection,0,0,1
food-on-the-table,Food On The Table,0,1,1
fool,Fool,0,1,104
fool-about-you,Fool About You,0,0,2
foolaid,Foolaid,0,0,0
fool-and-the-angel,Fool And The Angel,0,0,0
fooled-around-and-fell-in-love,Fooled Around And Fell In Love,0,0,1
fool-fool-fool-lyrics-and-chords,Fool Fool Fool Lyrics and Chords,0,0,0
fool-fool-heart,Fool Fool Heart,0,0,1
fool-fool-heart-1,Fool Fool Heart,0,0,1
fool-for-your-love,Fool For Your Love,0,1,5
fool-hearted-memory,Fool Hearted Memory,0,0,0
fooling,Fooling,0,0,1
fooling-around,Fooling Around,0,0,2
fool-in-me,Fool In Me,0,0,2
foolish-heart,Foolish Heart,0,3,15
foolish-kind-of-man,Foolish Kind Of Man,0,0,0
foolish-me,Foolish Me,0,0,0
foolish-notion,Foolish Notion,0,0,1
foolish-pride,Foolish Pride,0,0,10
foolish-pride-1,Foolish Pride,0,0,10
fool-like-me,Fool Like Me,0,1,6
fool-me,Fool Me,0,0,3
fool-me-again,Fool Me Again,0,0,4
fool-me-one-more-time,Fool Me One More Time,0,0,0
fool-number-one,Fool Number One,0,0,0
fools,Fools,0,0,34
fool-s-castle,Fool's Castle,0,0,2
fools-for-each-other,Fools For Each Other,0,0,2
fool-s-gold,Fool's Gold,0,1,33
fools-hall-of-fame,Fools Hall Of Fame,0,0,0
fools-like-me,Fools Like Me,0,0,6
fool-s-night-out-lyrics-and-chords,Fool's Night Out Lyrics and Chords,0,0,0
fool-s-paradise,Fool's Paradise,0,0,24
fool-s-paradise-1,Fool's Paradise,0,0,24
fools-rush-in,Fools Rush In,0,0,4
fool-s-thin-air,Fool's Thin Air,0,0,0
fool-that-i-am,Fool That I Am,0,0,3
footlights,Footlights,0,0,2
footprints-in-the-sands-of-time,Footprints In The Sands Of Time,0,0,1
footprints-in-the-snow,Footprints In The Snow,1,34,9
footprints-in-the-snow-2,Footprints In The Snow,1,34,9
footprints-in-the-snow-3,Footprints in the Snow,1,34,9
footsteps-in-the-night,Footsteps In The Night,0,0,3
footsteps-so-near,Footsteps So Near,1,2,0
footsteps-walking-with-me,Footsteps Walking With Me,0,0,0
for-a-little-while,For a Little While,0,1,3
for-all-i-know,For All I Know,0,0,1
for-all-the-right-reasons,For All the Right Reasons,0,0,1
for-all-the-wrong-reasons,For All The Wrong Reasons,0,0,2
for-all-we-know,For All We Know,0,1,4
for-a-minute-there,For a Minute There,0,0,2
for-a-minute-there-1,For A Minute There,0,0,2
for-a-minute-there-2,For A Minute There,0,0,2
for-baby,For Baby,0,0,1
for-better-or-for-worse-lyrics-and-chords,For Better Or For Worse Lyrics and Chords,0,0,0
forbidden-angel,Forbidden Angel,0,0,0
forbidden-flowers,Forbidden Flowers,0,0,1
forbidden-lovers,Forbidden Lovers,0,0,1
for-christmas,For Christmas,0,0,0
for-christ-s-sake-it-s-christmas,For Christ's Sake It's Christmas,0,0,0
foreign-car,Foreign Car,0,0,0
foreign-love,Foreign Love,0,0,1
foreign-love-affair,Foreign Love Affair,0,0,0
forest-for-the-trees,Forest For The Trees,0,1,12
forever,Forever,0,4,371
forever-1,Forever,0,4,371
forever-2,Forever,0,4,371
forever-again,Forever Again,0,0,9
forever-ain-t-that-long-anymore,Forever Ain't That Long Anymore,0,1,1
forever-and-always,Forever And Always,0,0,4
forever-and-ever-amen,Forever And Ever Amen,0,0,2
forever-and-never,Forever And Never,0,0,3
forever-blue,Forever Blue,0,0,13
forever-forever,Forever Forever,0,0,2
forever-forgiving,Forever Forgiving,0,0,0
forever-in-blue-jeans,Forever In Blue Jeans,0,0,1
forever-in-your-love,Forever In Your Love,0,0,1
forever-is-ending-today,Forever Is Ending Today,0,0,0
forever-s-a-long-long-time,Forever's A Long Long Time,0,0,0
forever-s-as-far-as-i-ll-go,Forever's As Far As I'll Go,0,0,1
forever-s-here-to-stay,Forever's Here To Stay,0,0,1
forever-together,Forever Together,0,1,3
forever-was-over-today,Forever Was Over Today,0,0,0
forever-was-the-name-of-our-sunshine,Forever Was The Name Of Our Sunshine,0,0,0
forever-young,Forever Young,0,3,40
forever-yours,Forever Yours,0,0,30
forever-yours-1,Forever Yours,0,0,30
forever-yours-2,Forever Yours,0,0,30
forget-about-me,Forget About Me,0,0,6
forgetfulness-for-sale,Forgetfulness For Sale,0,0,1
forget-him,Forget Him,0,0,2
forget-the-past,Forget the Past,0,0,4
forgettin-bout-you,Forgettin' Bout You,0,0,0
forget-yesterday,Forget Yesterday,0,0,1
forgive,Forgive,0,1,25
forgive-and-forget,Forgive And Forget,0,3,13
forgive-me,Forgive Me,0,1,74
forgive-me-1,Forgive Me,0,1,74
forgive-me-2,Forgive Me,0,1,74
forgive-me-dear,Forgive Me Dear,0,0,1
forgive-me-my-heart,Forgive Me My Heart,0,0,0
forgiving-you-was-easy,Forgiving You Was Easy,0,0,1
for-god-so-loved-the-world,For God So Loved The World,0,0,2
for-goodness-sake-it-s-love-lyrics-and-chords,For Goodness Sake It's Love Lyrics and Chords,0,0,0
forgotten-heartaches,Forgotten Heartaches,0,0,0
for-heaven-s-sake,For Heaven's Sake,0,0,7
forked-deer,Forked Deer,1,23,1
fork-in-the-road,Fork in the Road,1,1,11
forks-of-sandy,Forks of Sandy,0,3,0
for-love-of-yesterday,For Love Of Yesterday,0,0,0
for-love-s-sake,For Love's Sake,0,1,3
for-me-it-s-you,For Me It's You,0,0,1
for-me-there-is-no-place,For Me There Is No Place,0,0,0
for-momma,For Momma,0,0,0
for-my-baby,For My Baby,0,0,0
for-no-reason-at-all,For No Reason at All,0,0,1
for-now-and-always,For Now and Always,0,0,0
for-rent,For Rent,0,0,1
forsaken-love,Forsaken Love,1,4,2
for-sale-lyrics-and-chords,For Sale Lyrics and Chords,0,0,0
for-tears-to-come,For Tears To Come,0,0,0
fort-gary-jig,Fort Gary Jig,0,0,0
for-the-children-s-sake,For The Children's Sake,0,0,0
for-the-first-time,For The First Time,0,2,18
for-the-good-times,For the Good Times,0,2,2
for-the-kids,For The Kids,0,0,4
for-the-last-time,For The Last Time,0,2,9
for-the-life-of-me,For The Life Of Me,0,0,3
for-the-love-of-a-woman-like-you,For The Love Of A Woman Like You,0,0,0
for-the-memories,For The Memories,0,0,0
for-the-millionth-and-last-time,For The Millionth And Last Time,0,0,0
fort-smith-breakdown,Fort Smith Breakdown,0,0,0
fortune-in-memories,Fortune In Memories,0,0,0
fort-worth-dallas-or-houston,Fort Worth Dallas or Houston,0,0,1
fort-worth-jail,Fort Worth Jail,0,0,1
fort-worth-texas,Fort Worth Texas,0,0,0
forty-acres,Forty Acres,0,0,0
forty-and-fading,Forty And Fading,0,0,0
forty-and-found,Forty And Found,0,0,0
forty-first-street-lonely-heart-s-club,Forty First Street Lonely Heart's Club,0,0,0
forty-four-gun,Forty Four Gun,1,0,0
forty-hour-week,Forty Hour Week,0,0,0
forty-miles-from-poplar-bluff,Forty Miles From Poplar Bluff,1,1,1
forty-miles-from-popular-bluff,Forty Miles From Popular Bluff,0,0,0
forty-nine-fifty-one,Forty Nine Fifty One,0,0,0
forty-nine-nights,Forty Nine Nights,0,0,0
forty-shades-of-green,Forty Shades of Green,0,0,2
forty-years-of-trouble,Forty Years Of Trouble,1,1,1
for-what-its-worth,For What It's Worth,1,1,19
for-what-its-worth-buffalo-springfield,For What It's Worth Buffalo Springfield,1,0,0
for-your-sweet-love,For Your Sweet Love,0,0,1
fountain-of-glory,Fountain Of Glory,0,0,0
fountain-of-love,Fountain Of Love,0,0,5
four-bare-walls-and-a-ceiling,Four Bare Walls And A Ceiling,0,0,0
four-books-in-the-bible,Four Books In The Bible,0,2,1
four-cent-cotton,Four Cent Cotton,0,2,0
four-down-and-twelve-across,Four Down And Twelve Across,0,0,0
four-in-the-morning,Four in the Morning,0,0,5
four-letter-fool,Four Letter Fool,0,0,0
four-minus-three-equals-zero,Four Minus Three Equals Zero,0,0,0
four-or-five-times,Four Or Five Times,0,0,1
four-o-thirty-three,Four O Thirty Three,0,1,1
four-poster-bed,Four Poster Bed,0,0,0
four-strong-winds,Four Strong Winds,1,4,1
fourteen-carat-gold,Fourteen Carat Gold,0,0,0
fourteen-carat-mind,Fourteen Carat Mind,0,2,1
fourteen-days-in-georgia,Fourteen Days in Georgia,1,0,1
fourteen-minutes-old,Fourteen Minutes Old,0,0,1
fourth-man,Fourth Man,0,0,2
four-to-one-in-atlanta,Four To One In Atlanta,0,0,0
four-twenty-special,Four-Twenty Special,0,0,0
four-walls,Four Walls,0,4,26
four-walls-1,Four Walls,0,4,26
four-walls-around-me,Four Walls Around Me,1,4,0
fox-on-the-run,Fox on the Run,1,8,4
francis-lee,Francis Lee,0,0,0
frankie,Frankie,0,5,11
frankie-and-johnnie,Frankie And Johnnie,1,1,2
frankie-and-johnny,Frankie And Johnny,1,9,14
franklin-county-moonshine,Franklin County Moonshine,0,0,0
franklins-tower,Franklin’s Tower,1,5,1
fraulein,Fraulein,1,7,5
freckles,Freckles,0,0,10
freeborn-man,Freeborn Man,1,9,1
freedom,Freedom,0,5,282
freedom-1,Freedom,0,5,282
freedom-to-stay,Freedom To Stay,0,0,1
free-home-demonstration-lyrics-chords,Free Home Demonstration Lyrics Chords,0,0,0
free-little-bird,Free Little Bird,1,14,1
free-of-the-blues,Free of the Blues,0,0,0
free-to-be,Free To Be,0,0,6
free-to-go,Free To Go,0,0,6
freewheeler,Freewheeler,0,0,1
freigh-train,Freigh Train,1,0,0
freight-train,Freight Train,1,18,23
freight-train-blues,Freight Train Blues,1,6,5
freight-train-boogie,Freight Train Boogie,1,9,2
frenchie-mccormick,Frenchie McCormick,0,0,0
french-riviera,French Riviera,0,0,1
fresh-out-of-love,Fresh Out Of Love,0,0,0
friday-night-blues,Friday Night Blues,0,0,0
friday-night-feeling,Friday Night Feeling,0,0,1
friday-night-fever,Friday Night Fever,0,0,1
friend-of-the-devil,Friend of the Devil,1,7,2
friends-in-low-places,Friends In Low Places,0,0,2
frisco-line,Frisco Line,0,0,0
froggy-went-a-courtin,Froggy Went A’ Courtin’,0,2,1
from-a-boxcar-door,From A Boxcar Door,0,0,0
from-a-distance,From A Distance,0,2,20
from-a-distance-1,From A Distance,0,2,20
from-a-jack-to-a-king,From a Jack to a King,0,1,1
from-an-angel-to-a-devil,From An Angel To A Devil,0,0,1
from-a-rolls-to-the-rails,From A Rolls To The Rails,0,0,1
from-cotton-to-satin,From Cotton To Satin,0,0,0
from-cradle-to-cross-to-crown,From Cradle To Cross To Crown,0,1,1
from-graceland-to-the-promised-land,From Graceland To The Promised Land,0,0,1
from-heaven-to-a-lonely-dark-hill,From Heaven To A Lonely Dark Hill,1,0,0
from-heaven-to-heartache-lyrics-chords,From Heaven To Heartache Lyrics Chords,0,0,0
from-here-on-out,From Here On Out,0,0,6
from-here-to-forever,From Here to Forever,0,0,1
from-here-to-kingdom-come,From Here To Kingdom Come,0,0,0
from-here-to-the-door,From Here To The Door,0,0,1
from-here-to-the-moon-and-back,From Here To The Moon And Back,0,1,1
from-here-to-there-to-you,From Here to There to You,0,0,0
from-jerusalem-to-jericho,From Jerusalem To Jericho,0,2,1
from-mother-s-arms-to-korea,From Mother's Arms To Korea,0,1,1
from-now-on,From Now On,0,3,43
from-now-on-i-won-t-be-hanging-around,From Now On I Won't Be Hanging Around,0,0,0
from-our-house-to-yours,From Our House To Yours,0,0,0
from-saturday-night-to-sunday-quiet,From Saturday Night To Sunday Quiet,0,0,0
from-seven-to-ten,From Seven To Ten,0,0,0
from-strangers-to-lovers-to-friends,From Strangers To Lovers To Friends,0,0,0
from-the-bottle-to-the-bottom,From The Bottle To The Bottom,0,1,1
from-the-church-to-the-barroom,From The Church To The Barroom,0,0,0
from-the-fryin-pan,From The Fryin' Pan,0,0,0
from-the-inside-out,From The Inside Out,0,0,3
from-the-manger-to-the-cross,From The Manger To The Cross,1,5,1
from-then-till-now,From Then Till Now,0,0,0
from-the-old-mill,From The Old Mill,0,0,0
from-the-window-up-above,From the Window Up Above,0,0,0
from-this-moment-on,From This Moment On,0,2,4
from-thorns-to-feathers,From Thorns To Feathers,0,0,0
from-what-we-give,From What We Give,0,0,0
from-your-heart-to-mine,From Your Heart To Mine,1,0,0
from-your-knees,From Your Knees,0,0,0
front-porch-gospel,Front Porch Gospel,0,0,0
frosty-the-snow-man,Frosty The Snow Man,0,2,1
frosty-the-snowman,Frosty the Snowman,1,9,0
frozen-heart,Frozen Heart,0,0,7
frozen-logger,Frozen Logger,0,0,1
fuel-to-the-flame,Fuel To The Flame,0,1,2
fugitive-breakdown,Fugitive Breakdown,1,0,0
fugitives-lament,Fugitive’s Lament,0,3,1
fujiyama-mama,Fujiyama Mama,0,0,1
fuller-s-reel,Fuller's Reel,0,0,0
full-moon-empty-pockets,Full Moon Empty Pockets,0,0,0
full-time-daddy,Full Time Daddy,0,0,1
full-time-fool,Full Time Fool,0,0,1
funny-but-i-m-not-laughing,Funny (But I'm Not Laughing),0,0,0
funny-face,Funny Face,0,0,11
funny-familiar-forgotten-feelings,Funny Familiar Forgotten Feelings,0,0,1
funny-how-time-slips-away,Funny How Time Slips Away,0,0,1
funny-way-of-laughing,Funny way of Laughing,0,0,0
funny-what-a-pair-of-fools-will-do,Funny What A Pair Of Fools Will Do,0,1,0
funny-when-you-feel-that-way,Funny When You Feel That Way,1,0,0
further-on-up-the-road,Further On Up the Road,0,0,1
future-ex-mrs-jones,Future Ex-Mrs. Jones,0,0,0
future-mister-me,Future Mister Me,0,0,0
galaxy-song,Galaxy Song,0,0,1
galloping-horses,Galloping Horses,0,0,0
galvanized-washing-tub,Galvanized Washing Tub,0,0,0
galveston,Galveston,0,0,2
galveston-flood,Galveston Flood,0,2,2
galveston-rose,Galveston Rose,0,0,0
galway-bay,Galway Bay,0,0,2
galway-girl,Galway Girl,1,1,3
gambler-and-the-lady,Gambler And The Lady,0,0,0
game-of-triangles,Game Of Triangles,0,0,1
games-that-lover-s-play,Games That Lover's Play,0,0,0
garage-sale-today,Garage Sale Today,0,0,0
garden-party,Garden Party,0,0,17
garnerins-waltz,Garnerins Waltz,0,0,0
gater-hollow,Gater Hollow,0,0,0
gate-to-go-through,Gate to Go Through,0,0,0
gathering-flowers,Gathering Flowers,0,0,0
gathering-flowers-for-the-masters-bouquet,Gathering Flowers For The Master’s Bouquet,1,6,1
gathering-flowers-from-the-hillside,Gathering Flowers From The Hillside,1,7,1
gathering-in-the-sky,Gathering In The Sky,0,0,1
gather-round-children,Gather Round Children,0,0,0
gay-gordons-1-the,Gay Gordons (1) (The),0,0,0
geisha-girl,Geisha Girl,0,0,3
gene-autry-my-hero,Gene Autry My Hero,0,0,1
gentleman-jim,Gentleman Jim,0,0,2
gentle-on-my-mind,Gentle On My Mind,1,13,1
gentle-rains-of-home,Gentle Rains Of Home,0,0,0
gentle-shepherd,Gentle Shepherd,0,0,1
gently-comes-love,Gently Comes Love,0,0,0
gently-rock-his-cradle,Gently Rock His Cradle,0,0,0
genuine-healer-of-time,Genuine Healer Of Time,0,0,0
georgia,Georgia,1,5,31
georgia-belle,Georgia Belle,0,1,0
georgia-blood,Georgia Blood,0,0,1
georgia-boys,Georgia Boys,0,1,0
georgia-bust-down,Georgia Bust Down,1,0,0
georgia-camp-meeting,Georgia Camp Meeting,0,1,0
georgia-crackers,Georgia Crackers,1,0,0
georgia-fox-trot,Georgia Fox Trot,1,0,0
georgia-in-a-jug,Georgia In A Jug,0,0,1
georgia-keeps-pulling-on-my-ring,Georgia Keeps Pulling On My Ring,0,0,1
georgia-mules-and-country-boys,Georgia Mules And Country Boys,0,1,0
georgia-pineywoods,Georgia Pineywoods,1,2,0
georgia-rag,Georgia Rag,0,0,1
georgia-row,Georgia Row,1,0,1
georgia-town-blues,Georgia Town Blues,0,0,0
georgia-waltz,Georgia Waltz,0,2,0
georgie,Georgie,1,9,6
german-schottische,German Schottische,0,0,0
get-a-little-dirt-on-your-hands,Get A Little Dirt On Your Hands,0,1,1
get-all-your-love-together,Get All Your Love Together,0,0,0
get-along-home-cindy-cindy,Get Along Home Cindy Cindy,1,0,0
get-away-from-the-federals,Get Away from the Federals,0,0,0
gethsemane,Gethsemane,0,0,18
get-in-line-brother,Get In Line Brother,1,15,1
get-lost-you-wolf,Get Lost You Wolf,1,0,0
get-me-back-to-tennessee,Get Me Back To Tennessee,0,0,1
get-on-that-road-to-glory,Get On That Road To Glory,0,1,0
get-on-up,Get On Up,0,1,8
get-out-of-my-life,Get Out Of My Life,0,0,7
get-rhythm,Get Rhythm,0,0,1
get-set-for-a-heartache,Get Set For A Heartache,0,0,1
get-some-loving-done,Get Some Loving Done,0,0,0
get-this-stranger-out-of-me,Get This Stranger Out Of Me,0,0,0
gettin-back-to-norma,Gettin' Back To Norma,0,0,0
gettin-by-high-and-strange,Gettin' By High And Strange,0,0,1
gettin-even,Gettin' Even,0,0,1
getting-back-up,Getting Back Up,0,0,1
getting-by-the-best-i-can,Getting By The Best I Can,0,0,0
getting-over-you,Getting Over You,0,4,8
getting-over-you-1,Getting Over You,0,4,8
getting-over-you-again,Getting Over You Again,0,0,1
getting-used-to-being-loved-again,Getting Used To Being Loved Again,0,0,0
getting-used-to-loving-you,Getting Used To Loving You,0,0,1
gettin-me-over-mountains,Gettin' Me Over Mountains,0,0,0
gettin-soft-on-you,Gettin' Soft On You,0,0,0
get-together,Get Together,0,0,10
get-up-in-jesus-name,Get Up In Jesus' Name,0,1,1
get-up-off-your-good-intentions,Get Up Off Your Good Intentions,0,0,0
get-what-cha-got-and-go,Get What'cha Got And Go,0,0,0
get-while-the-gettin-s-good,Get While The Gettin's Good,0,0,1
get-with-it,Get With It,0,0,5
ghost-in-this-house,Ghost In This House,0,2,1
ghost-of-a-chance,Ghost Of A Chance,0,1,5
ghost-of-another-man,Ghost Of Another Man,0,0,1
ghost-of-a-promise,Ghost Of A Promise,0,0,0
ghost-riders-in-the-sky,Ghost Riders In The Sky,1,5,0
ghosts-of-mississippi,Ghosts of Mississippi,1,1,2
ghost-story,Ghost Story,0,0,24
gifted-hand,Gifted Hand,0,0,0
gift-of-love,Gift Of Love,0,3,16
gift-of-the-blues,Gift Of The Blues,0,0,0
gifts-they-gave,Gifts They Gave,0,0,2
ginseng-sullivan,Ginseng Sullivan,1,7,1
ginseng-sullivan-1,Ginseng Sullivan,1,7,1
ginsing-sullivan,Ginsing Sullivan,1,0,0
girl-at-the-bar,Girl At The Bar,0,0,1
girl-at-the-crossroads-bar,Girl At The Crossroads Bar,1,4,0
girl-don-t-have-to-drink-to-have-fun,Girl Don't Have To Drink To Have Fun,0,0,1
girl-for-you,Girl For You,0,0,1
girl-from-the-north-country,Girl From The North Country,1,9,2
girl-in-the-blue-velvet-band,Girl In The Blue Velvet Band,1,12,1
girl-in-the-night,Girl in the Night,0,1,2
girl-in-white-lives,Girl In White Lives,0,0,0
girl-i-use-to-know,Girl I Use To Know,0,0,0
girl-like-you,Girl Like You,0,0,29
girl-next-door-went-a-walking,Girl Next Door Went A Walking,0,0,1
girl-of-mine,Girl Of Mine,0,0,4
girl-of-the-north-country,Girl Of The North Country,0,2,0
girl-on-my-mind,Girl On My Mind,0,0,4
girl-on-sugar-pie-lane,Girl On Sugar Pie Lane,0,0,1
girl-on-the-greenbriar-shore,Girl on the Greenbriar Shore,1,2,2
girls-in-disgrace,Girls In Disgrace,0,0,0
girls-women-and-ladies,Girls Women and Ladies,0,0,1
girl-without-a-name,Girl Without A Name,0,0,1
girl-you-came-and-eased-my-mind,Girl You Came And Eased My Mind,0,0,0
girl-you-sure-know-how-to-say-goodbye,Girl You Sure Know How To Say Goodbye,0,0,1
give-a-hand-take-a-hand,Give A Hand Take A Hand,0,0,1
give-a-little-take-a-little,Give A Little Take A Little,0,0,2
give-a-lonely-heart-a-home,Give a Lonely Heart a Home,0,0,1
give-back-my-heart,Give Back My Heart,0,0,3
give-her-my-best,Give Her My Best,0,0,1
give-her-my-best-1,Give Her My Best,0,0,1
give-him-one-more-as-he-goes,Give Him One More As He Goes,0,0,0
give-in-to-the-blues,Give In To The Blues,0,0,1
give-it-all-we-got-tonight,Give It All We Got Tonight,0,0,0
give-it-away,Give It Away,0,3,24
give-it-back-to-the-indians,Give It Back To The Indians,0,0,1
give-it-time-to-be-tender,Give It Time To Be Tender,0,0,1
give-it-to-me,Give It To Me,0,0,43
give-me-a-little-old-fashioned-love,Give Me A Little Old Fashioned Love,0,0,0
give-me-a-sweetheart,Give Me A Sweetheart,0,0,1
give-me-back-my-heart,Give Me Back My Heart,0,1,6
give-me-flowers-my-while-im-living,Give Me Flowers My While I’m Living,0,0,0
give-me-heaven,Give Me Heaven,0,0,1
give-me-jesus,Give Me Jesus,1,7,9
give-me-just-a-little-bit-more-time,Give Me Just A Little Bit More Time,0,0,0
give-me-just-one-more-day-lord,Give Me Just One More Day Lord,0,0,0
give-me-liberty-or-give-me-all-your-love,Give Me Liberty (Or Give Me All Your Love),0,0,0
give-me-more-more-more-of-your-kisses,Give Me More More More Of Your Kisses,0,0,0
give-me-my-flowers-while-i-m-living,Give Me My Flowers While I'm Living,1,3,0
give-me-one-more-chance,Give Me One More Chance,0,0,4
give-me-one-more-day,Give Me One More Day,0,0,0
give-me-one-more-kiss,Give Me One More Kiss,0,0,1
give-me-the-roses-while-i-live,Give Me The Roses While I Live,1,2,0
give-me-time,Give Me Time,0,0,10
give-me-your-hand,Give Me Your Hand,1,6,10
give-me-your-love-and-ill-give-you-mine,Give Me Your Love And I’ll Give You Mine,1,1,0
give-mother-my-crown,Give Mother My Crown,0,3,1
give-my-love-to-rose,Give My Love To Rose,0,1,1
give-myself-a-party,Give Myself A Party,0,0,1
give-the-fiddler-a-dram,Give the Fiddler a Dram,1,14,0
give-them-all-to-jesus,Give Them All To Jesus,0,0,0
give-them-the-roses-now,Give Them The Roses Now,0,0,0
give-this-message-to-your-heart,Give This Message To Your Heart,0,3,0
give-us-a-happy-home,Give Us A Happy Home,0,1,0
give-us-one-more-chance,Give Us One More Chance,0,0,0
give-us-rain,Give Us Rain,1,0,0
giving-my-soul-back-to-him,Giving My Soul Back To Him,0,1,1
giving-up-getting-over-you,Giving Up Getting Over You,0,0,0
givin-up,Givin' Up,0,0,5
glad-i-found-you,Glad I Found You,0,0,0
glad-i-waited-just-for-you,Glad I Waited Just For You,0,0,1
glad-to-let-her-go,Glad To Let Her Go,0,0,1
glass-of-pride,Glass Of Pride,0,0,0
glass-of-smile,Glass Of Smile,0,0,0
glass-on-the-table,Glass On The Table,0,0,0
glen-cottage-polka-2-the,Glen Cottage Polka (2) (The),0,0,0
glendale-train,Glendale Train,1,7,1
glenloe,Glenloe,0,0,0
glin-cottage-polka-1-the,Glin Cottage Polka (1) (The),0,0,0
glitter-and-gold,Glitter And Gold,0,0,2
glory-bound,Glory Bound,1,0,7
glory-hallelujah-now-i-m-satisfied,Glory Hallelujah Now I'm Satisfied,1,0,0
glory-hill-in-the-sky,Glory Hill In The Sky,0,0,1
gloryland,Gloryland,1,4,2
gloryland-march,Gloryland March,0,1,0
gloryland-way,Gloryland Way,0,1,0
glory-of-true-love,Glory of True Love,1,0,1
glory-to-his-name,Glory To His Name,0,3,0
glory-to-the-lamb,Glory To The Lamb,0,0,1
glory-train,Glory Train,0,0,5
glory-train-1,Glory Train,0,0,5
go-against-the-wind,Go Against The Wind,0,0,0
go-ahead-and-make-me-cry-lyrics-and-chords,Go Ahead And Make Me Cry Lyrics and Chords,0,0,0
go-and-wash-those-dirty-feet,Go And Wash Those Dirty Feet,0,0,0
go-away,Go Away,0,1,48
go-away-1,Go Away,0,1,48
go-away-2,Go Away,0,1,48
go-away-little-girl,Go Away Little Girl,0,0,1
go-away-stranger,Go Away Stranger,0,0,1
go-away-with-me,Go Away With Me,0,1,1
go-back-you-fool,Go Back You Fool,0,0,0
go-boy-go,Go Boy Go,0,0,1
go-cat-go,Go Cat Go,0,0,0
go-cry-your-heart-out,Go Cry Your Heart Out,0,0,0
god-ain-t-finished-with-me-yet,God Ain't Finished With Me Yet,0,0,1
god-ain-t-no-stained-glass-window,God Ain't No Stained Glass Window,0,0,1
god-be-with-you-till-we-meet-again,God Be With You Till We Meet Again,0,0,2
god-bless-america-again,God Bless America Again,0,2,0
god-bless-the-child,God Bless the Child,0,0,6
god-bless-the-soldier,God Bless The Soldier,0,1,0
god-bless-the-usa,God Bless the USA,0,1,1
god-came-through-bellville-georgia,God Came Through Bellville Georgia,0,0,1
god-can,God Can,0,0,0
god-gave-me-a-heart-to-forgive,God Gave Me A Heart To Forgive,0,0,0
god-gave-noah-the-rainbow-sign,God Gave Noah the Rainbow Sign,0,3,1
god-gave-you-to-me,God Gave You To Me,1,7,1
god-guide-our-leader-s-hand,God Guide Our Leader's Hand,1,4,0
god-had-a-son-in-service,God Had A Son In Service,0,0,0
god-holds-the-future-in-his-hands,God Holds the Future in His Hands,0,3,1
god-is-always-the-same,God Is Always The Same,0,1,0
god-is-everywhere,God Is Everywhere,0,0,0
god-is-good,God Is Good,0,1,6
god-is-good-god-is-love,God Is Good God Is Love,0,0,0
god-is-just-a-prayer-away,God Is Just A Prayer Away,0,0,0
god-is-love,God Is Love,0,0,11
god-is-my-santa-claus,God Is My Santa Claus,0,0,1
god-is-watching,God Is Watching,0,2,1
god-keeps-the-wild-flowers-blooming,God Keeps The Wild Flowers Blooming,0,0,0
god-lead-us-along,God Lead Us Along,0,0,0
god-loves-his-children,God Loves His Children,1,6,1
god-made-her-special,God Made Her Special,0,0,0
god-makes-no-mistakes,God Makes No Mistakes,0,0,0
god-may-forgive-you-but-i-won-t,God May Forgive You But I Won't,0,0,0
god-must-be-a-cowboy-at-heart,God Must Be A Cowboy At Heart,0,1,0
god-must-have-spent-a-little-more-time-on-you-chords,God Must Have Spent A Little More Time On You chords,0,0,0
god-only-knows-who-ll-take-her-home,God Only Knows Who'll Take Her Home,0,0,0
god-on-the-mountain,God On the Mountain,0,0,0
god-please-forgive-me,God Please Forgive Me,0,0,0
god-put-a-rainbow-in-the-clouds,God put a rainbow in the Clouds,1,8,1
god-rest-ye-merry-gentlemen,God Rest Ye Merry Gentlemen,1,18,28
god-save-the-queen-of-the-honky-tonks,God Save The Queen Of The Honky Tonks,0,0,0
god-saw-my-need,God Saw My Need,0,0,0
god-s-coloring-book,God's Coloring Book,0,3,1
god-sent-an-angel,God Sent An Angel,0,1,0
god-s-hands,God's Hands,0,3,2
gods-highway,God’s Highway,0,3,2
god-s-in-the-saddle,God's In The Saddle,0,0,0
god-s-little-candles,God's Little Candles,0,0,0
god-s-own-singer,God's Own Singer,1,0,1
gods-plan,God’s Plan,0,1,4
god-takes-good-care-of-me,God Takes Good Care Of Me,0,0,0
god-understands,God Understands,0,0,1
god-walks-these-hills-with-me,God Walks These Hills With Me,0,0,1
god-will,God Will,0,1,2
god-will-1,God Will,0,1,2
god-will-take-care-of-you,God Will Take Care of You,0,0,2
go-go-go,Go Go Go,0,0,17
go-home,Go Home,1,5,20
goin-and-comin,Goin' And Comin',0,0,0
goin-away,Goin' Away,0,0,5
goin-down-hill,Goin' Down Hill,0,0,1
going-across-the-mountain,Going Across the Mountain,0,2,1
going-across-the-sea,Going Across the Sea,1,13,0
going-ape-over-you,Going Ape Over You,1,0,0
going-away-party,Going Away Party,0,0,1
going-back-to-gloria,Going Back To Gloria,0,0,1
going-back-to-old-kentucky,Going Back to Old Kentucky,0,16,0
going-back-to-the-blue-ridge-mountains,Going Back To The Blue Ridge Mountains,1,5,1
going-down-the-road-feeling-bad,Going Down the Road Feeling Bad,1,9,1
going-going-gone,Going Going Gone,0,2,17
going-going-gone-1,Going Going Gone,0,2,17
going-going-gone-2,Going Going Gone,0,2,17
going-home,Going Home,1,21,124
going-home-for-christmas,Going Home For Christmas,0,0,2
going-home-to-do-my-time,Going Home To Do My Time,0,0,0
going-home-to-stay,Going Home To Stay,1,0,0
going-like-wildfire,Going Like Wildfire,0,3,0
going-out-the-same-way-you-came-in,Going Out The Same Way You Came In,0,0,0
going-round-this-world,Going ’round This World,1,1,0
going-s-been-coming,Going's Been Coming,0,0,0
going-somewhere-to-forget,Going Somewhere To Forget,0,0,0
going-steady,Going Steady,0,0,1
going-through-hell-for-an-angel,Going Through Hell For An Angel,0,0,0
going-through-the-big-d,Going Through The Big D,0,0,0
going-through-the-motions-of-living,Going Through The Motions Of Living,0,0,0
going-to-the-river,Going To The River,0,0,2
going-to-the-west,Going To The West,1,2,1
going-to-write-me-a-letter,Going to Write Me a Letter,1,2,1
going-where-the-lonely-go,Going Where The Lonely Go,0,0,1
goin-home,Goin’ Home,0,3,36
goin-home-1,Goin’ Home,0,3,36
goin-up,Goin’ Up,0,0,3
goin-where-ive-never-been-before,Goin Where I’ve Never Been Before,1,0,0
go-it-alone,Go It Alone,0,0,11
gold-and-silver,Gold And Silver,0,2,6
golden-guitar,Golden Guitar,0,0,2
golden-memories,Golden Memories,0,0,6
golden-memories-and-silver-tears,Golden Memories and Silver Tears,0,0,1
golden-ring,Golden Ring,0,2,4
golden-river,Golden River,0,2,1
golden-rocket,Golden Rocket,1,4,2
golden-slipper-rose,Golden Slipper Rose,0,0,1
golden-slippers,Golden Slippers,1,22,1
golden-streets-of-glory,Golden Streets Of Glory,0,1,1
golden-wristwatch,Golden Wristwatch,0,0,0
gold-in-the-morning-sun,Gold In The Morning Sun,0,0,0
gold-rush,Gold Rush,1,14,22
gold-watch-and-chain,Gold Watch And Chain,1,11,2
go-little-prayer,Go Little Prayer,0,0,0
go-mena-si-i-m-sorry,Go Mena Si (I'm Sorry),0,0,0
gone,Gone,0,4,227
gone-and-left-me-blues,Gone And Left Me Blues,0,3,0
gone-as-a-girl-can-get,Gone As A Girl Can Get,0,0,0
gone-at-last,Gone At Last,0,1,1
gone-but-not-forgotten,Gone But Not Forgotten,0,2,13
gone-crazy,Gone Crazy,0,1,4
gone-crazy-1,Gone Crazy,0,1,4
gone-for-good,Gone For Good,0,3,12
gone-gone-gone,Gone Gone Gone,0,4,28
gone-gone-gone-1,Gone Gone Gone,0,4,28
gone-home,Gone Home,1,17,6
gone-in-a-heartbeat,Gone In A Heartbeat,0,0,1
gone-like,Gone (Like),0,0,0
gone-on-the-other-hand,Gone On The Other Hand,0,0,1
gone-our-endless-love,Gone Our Endless Love,0,0,0
gone-out-of-my-mind,Gone Out Of My Mind,0,0,0
gone-that-ll-be-me,Gone (That'll Be Me),0,0,0
gone-to-texas,Gone To Texas,0,0,1
gonna-be-movin,Gonna Be Movin',1,5,0
gonna-be-strangers,Gonna Be Strangers,0,0,0
gonna-burn-some-bridges,Gonna Burn Some Bridges,0,0,1
gonna-buy-me-a-jukebox,Gonna Buy Me A Jukebox,0,0,0
gonna-come-back-as-a-country-song,Gonna Come Back As A Country Song,0,1,0
gonna-drink-milwaukee-dry,Gonna Drink Milwaukee Dry,0,0,0
gonna-ease-my-worried-mind,Gonna Ease My Worried Mind,0,0,0
gonna-find-me-a-bluebird,Gonna Find Me a Bluebird,0,0,1
gonna-get-a-life,Gonna Get A Life,0,0,1
gonna-get-back-home-somehow,Gonna Get Back Home Somehow,0,0,1
gonna-get-there-soon,Gonna Get There Soon,0,3,0
gonna-have-a-party,Gonna Have A Party,0,0,3
gonna-have-love,Gonna Have Love,0,0,1
gonna-lay-down-my-old-guitar,Gonna Lay Down My Old Guitar,1,18,1
gonna-lay-me-down-beside-my-memories,Gonna Lay Me Down Beside My Memories,0,0,1
gonna-love-ya-till-the-cows-come-home,Gonna Love Ya (Till The Cows Come Home),0,0,1
gonna-love-you-anyway,Gonna Love You Anyway,0,0,0
gonna-pack-my-troubles,Gonna Pack My Troubles,0,0,0
gonna-paint-the-town,Gonna Paint The Town,1,3,1
gonna-paint-this-town,Gonna Paint This Town,1,0,0
gonna-roll-out-the-red-carpet,Gonna Roll Out The Red Carpet,0,0,1
gonna-settle-down,Gonna Settle Down,1,12,1
gonna-take-a-lot-of-river,Gonna Take A Lot Of River,0,0,0
gonna-take-me-away-from-you,Gonna Take Me Away From You,0,0,1
gonna-walk-that-line,Gonna Walk That Line,0,0,0
gonna-wrap-my-heart-in-ribbons,Gonna Wrap My Heart In Ribbons,0,0,1
good,Good,0,0,31
good-as-gold,Good As Gold,0,3,15
good-as-gone,Good As Gone,0,1,4
good-bunch-of-biscuits,Good Bunch of Biscuits,0,2,0
goodbye,Goodbye,0,9,327
goodbye-baby,Goodbye Baby,0,0,9
goodbye-comes-hard-for-me,Goodbye Comes Hard For Me,0,0,1
goodbye-cruel-world,Goodbye Cruel World,0,0,15
goodbye-good-luck-god-bless-you,Goodbye Good Luck God Bless You,0,0,1
goodbye-isn-t-really-good-at-all,Goodbye Isn't Really Good At All,0,0,1
goodbye-kelly-s-song,Goodbye (Kelly's Song),0,0,1
goodbye-kisses,Goodbye Kisses,0,0,2
goodbye-lefty,Goodbye Lefty,0,0,1
goodbye-little-darling,Goodbye Little Darling,0,1,0
goodbye-liza-jane,Goodbye Liza Jane,1,12,1
goodbye-lonesome-hello-baby-doll,Goodbye Lonesome Hello Baby Doll,0,0,0
goodbye-love,Goodbye Love,0,0,10
goodbye-maggie-goodbye,Goodbye Maggie Goodbye,0,0,0
goodbye-marie,Goodbye Marie,0,1,1
goodbye-mary-ann,Goodbye Mary Ann,0,0,1
goodbye-mr-brown,Goodbye Mr. Brown,0,0,1
goodbye-my-love-i-heard-a-silver-trumpet,Goodbye My Love I Heard A Silver Trumpet,0,0,0
goodbye-old-pal,Goodbye Old Pal,1,10,2
goodbye-on-your-mind,Goodbye On Your Mind,0,0,0
goodbye-sunshine,Goodbye Sunshine,0,0,1
goodbye-sweetheart-goodbye,Goodbye Sweetheart Goodbye,0,1,0
goodbye-time,Goodbye Time,0,0,2
goodbye-to-the-plains,Goodbye To The Plains,1,0,0
goodbye-wheeling,Goodbye Wheeling,0,3,0
good-christian-men-rejoice,Good Christian Men Rejoice,0,1,1
good-christian-soldier,Good Christian Soldier,0,0,1
good-corn-liquor,Good Corn Liquor,1,1,0
good-deal-lucille,Good Deal Lucille,0,0,1
good-enough-for-nothing,Good Enough For Nothing,0,0,0
good-friends,Good Friends,0,0,16
good-friends-good-whiskey-good-loving,Good Friends Good Whiskey Good Loving,0,0,0
good-golly-miss-molly,Good Golly Miss Molly,0,0,1
good-hearted-man,Good Hearted Man,0,0,1
good-hearted-woman,Good Hearted Woman,0,2,1
good-imitation-of-the-blues,Good Imitation Of The Blues,0,1,0
good-imitation-of-the-blues-1,Good Imitation Of The Blues,0,1,0
good-intentions,Good Intentions,0,0,29
good-leavin-alone,Good Leavin' Alone,0,0,0
good-love,Good Love,0,0,27
good-love-shouldn-t-feel-so-bad,Good Love Shouldn't Feel So Bad,0,0,0
good-loving,Good Loving,0,0,0
good-luck-charm,Good Luck Charm,0,0,6
good-morning,Good Morning,0,0,89
good-morning-country-rain,Good Morning Country Rain,1,4,0
good-morning-dear,Good Morning Dear,0,0,1
good-morning-john,Good Morning John,0,0,2
good-morning-self,Good Morning Self,0,0,1
good-night-dear-lord,Good Night Dear Lord,0,0,0
good-night-irene,Good Night Irene,1,1,0
goodnight-irene,Goodnight Irene,1,1,5
goodnight-little-sweetheart,Goodnight Little Sweetheart,0,0,1
goodnight-mr-sun,Goodnight Mr. Sun,0,0,0
good-night-s-love,Good Night's Love,0,0,0
good-nights-make-good-mornings,Good Nights Make Good Mornings,0,0,0
goodnight-sweetheart,Goodnight Sweetheart,0,0,3
goodnight-sweet-jesus,Goodnight Sweet Jesus,0,0,0
good-ol-boys,Good Ol' Boys,0,1,1
good-old-country-music,Good Old Country Music,0,0,0
good-old-fashion-country-christmas-lyrics-with-chords,Good Old Fashion Country Christmas Lyrics with Chords,0,0,0
good-old-fashioned-cry,Good Old Fashioned Cry,0,0,1
good-ole-boys-like-me,Good Ole Boys Like Me,0,1,1
good-ol-fashioned-love,Good Ol' Fashioned Love,0,0,1
good-ones-and-bad-ones,Good Ones And Bad Ones,0,0,1
good-ride-cowboy,Good Ride Cowboy,0,0,1
good-rockin-tonight,Good Rockin’ Tonight,0,0,1
good-things,Good Things,0,0,30
good-things-outweigh-the-bad,Good Things Outweigh The Bad,1,2,0
good-time,Good Time,0,3,40
good-time-chariot,Good Time Chariot,0,0,0
good-time-charlie-s,Good Time Charlie's,0,0,1
good-time-charlie-s-got-the-blues,Good Time Charlie's Got The Blues,0,0,1
good-woman-blues,Good Woman Blues,0,1,1
good-woman-s-love,Good Woman's Love,1,19,1
good-year-for-the-wine,Good Year For The Wine,0,0,1
goody-goody-gumdrop,Goody Goody Gumdrop,0,0,0
go-on,Go On,0,2,35
go-on-and-go,Go On And Go,0,0,0
go-on-home,Go On Home,0,1,6
go-on-with-your-dancing,Go On With Your Dancing,0,0,0
go-out-and-find-somebody-new,Go Out And Find Somebody New,0,0,0
go-rest-high-on-that-mountain,Go Rest High On That Mountain,1,3,1
gorman-polka,Gorman Polka,0,0,0
gosh-i-miss-you-all-the-time,Gosh I Miss You All The Time,0,2,1
gospel-changes,Gospel Changes,0,0,1
gospel-plow,Gospel Plow,1,4,2
gospel-ship,Gospel Ship,1,4,1
gossip,Gossip,0,0,23
got-a-heartsick-feeling,Got A Heartsick Feeling,0,0,0
got-a-letter-from-my-kid-today,Got A Letter From My Kid Today,0,0,1
got-a-lot-of-livin-to-do,Got A Lot Of Livin' To Do,0,0,0
go-tell-aunt-rhody,Go Tell Aunt Rhody,1,0,1
go-tell-aunt-rodie,Go Tell Aunt Rodie,1,0,0
got-leaving-on-her-mind,Got Leaving On Her Mind,0,1,0
got-lonely-too-early-this-morning,Got Lonely Too Early This Morning,0,0,1
got-my-heart-set-on-you,Got My Heart Set On You,0,0,1
got-no-reason-for-going-home,Got no Reason for Going Home,0,0,0
go-to-sleep-our-baby-boy,Go To Sleep Our Baby Boy,0,0,0
gotta-find-a-way,Gotta Find A Way,0,0,5
gotta-get-you-near-me-blues,Gotta Get You Near Me Blues,0,0,1
gotta-good-thing-going,Gotta Good Thing Going,0,0,0
gotta-keep-moving,Gotta Keep Moving,0,0,1
gotta-lot-of-rhythm-in-my-soul,Gotta Lot Of Rhythm In My Soul,0,0,1
gotta-lotta-blues-to-lose-lyrics-and-chords,Gotta Lotta Blues To Lose Lyrics and Chords,0,0,0
gotta-sell-them-chickens,Gotta Sell Them Chickens,0,0,0
gotta-travel-on,Gotta Travel On,1,19,2
gotta-travel-on-1,Gotta Travel On,1,19,2
got-the-all-overs-for-you,Got The All Overs For You,0,0,0
got-the-bull-by-the-horns,Got The Bull By The Horns,0,0,1
got-to-have-room-to-change-my-mind,Got To Have Room To Change My Mind,0,0,0
got-you-on-my-mind,Got You On My Mind,0,1,3
got-you-on-my-mind-1,Got You On My Mind,0,1,3
go-woman-go,Go Woman Go,0,0,0
grace-and-gratitude,Grace And Gratitude,0,0,1
g-rag,G Rag,0,1,0
grain-of-salt,Grain Of Salt,0,0,4
grandfathers-clock,Grandfather's Clock,1,14,2
grandfather-s-tune,Grandfather's Tune,0,0,0
grand-hornpipe,Grand Hornpipe,0,1,0
grandma-got-run-over-by-a-reindeer,Grandma Got Run Over By a Reindeer,1,1,1
grandma-harp,Grandma Harp,0,0,1
grandma-sang-off-key,Grandma Sang Off Key,0,0,1
grandma-s-homemade-christmas-card,Grandma's Homemade Christmas Card,0,0,0
grandma-whistled,Grandma Whistled,0,0,1
grand-mira-the,Grand Mira (The),0,0,0
grand-ole-opry-song,Grand Ole Opry Song,0,3,1
grandpa,Grandpa,0,1,4
grandpas-mandolin,Grandpa’s Mandolin,0,1,1
grandpa-was-a-farmer,Grandpa Was A Farmer,0,1,0
granny-will-your-dog-bite,Granny Will Your Dog Bite?,0,1,0
grapes-on-the-vine,Grapes On The Vine,0,0,1
grapevine,Grapevine,0,0,5
grass-is-blue,Grass Is Blue,0,2,1
grass-valley,Grass Valley,1,2,1
grass-won-t-grow-on-a-busy-street,Grass Won't Grow On A Busy Street,0,2,1
grassy-fiddle-blues,Grassy Fiddle Blues,1,1,0
grave-in-the-valley,Grave In The Valley,1,6,1
grave-on-the-green-hillside,Grave On The Green Hillside,0,1,1
grazing-in-greener-pastures,Grazing In Greener Pastures,0,0,0
greasy-grit-gravy,Greasy Grit Gravy,0,0,1
great-balls-of-fire,Great Balls Of Fire,0,2,3
greatest-gift-of-all,Greatest Gift Of All,0,1,4
greatest-one-of-all,Greatest One Of All,0,0,0
great-is-thy-faithfulness,Great Is Thy Faithfulness,0,0,2
great-judgement-day,Great Judgement Day,0,2,1
great-society,Great Society,0,0,2
great-white-horse,Great White Horse,0,0,1
green-cottage-polka-1-the,Green Cottage Polka (1) (The),0,0,0
green-door,Green Door,0,0,2
greener-pastures,Greener Pastures,0,2,7
greener-than-the-grass-we-laid-on,Greener Than The Grass We Laid On,0,0,1
greener-than-the-grass-we-laid-on-1,Greener Than The Grass We Laid On,0,0,1
green-green,Green Green,0,0,1
green-green-grass-of-home,Green Green Grass Of Home,0,2,3
green-light-lyrics-chords,Green Light Lyrics Chords,0,0,0
green-light-on-the-southern,Green Light on the Southern,1,2,1
greenlight-on-the-southern,Greenlight On The Southern,0,3,0
green-pastures,Green Pastures,1,8,4
green-pastures-in-the-sky,Green Pastures In The Sky,1,7,1
green-river-i-ve-come-back-to-you,Green River I've Come Back To You,0,0,0
green-river-march,Green River March,1,0,0
green-rolling-hills,Green Rolling Hills,0,3,0
green-rollin-hills,Green Rollin Hills,0,0,0
greensleeves,Greensleeves,1,14,33
green-snakes,Green Snakes,0,0,0
grey-cat-on-a-tennessee-farm,Grey Cat on a Tennessee Farm,1,1,0
grey-owl,Grey Owl,1,2,1
greystone-chapel,Greystone Chapel,0,0,1
grieving-in-my-heart,Grieving In My Heart,0,0,0
ground-hawg,Ground Hawg,0,0,0
ground-hog,Ground Hog,1,8,3
groundhog,Groundhog,1,9,3
ground-speed,Ground Speed,1,6,1
growing-apart,Growing Apart,0,0,3
growling-old-man,Growling Old Man,1,1,0
grown-up-tears,Grown Up Tears,0,0,1
guess-away-the-blues,Guess Away The Blues,0,0,0
guess-i-ll-be-going,Guess I'll Be Going,0,0,1
guess-i-ll-have-to-love-him-more,Guess I'll Have To Love Him More,0,0,1
guess-i-ll-move-on-down-the-line,Guess I'll Move On Down The Line,0,0,1
guess-my-eyes-were-bigger-than-my-heart,Guess My Eyes Were Bigger Than My Heart,0,0,1
guess-things-happen-that-way,Guess Things Happen That Way,0,1,1
guess-we-thought-the-world-would-end,Guess We Thought the World Would End,0,0,0
guide-me-home-my-georgia-moon,Guide Me Home My Georgia Moon,0,1,0
guide-me-lord,Guide Me Lord,0,1,0
guilty,Guilty,0,1,108
guilty-1,Guilty,0,1,108
guilty-as-sin,Guilty As Sin,0,0,2
guilty-conscience,Guilty Conscience,0,0,4
guilty-footsteps,Guilty Footsteps,0,0,1
guilty-of-dreaming,Guilty Of Dreaming,0,0,0
guilty-of-the-crime,Guilty Of The Crime,0,0,1
guilty-street,Guilty Street,0,0,0
guitar-boogie,Guitar Boogie,1,1,4
guitar-in-the-corner,Guitar In The Corner,0,0,1
guitar-man,Guitar Man,0,0,11
guitar-polka,Guitar Polka,0,0,1
guitars-cadillacs,Guitars Cadillacs,0,0,1
guitars-that-won-t-stay-in-tune,Guitars That Won't Stay In Tune,0,0,1
gulf-coast-highway,Gulf Coast Highway,0,0,1
gulf-shore-line,Gulf Shore Line,0,0,1
gum-tree-canoe,Gum Tree Canoe,1,2,0
gunsmoke-trail,Gunsmoke Trail,0,0,0
gustafs-skoal,Gustafs Skoal,0,0,0
gwen,Gwen,0,0,6
gypsy-feet,Gypsy Feet,0,0,1
gypsy-heart,Gypsy Heart,0,0,4
gypsy-lady-and-the-hobo,Gypsy Lady And The Hobo,0,0,0
gypsy-lyrics-chords,Gypsy Lyrics Chords,0,0,0
half-a-chance,Half A Chance,0,1,6
half-a-heart,Half A Heart,0,2,3
half-a-house,Half A House,0,0,0
half-a-man,Half a Man,0,1,10
half-a-mind,Half A Mind,0,3,3
half-as-good-a-girl,Half As Good A Girl,0,0,0
half-as-much,Half as Much,0,0,3
half-breed,Half Breed,0,0,4
half-heaven-half-heartache,Half Heaven Half Heartache,0,0,1
half-of-me-is-gone,Half of Me is Gone,0,0,0
half-of-this-half-of-that,Half Of This Half Of That,0,0,0
half-over-you,Half Over You,0,1,1
half-the-man,Half The Man,0,0,4
half-the-moon,Half The Moon,0,0,0
half-the-way,Half The Way,0,1,0
halfway-down,Halfway Down,0,3,3
halfway-home-cafe,Halfway Home Café,1,0,0
half-way-in-love,Half Way In Love,0,0,1
halfway-loved,Halfway Loved,0,0,0
halfway-to-heaven,Halfway To Heaven,0,0,9
half-way-up,Half Way Up,0,0,1
hallelujah,Hallelujah,1,4,86
hallelujah-i-love-her-so,Hallelujah I Love Her So,0,1,1
hallelujah-i-love-him-so,Hallelujah I Love Him So,0,0,2
hallelujah-im-ready,Hallelujah I’m Ready,1,3,0
hallelujah-i-m-ready-to-go,Hallelujah I'm Ready To Go,0,1,0
hallelujah-square,Hallelujah Square,0,0,0
hallelujah-thank-you-jesus,Hallelujah Thank You Jesus,0,0,1
hall-of-angels,Hall of Angels,0,0,0
hall-of-shame,Hall Of Shame,0,0,3
hamburger-steak-holiday-inn,Hamburger Steak Holiday Inn,0,0,0
hamilton-s-special-breakdown,Hamilton's Special Breakdown,0,3,0
handcuffed-to-love,Handcuffed To Love,0,0,0
handful-of-dreams,Handful Of Dreams,0,0,0
handful-of-friends,Handful Of Friends,0,0,1
handful-of-stars,Handful Of Stars,0,0,3
hand-in-hand-with-jesus,Hand In Hand With Jesus,0,2,1
hand-in-the-fire,Hand In The Fire,0,0,1
handle-with-care,Handle With Care,0,0,9
handmade-cross,Handmade Cross,1,0,1
hand-me-down-heart,Hand Me Down Heart,0,0,0
hand-me-down-my-silver-trumpet,Hand Me Down My Silver Trumpet,0,1,1
hand-me-down-my-walking-cane,Hand Me Down My Walking Cane,1,10,4
hand-me-down-my-walking-cane-1,Hand Me Down My Walking Cane,1,10,4
hand-of-love,Hand of love,0,2,1
hand-on-my-shoulder,Hand On My Shoulder,0,0,1
hand-prints-on-the-wall,Hand Prints On The Wall,0,0,0
hands,Hands,0,1,67
hands-across-the-table,Hands Across the Table,0,0,1
hands-can-say-a-lot-beneath-the-table,Hands Can Say A Lot Beneath The Table,0,0,0
hands-of-yesterday,Hands Of Yesterday,0,0,0
handsome-molly,Handsome Molly,1,23,3
hands-on-the-wheel,Hands On The Wheel,0,0,5
hangin-around-the-mistletoe,Hangin' Around The Mistletoe,0,0,0
hanging-around,Hanging Around,0,1,17
hanging-in,Hanging In,0,0,0
hanging-my-teardrops-out-to-dry,Hanging My Teardrops Out To Dry,0,0,0
hanging-on,Hanging On,0,0,20
hanging-on-to-what-i-got,Hanging On To What I Got,0,0,0
hanging-over-me,Hanging Over Me,0,0,0
hanging-up-my-traveling-shoes,Hanging Up My Traveling Shoes,0,0,0
hangin-in-and-hangin-on,Hangin' In And Hangin' On,0,0,1
hangin-on-alone,Hangin' On Alone,0,0,1
hang-in-there-girl,Hang In There Girl,0,0,0
hangman-s-boogie,Hangman's Boogie,0,0,0
hang-my-picture-in-your-heart-dear,Hang My Picture In Your Heart Dear,0,0,0
hang-on-feelin,Hang On Feelin',0,0,0
hang-on-sally,Hang On Sally,0,0,0
hangover-heart,Hangover Heart,0,0,2
hangover-tavern,Hangover Tavern,0,0,1
hang-up-my-gloves,Hang Up My Gloves,0,0,0
hang-your-head-in-shame,Hang Your Head in Shame,1,7,1
hank-and-joe-and-me,Hank And Joe And Me,0,0,1
hank-and-lefty-raised-my-country-soul,Hank And Lefty Raised My Country Soul,0,0,1
hank-and-the-hobo,Hank And The Hobo,0,0,0
hank-s-song,Hank's Song,0,0,1
hank-williams-guitar,Hank Williams' Guitar,0,0,0
hank-williams-you-wrote-my-life,Hank Williams You Wrote My Life,0,0,1
hank-you-still-make-me-cry,Hank You Still Make Me Cry,0,0,0
hannah,Hannah,1,6,13
ha-penny-for-a-cotton-ball-a,Ha'Penny for a Cotton Ball (A),0,0,0
happiest-days-of-all-the,"Happiest Days Of All, The",0,0,0
happiest-song-on-the-jukebox,Happiest Song On The Jukebox,0,0,1
happiness,Happiness,0,4,154
happiness-alone,Happiness Alone,0,0,1
happiness-hill,Happiness Hill,0,0,0
happiness-is-just-a-prayer-away,Happiness Is Just A Prayer Away,0,0,1
happiness-is-my-belief,Happiness Is My Belief,0,0,0
happiness-is-you,Happiness Is You,0,0,1
happiness-lives-next-door,Happiness Lives Next Door,0,0,1
happiness-means-you,Happiness Means You,0,0,0
happy-acres-two-step,Happy Acres Two-Step,0,0,0
happy-anniversary,Happy Anniversary,0,0,7
happy-anniversary-1,Happy Anniversary,0,0,7
happy-anniversary-baby,Happy Anniversary Baby,0,0,0
happy-birthday,Happy Birthday,1,4,82
happy-birthday-darlin,Happy Birthday Darlin',0,0,0
happy-birthday-dear-heartache,Happy Birthday Dear Heartache,0,0,0
happy-birthday-jesus,Happy Birthday Jesus,0,0,3
happy-birthday-jesus-1,Happy Birthday Jesus,0,0,3
happy-birthday-my-darlin,Happy Birthday My Darlin',0,0,0
happy-birthday-to-me,Happy Birthday To Me,0,0,7
happy-birthday-to-you-our-lord,Happy Birthday To You Our Lord,0,0,0
happy-blues,Happy Blues,0,0,4
happy-child,Happy Child,0,0,3
happy-christmas-day,Happy Christmas Day,0,0,1
happy-happy-birthday-baby,Happy Happy Birthday Baby,0,1,1
happy-holidays,Happy Holidays,0,0,2
happy-hollow,Happy Hollow,1,4,1
happy-hour,Happy Hour,0,0,33
happy-ill-be,Happy I’ll Be,0,10,1
happy-in-prison,Happy In Prison,1,0,1
happy-journey,Happy Journey,0,0,1
happy-kind-of-sadness,Happy Kind Of Sadness,0,0,0
happy-memories,Happy Memories,0,0,2
happy-on-my-way,Happy On My Way,1,5,2
happy-or-lonesome,Happy Or Lonesome,1,1,1
happy-part-of-town,Happy Part Of Town,0,0,1
happy-state-of-mind,Happy State Of Mind,0,0,1
happy-street,Happy Street,0,0,5
happy-sunny-side-of-life-the,"Happy Sunny Side Of Life, The",1,0,0
happy-times-are-here-again,Happy Times Are Here Again,0,0,1
happy-tracks,Happy Tracks,0,1,2
happy-trails,Happy Trails,0,3,4
happy-trails-1,Happy Trails,0,3,4
happyville,Happyville,0,0,0
happy-with-the-one-i-ve-got,Happy With The One I've Got,0,0,0
happy-you-lonely-me,Happy You Lonely Me,0,0,1
harbor-for-a-lonely-heart,Harbor For A Lonely Heart,0,0,0
harbor-lights,Harbor Lights,0,3,6
harbor-of-love,Harbor Of Love,1,6,2
harbor-of-love-1,Harbor Of Love,1,6,2
hard-act-to-follow,Hard Act To Follow,0,0,7
hard-aint-it-hard,Hard Ain’t It Hard,1,2,1
hard-candy-christmas,Hard Candy Christmas,0,3,1
hard-game-of-love,Hard Game Of Love,0,0,0
hard-headed-me,Hard Headed Me,0,0,1
hard-headed-woman,Hard Headed Woman,0,1,3
hard-hearted,Hard Hearted,1,7,2
hard-knocks,Hard Knocks,0,0,4
hard-livin,Hard Livin',0,1,6
hard-luck-ace,Hard Luck Ace,0,0,0
hard-luck-in-heaven,Hard Luck in Heaven,1,0,0
hard-luck-joe,Hard Luck Joe,0,0,1
hard-on-my-heart,Hard On My Heart,0,1,0
hard-rock-bottom-of-your-heart,Hard Rock Bottom Of Your Heart,0,1,1
hard-rocking-chair,Hard Rocking Chair,1,0,0
hard-times,Hard Times,1,16,91
hard-times-2,Hard Times,1,16,91
hard-times-come-again-no-more,Hard Times Come Again No More,1,6,4
hard-to-be-friends,Hard To Be Friends,0,0,1
hard-to-survive,Hard To Survive,0,0,0
hard-traveling,Hard Traveling,1,0,0
hark-the-herald-angels-sing,Hark the Herald Angels Sing,0,8,19
harold-s-super-service,Harold's Super Service,0,0,1
harper-valley-p-t-a,Harper Valley P.T.A.,0,1,0
harp-with-golden-strings,Harp With Golden Strings,0,3,1
harry-and-joe,Harry And Joe,0,0,1
harvest-home,Harvest Home,1,0,4
harvest-of-sunshine,Harvest Of Sunshine,0,0,0
has-it-been-that-bad-for-you,Has It Been That Bad For You,0,0,0
hasn-t-it-been-good-together,Hasn't It Been Good Together,0,0,0
hasta-luego-my-love,Hasta Luego My Love,0,0,0
hasta-luego-see-you-later,Hasta Luego (See You Later),0,0,0
hat-and-boots,Hat And Boots,0,0,0
hate-the-lies-love-the-liar,Hate The Lies Love The Liar,0,0,1
hats-off,Hats Off,0,0,6
hat-trick,Hat Trick,0,0,5
haunted-heart,Haunted Heart,0,1,8
haunted-house,Haunted House,0,1,34
haunted-hungry-heart,Haunted Hungry Heart,0,0,1
have-a-drink-on-me,Have A Drink On Me,0,2,5
have-a-feast-here-tonight,Have A Feast Here Tonight,1,18,0
have-a-good-one,Have A Good One,0,0,1
have-a-heart,Have A Heart,0,0,14
have-a-little-faith,Have A Little Faith,0,1,6
have-a-little-faith-1,Have A Little Faith,0,1,6
have-a-nice-rest-of-your-life,Have A Nice Rest Of Your Life,0,0,0
have-i-done-my-best-for-jesus,Have I Done My Best For Jesus,0,0,0
have-i-got-a-deal-for-you,Have I Got A Deal For You,0,0,1
have-i-got-some-blues-for-you,Have I Got Some Blues For You,0,0,1
have-i-grown-used-to-missing-you,Have I Grown Used To Missing You,0,0,1
have-i-loved-you-too-late,Have I Loved You Too Late,0,2,1
have-i-stayed-away-too-long,Have I Stayed Away Too Long,0,2,1
have-i-told-you-lately-that-i-love-you,Have I Told You Lately That I Love You,0,2,0
have-i-waited-too-long,Have I Waited Too Long,0,0,0
haven-for-angels-unaware,Haven For Angels Unaware,0,0,0
haven-t-i-always,Haven't I Always,0,0,0
haven-t-you-heard,Haven't You Heard,0,0,4
haven-t-you-heard-1,Haven't You Heard,0,0,4
have-some-of-mine,Have Some Of Mine,0,0,0
have-thine-own-way-lord,Have Thine Own Way Lord,0,1,1
have-this-love-on-me,Have This Love On Me,0,0,0
have-you-come-to-say-goodbye,Have You Come To Say Goodbye,1,2,1
have-you-ever-been-a-fool,Have You Ever Been A Fool,0,0,0
have-you-ever-been-lonely,Have You Ever Been Lonely,0,2,1
have-you-ever-been-untrue,Have You Ever Been Untrue,0,0,0
have-you-ever-had-the-feeling-aka-sneaking-all-around,Have You Ever Had The Feeling aka (Sneaking All Around),0,0,0
have-you-ever-looked-into-your-heart,Have You Ever Looked Into Your Heart,0,0,0
have-you-ever-loved-somebody,Have You Ever Loved Somebody,0,0,1
have-you-found-it-yet,Have You Found It Yet,0,0,1
have-you-lost-your-love-for-me,Have You Lost Your Love For Me,0,2,0
have-yourself-a-merry-little-christmas,Have Yourself A Merry Little Christmas,0,8,9
have-you-seen-her,Have You Seen Her,0,0,3
have-you-someone-in-heaven-waiting,Have You Someone In Heaven Waiting,1,0,0
having-second-thoughts,Having Second Thoughts,0,1,0
hawaiian-bells,Hawaiian Bells,0,0,2
hawaiian-cowboy,Hawaiian Cowboy,0,0,1
hawaiian-echoes-lyrics-chords,Hawaiian Echoes Lyrics Chords,0,0,0
hawaiian-sunset,Hawaiian Sunset,0,2,1
hawaiian-wedding-song,Hawaiian Wedding Song,0,0,1
hawaii-s-calling-me,Hawaii's Calling Me,0,0,0
hawk-is-a-mule,Hawk is a Mule,1,0,0
hayride-boogie,Hayride Boogie,0,0,0
he,He,0,0,10
head,Head,1,0,31
headed-for-a-heartache,Headed For A Heartache,0,0,1
headed-for-the-country,Headed For The Country,0,1,1
heading-back-to-arkansas,Heading Back to Arkansas,1,0,0
heading-down-the-wrong-highway,Heading Down the Wrong Highway,0,0,0
headin-south,Headin' South,0,1,1
head-of-the-holler,Head Of The Holler,0,0,0
head-over-heels,Head Over Heels,1,9,23
head-over-heels-in-love-with-you,Head Over Heels In Love With You,1,6,0
heads-i-go-hearts-i-stay,Heads I Go Hearts I Stay,0,0,0
heads-or-tails,Heads Or Tails,0,0,11
head-to-toe,Head To Toe,0,0,7
he-ain-t-gone-for-good,He Ain't Gone For Good,0,0,0
healing-hands-of-time,Healing Hands of Time,0,1,2
heap-of-good-lovin,Heap Of Good Lovin',0,0,0
hear-jerusalem-moan,Hear Jerusalem Moan,1,3,0
hear-my-heart-beat,Hear My Heart Beat,0,0,0
heartache-big-as-texas,Heartache Big As Texas,0,0,0
heartache-highway,Heartache Highway,0,0,0
heartache-just-walked-in,Heartache Just Walked In,0,0,0
heartache-killer,Heartache Killer,0,0,0
heartache-no-3,Heartache No.3,0,0,0
heartache-remover,Heartache Remover,0,0,0
heartaches,Heartaches,0,5,2
heartaches-1,Heartaches,0,5,2
heartaches-are-for-lovers-not-for-friends,Heartaches Are For Lovers Not For Friends,0,0,0
heartaches-by-the-number,Heartaches by the Number,0,2,1
heartaches-for-a-dime,Heartaches For a Dime,0,0,1
heartaches-have-just-started,Heartaches Have Just Started,0,0,1
heartaches-of-a-fool,Heartaches Of A Fool,0,0,1
heartaches-teardrops-and-sorrow,Heartaches Teardrops And Sorrow,0,0,0
heart-aching-blues,Heart Aching Blues,0,0,1
heart-and-soul,Heart and Soul,0,1,25
heartbeat,Heartbeat,0,0,137
heartbeat-in-the-darkness,Heartbeat In The Darkness,0,0,1
heart-be-careful,Heart Be Careful,0,0,0
heartbreak-affair,Heartbreak Affair,0,0,1
heartbreak-ahead,Heartbreak Ahead,0,0,1
heartbreak-avenue,Heartbreak Avenue,0,0,4
heartbreaker,Heartbreaker,0,3,94
heartbreak-express,Heartbreak Express,0,1,3
heartbreak-highway,Heartbreak Highway,0,0,1
heartbreak-hill,Heartbreak Hill,0,0,4
heartbreak-hill-1,Heartbreak Hill,0,0,4
heartbreak-hotel,Heartbreak Hotel,0,4,5
heartbreak-hurricane,Heartbreak Hurricane,0,2,1
heartbreaking-baby,Heartbreaking Baby,0,0,0
heartbreakin-old-achin-blues,Heartbreakin' Old Achin' Blues,0,0,0
heartbreak-in-silhouette,Heartbreak in Silhouette,0,0,1
heartbreak-mountain,Heartbreak Mountain,0,5,2
heartbreak-tennessee,Heartbreak Tennessee,0,0,0
heartbreak-trail,Heartbreak Trail,0,0,0
heartbreak-u-s-a,Heartbreak U.S.A.,0,0,1
heartbreak-waltz,Heartbreak Waltz,0,0,0
heartbroke,Heartbroke,0,1,2
heartbroken,Heartbroken,0,0,18
heart-don-t-love-her-anymore,Heart (Don't Love Her Anymore),0,0,0
heart-first,Heart First,0,0,1
heart-healer,Heart Healer,0,0,1
hear-the-whistle-blow-a-hundred-miles,Hear The Whistle Blow A Hundred Miles,0,1,0
heart-in-hand,Heart In Hand,0,0,3
heartland,Heartland,0,0,30
heartland-1,Heartland,0,0,30
heart-mender,Heart Mender,0,0,1
heart-of-a-fool,Heart Of A Fool,0,0,1
heart-of-glass,Heart Of Glass,0,1,8
heart-of-hearts,Heart Of Hearts,0,0,12
heart-of-hearts-1,Heart Of Hearts,0,0,12
heart-of-mine,Heart Of Mine,0,9,10
heart-of-mine-1,Heart Of Mine,0,9,10
heart-of-stone,Heart Of Stone,0,1,48
heart-of-texas,Heart of Texas,0,0,1
heart-of-the-matter,Heart Of The Matter,0,0,18
heart-on-the-line-operator-operator,Heart on the Line (Operator Operator),0,0,1
heart-over-mind,Heart Over Mind,0,1,3
heart-please-be-still,Heart Please Be Still,0,0,0
hearts-aren-t-made-to-break,Hearts Aren't Made To Break,0,0,0
heart-s-highway,Heart's Highway,0,0,0
hearts-like-ours,Hearts Like Ours,0,2,1
hearts-made-of-stone,Hearts Made of Stone,0,0,1
hearts-on-fire,Hearts On Fire,0,1,20
hearts-on-fire-1,Hearts On Fire,0,1,20
heartstrings,Heartstrings,0,1,28
hearts-were-made-for-beating,Hearts Were Made For Beating,0,0,0
heart-that-time-forgot,Heart That Time Forgot,0,0,0
heart-that-was-broken-for-me-the,"Heart That Was Broken For Me, The",1,0,0
heart-to-heart,Heart To Heart,0,0,44
heart-to-heart-and-fool-to-fool,Heart To Heart And Fool To Fool,0,0,0
heart-to-heart-talk,Heart to Heart Talk,0,0,1
heart-trouble,Heart Trouble,0,2,5
heart-weary-and-blue,Heart Weary And Blue,0,0,0
heart-we-did-all-we-could,Heart We Did All We Could,0,0,0
heart-with-a-wiew,Heart with a Wiew,0,0,0
heart-wrenching-lovesick-memories,Heart Wrenching Lovesick Memories,0,1,0
heaven,Heaven,0,13,286
heaven-ain-t-a-honky-tonk,Heaven Ain't A Honky Tonk,0,0,0
heaven-ain-t-ready-for-you-yet,Heaven Ain't Ready For You Yet,0,0,0
heaven-bound-i-m-ready,Heaven Bound (I'm Ready),0,0,0
heaven-bound-train,Heaven Bound Train,0,1,0
heaven-came-down,Heaven Came Down,0,0,0
heaven-came-down-and-glory-filled-my-soul,Heaven Came Down And Glory Filled My Soul,0,0,0
heaven-can-t-be-found,Heaven Can't Be Found,0,0,1
heaven-everyday,Heaven Everyday,0,0,0
heaven-fell-last-night,Heaven Fell Last Night,0,0,1
heaven-help-me,Heaven Help Me,0,0,6
heaven-holds-all-my-treasures,Heaven Holds All My Treasures,0,0,1
heaven-in-my-woman-s-eyes,Heaven In My Woman's Eyes,0,0,0
heaven-is-just-a-touch-away,Heaven Is Just A Touch Away,0,0,0
heaven-is-missing-an-angel,Heaven Is Missing An Angel,0,0,0
heaven-is-my-woman-s-love,Heaven Is My Woman's Love,0,1,1
heavenly,Heavenly,0,0,38
heavenly-1,Heavenly,0,0,38
heavenly-bodies,Heavenly Bodies,0,0,6
heavenly-love,Heavenly Love,0,0,1
heavenly-sunlight,Heavenly Sunlight,1,4,0
heavenly-sunshine,Heavenly Sunshine,0,0,1
heaven-must-be-wondering-where-you-are,Heaven Must Be Wondering Where You Are,0,0,0
heaven-on-earth,Heaven On Earth,0,0,25
heaven-only-knows,Heaven Only Knows,0,0,11
heaven-only-knows-1,Heaven Only Knows,0,0,11
heaven-or-hell,Heaven Or Hell,0,1,15
heaven-s-almost-as-big-as-texas,Heaven's Almost As Big As Texas,0,0,0
heaven-says-hello,Heaven Says Hello,0,0,0
heaven-s-bright-shore,Heaven's Bright Shore,1,4,2
heaven-s-jubilee,Heaven's Jubilee,0,1,0
heaven-s-just-a-prayer-away,Heaven's Just A Prayer Away,0,1,1
heaven-s-just-a-sin-away,Heaven's Just A Sin Away,0,0,1
heaven-s-plan,Heaven's Plan,0,0,0
heavens-radio,Heaven’s Radio,0,0,0
heaven-was-a-drink-of-wine,Heaven Was A Drink Of Wine,0,0,1
heaven-will-be-my-home,Heaven Will Be My Home,0,0,0
heavy-traffic-ahead,Heavy Traffic Ahead,1,5,1
he-bought-my-soul-at-calvary,He Bought My Soul At Calvary,0,0,1
he-broke-your-memory-last-night,He Broke Your Memory Last Night,0,0,1
he-called-me-baby-baby,He Called Me Baby Baby,0,0,0
he-calls-that-religion,He Calls That Religion,1,0,0
he-calms-me,He Calms Me,0,0,0
he-came-a-long-way,He Came A Long Way,0,0,0
he-can-be-an-angel,He Can Be An Angel,0,0,1
he-can-be-found,He Can Be Found,0,3,1
he-can-t-fill-my-shoes,He Can't Fill My Shoes,0,0,1
he-can-t-help-it-if-he-s-not-you,He Can't Help It If He's Not You,0,0,0
heckle-and-jeckle,Heckle And Jeckle,0,0,1
he-delivered-me,He Delivered Me,0,1,1
he-did-it-all-for-me,He Did It All For Me,0,0,1
he-didn-t-come-down,He Didn't Come Down,0,0,0
he-didn-t-throw-the-clay-away,He Didn't Throw The Clay Away,0,0,0
he-don-t-deserve-you-anymore,He Don't Deserve You Anymore,0,1,1
he-drove-her-out-of-his-mind,He Drove Her Out Of His Mind,0,0,0
he-d-still-love-me,He'd Still Love Me,0,0,1
heebie-jeebie-blues,Heebie Jeebie Blues,0,0,0
hee-haw-honey,Hee Haw Honey,0,0,0
he-follows-my-footsteps,He Follows My Footsteps,0,0,1
he-gives-us-all-his-love,He Gives Us All His Love,0,0,1
he-got-you,He Got You,0,0,2
he-grew-the-tree,He Grew The Tree,0,0,0
he-had-it-on-his-mind,He Had It On His Mind,0,0,0
he-has-walked-this-way-before,He Has Walked This Way Before,0,0,0
he-hideth-my-soul,He Hideth My Soul,0,0,0
he-holds-the-lantern,He Holds The Lantern,0,0,0
heights-of-alabama,Heights of Alabama,0,0,0
he-is-my-everything,He is My Everything,0,0,1
he-keeps-me-singing,He Keeps Me Singing,0,0,0
he-knocked-me-right-out-of-the-box,He Knocked Me Right Out Of The Box,0,0,0
he-knows,He Knows,0,0,9
he-knows-all-the-ways-to-love,He Knows All The Ways To Love,0,0,0
he-knows-just-what-i-need,He Knows Just What I Need,0,0,1
he-knows-what-im-crying-about,He Knows What I’m Crying About,0,0,0
helen,Helen,1,6,15
helen-1,Helen,1,6,15
helen-2,Helen,1,6,15
he-little-thinged-her-out-of-my-arms,He Little Thinged Her Out Of My Arms,0,0,0
he-lives-in-me,He Lives In Me,0,0,0
he-lives-on-high,He Lives On High,0,0,0
he-ll-be-a-friend,He'll Be A Friend,0,0,1
he-ll-be-the-one,He'll Be The One,0,0,1
hellbound-for-alabama,Hellbound for Alabama,0,2,0
hell-broke-loose-in-georgia,Hell Broke Loose in Georgia,1,6,0
he-ll-have-to-go,He'll Have to Go,0,0,1
he-ll-have-to-stay,He'll Have To Stay,0,0,1
he-ll-never-take-the-place-of-you,He'll Never Take The Place Of You,0,0,1
hello-amy,Hello Amy,0,0,1
hello-baby,Hello Baby,0,0,4
hello-central-give-me-heaven,Hello Central Give Me Heaven,0,1,1
hello-city-limits,Hello City Limits,1,3,1
hello-city-limits-1,Hello City Limits,1,3,1
hello-darling,Hello Darling,0,0,2
hello-god,Hello God,0,1,2
hello-god-1,Hello God,0,1,2
hello-happiness-goodbye-loneliness,Hello Happiness Goodbye Loneliness,0,0,1
hello-heart,Hello Heart,0,0,1
hello-heartache,Hello Heartache,0,0,2
hello-heartache-1,Hello Heartache,0,0,2
hello-i-love-you,Hello I Love You,0,1,3
hello-i-m-an-old-country-song,Hello I'm an Old Country Song,0,0,0
hello-in-there,Hello In There,0,1,1
hello-jesus,Hello Jesus,0,1,1
hello-josephine,Hello Josephine,0,0,0
hello-little-rock,Hello Little Rock,0,0,0
hello-love,Hello Love,0,2,10
hello-love-goodbye,Hello Love Goodbye,0,0,1
hello-mary,Hello Mary,0,0,0
hello-mary-lou,Hello Mary Lou,0,2,3
hello-mr-happiness,Hello Mr. Happiness,0,0,0
hello-mr-sunshine,Hello Mr. Sunshine,0,0,0
hello-number-one,Hello Number One,0,0,0
hello-old-broken-heart,Hello Old Broken Heart,0,0,0
hello-out-there,Hello Out There,0,0,2
hello-pretty-lady,Hello Pretty Lady,0,0,0
hello-stranger,Hello Stranger,1,8,8
hello-to-him-goodbye-to-me,Hello To Him Goodbye To Me,0,0,0
hello-trouble,Hello Trouble,0,3,1
hello-walls,Hello Walls,0,0,2
hello-we-re-lonely,Hello We're Lonely,0,0,1
hell-stays-open-all-night,Hell Stays Open All Night,0,0,0
he-ll-take-you-in,He'll Take You In,0,2,1
he-ll-understand-and-say-well-done,He'll Understand and Say Well Done,0,0,2
hell-up-hickory-holler,Hell Up Hickory Holler,0,0,0
he-looked-beyond-my-faults,He Looked Beyond My Faults,0,0,0
he-loved-me-once-and-he-ll-love-me-again,He Loved Me Once And He'll Love Me Again,0,0,0
he-loves-me-all-the-way,He Loves Me All The Way,0,0,1
helping-hand,Helping Hand,0,2,15
helping-her-get-over-him,Helping Her Get Over Him,0,0,0
helping-me-get-over-you,Helping Me Get Over You,0,0,0
help-is-on-the-way,Help Is On The Way,1,0,10
helpless,Helpless,0,2,43
helplessly-hoping,Helplessly Hoping,0,0,1
help-me,Help Me,0,2,69
help-me-hank-i-m-falling,Help Me Hank I'm Falling,0,0,0
help-me-hold-on,Help Me Hold On,0,0,1
help-me-lord,Help Me Lord,1,0,1
help-me-make-it-through-the-night,Help Me Make It Through The Night,0,8,4
help-me-make-it-through-the-night-1,Help Me Make It Through The Night,0,8,4
help-me-not-to-complain,Help Me Not To Complain,0,0,0
help-me-rhonda,Help Me Rhonda,0,0,1
help-me-to-be-more-like-him,Help Me to Be More Like Him,1,0,0
help-me-understand,Help Me Understand,0,1,1
help-stamp-out-loneliness,Help Stamp Out Loneliness,0,1,1
help-the-people,Help The People,0,0,0
help-thou-my-unbelief,Help Thou My Unbelief,0,0,0
help-yourselves-to-each-other,Help Yourselves To Each Other,0,0,1
he-made-a-rainbow-of-my-tears,He made A Rainbow Of My Tears,0,0,0
he-made-it-alright,He Made It Alright,0,0,0
he-made-me-free,He Made Me Free,0,0,0
he-made-you-for-me,He Made You For Me,0,0,0
he-may-call,He May Call,0,0,0
hemingway-hideaway,Hemingway Hideaway,0,0,1
hemlock-and-primroses,Hemlock And Primroses,0,1,0
hem-of-his-garment,Hem Of His Garment,0,0,2
he-must-have-loved-me-a-lot,He Must Have Loved Me A Lot,0,0,0
he-never-came-back,He Never Came Back,0,0,1
he-never-got-the-picture,He Never Got The Picture,0,0,0
henry-lee,Henry Lee,1,5,3
henry-reed-s-breakdown,Henry Reed's Breakdown,0,0,1
he-rambled,He Rambled,0,3,0
her-body-couldnt-keep-you-off-my-mind,Her Body Couldn’t Keep You Off my Mind,0,0,0
her-crown-she-has-won,Her Crown She Has Won,0,0,0
here-am-i-broken-hearted,Here Am I Broken Hearted,0,0,1
here-comes-heaven,Here Comes Heaven,0,0,0
here-comes-honey-again,Here Comes Honey Again,0,0,1
here-comes-my-baby-back-again,Here Comes My Baby Back Again,0,1,1
here-comes-old-memory-maker,Here Comes Old Memory Maker,0,0,0
here-comes-santa-claus,Here Comes Santa Claus,0,1,1
here-comes-santa-claus-again,Here Comes Santa Claus Again,0,0,1
here-comes-that-feeling,Here Comes That Feeling,0,0,4
here-comes-that-rainbow-again,Here Comes That Rainbow Again,0,0,1
here-comes-that-sin-again,Here Comes That Sin Again,0,0,0
here-comes-the-hurt-again,Here Comes The Hurt Again,0,0,0
here-comes-the-rain-baby,Here Comes The Rain Baby,0,0,1
here-comes-the-world-again,Here Comes The World Again,0,0,0
here-for-a-good-time,Here For A Good Time,0,0,1
here-i-am,Here I Am,0,7,79
here-i-am-1,Here I Am,0,7,79
here-i-am-2,Here I Am,1,7,79
here-i-am-again,Here I Am Again,0,0,5
here-i-am-again-1,Here I Am Again,0,0,5
here-i-am-alone-again,Here I Am (Alone Again),0,0,0
here-i-am-drunk-again,Here I Am Drunk Again,0,0,0
here-i-am-in-dallas,Here I Am In Dallas,0,0,0
here-i-am-lord,Here I Am Lord,0,0,2
here-i-am-to-worship,Here I Am To Worship,0,0,1
here-i-go-again,Here I Go Again,0,0,25
here-in-frisco,Here In Frisco,0,0,1
here-in-love,Here In Love,0,0,0
here-in-my-heart,Here In My Heart,0,0,11
here-in-the-real-world,Here In The Real World,0,1,1
he-remembers-her,He Remembers Her,0,0,0
here-rattler-here,Here Rattler Here,1,2,0
here-s-a-quarter-call-someone-who-cares,Here's A Quarter Call Someone Who Cares,0,0,0
here-s-lookin-at-you,Here's Lookin' At You,0,0,1
here-s-some-love,Here's Some Love,0,0,1
here-s-to-hank,Here's To Hank,0,0,0
here-s-to-the-girls,Here's To The Girls,0,0,1
here-s-to-you,Here's To You,0,3,14
here-today,Here Today,1,3,11
here-today-gone-tomorrow,Here Today Gone Tomorrow,1,6,12
here-today-here-tomorrow,Here Today Here Tomorrow,0,0,1
here-we-are,Here We Are,0,4,45
here-we-are-1,Here We Are,0,4,45
here-we-are-again,Here We Are Again,0,1,7
here-we-are-making-love-again,Here We Are Making Love Again,0,0,0
here-we-go-again,Here We Go Again,0,2,57
here-we-go-again-1,Here We Go Again,0,2,57
her-eyes-are-bluebonnet-blue,Her Eyes Are Bluebonnet Blue,0,0,0
her-goodbye-hit-me-in-the-heart,Her Goodbye Hit Me In The Heart,0,0,1
her-heart-or-mine,Her Heart Or Mine,0,0,1
her-hello-was-my-goodbye,Her Hello Was My Goodbye,0,0,1
her-l-o-v-e-s-gone,Her L-O-V-E'S Gone,0,0,0
herman-schwartz,Herman Schwartz,0,0,0
her-name-is,Her Name Is,0,1,0
he-rode-all-the-way-to-texas,He Rode All The Way To Texas,1,4,1
hero-for-a-day,Hero For A Day,0,0,0
her-old-stompin-ground,Her Old Stompin' Ground,0,0,0
her-only-bad-habit-is-me,Her Only Bad Habit Is Me,0,0,0
her-perfect-memory,Her Perfect Memory,0,0,1
her-sweet-loves-calling-me,Her Sweet Love’s Calling Me,1,0,0
he-s-a-go-getter,He's A Go-Getter,0,1,1
he-s-a-jolly-good-fellow,He's A Jolly Good Fellow,0,1,0
he-s-all-i-got,He's All I Got,0,0,2
he-s-back-in-texas,He's Back In Texas,0,0,0
he-s-coming-back-to-earth-again,He's Coming Back To Earth Again,1,8,1
he-set-me-free,He Set Me Free,0,2,1
he-set-me-free-1,He Set Me Free,0,2,1
he-s-everywhere,He's Everywhere,0,1,1
he-s-gathering-his-sheep,He's Gathering His Sheep,0,0,0
he-s-gone-gone-gone,He's Gone Gone Gone,0,0,0
he-s-got-a-way-with-women,He's Got A Way With Women,0,0,2
he-s-got-a-way-with-women-1,He's Got A Way With Women,0,0,2
he-s-got-her,He's Got Her,0,0,0
he-s-got-my-sympathy,He's Got My Sympathy,0,0,1
he-s-got-the-whole-world-in-his-hands,He's Got The Whole World in His Hands,0,3,5
he-s-got-to-catch-me-first,He's Got To Catch Me First,0,0,0
he-s-got-you,He's Got You,0,0,1
he-s-in-a-hurry,He's In A Hurry,0,0,0
hesitation-blues,Hesitation Blues,1,5,6
he-s-just-on-my-mind,He's Just On My Mind,0,0,0
he-s-my-dreamboat,He's My Dreamboat,0,0,1
hes-my-guide,He’s My Guide,0,1,0
he-s-my-rock-my-sword-my-shield,He's My Rock My Sword My Shield,0,0,0
he-s-not-the-man-i-used-to-be,He's Not The Man I Used To Be,0,0,0
he-s-only-everything,He's Only Everything,0,0,1
he-spoke-not-a-word,He Spoke Not A Word,0,0,0
he-s-somewhere-between-you-and-me,He's Somewhere Between You And Me,0,0,0
he-s-standing-by,He's Standing By,0,0,0
he-s-still-my-man,He's Still My Man,0,0,0
he-s-taking-it-hard-she-s-taking-it-easy,He's Taking It Hard She's Taking It Easy,0,0,0
he-stands-real-tall,He Stands Real Tall,0,0,0
he-s-the-man,He's The Man,0,0,5
he-still-hears,He Still Hears,0,1,1
he-stopped-loving-her-today,He Stopped Loving Her Today,0,3,1
he-taught-me-to-yodel,He Taught Me To Yodel,0,0,0
he-thinks-i-love-him,He Thinks I Love Him,0,0,1
he-thinks-i-still-care,He Thinks I Still Care,0,1,0
he-thought-he-d-die-laughing,He Thought He'd Die Laughing,0,0,0
he-took-my-place,He Took My Place,0,0,1
he-took-white-roses-from-her-hair,He Took White Roses From Her Hair,1,0,0
he-took-your-place,He Took Your Place,1,12,1
he-touched-me,He Touched Me,0,2,4
he-touched-me-1,He Touched Me,0,2,4
he-turned-the-water-into-wine,He Turned the Water into Wine,0,1,0
he-walked-on-water,He Walked On Water,0,1,1
he-walks-beside-me,He Walks Beside Me,0,0,0
he-was-a-friend-of-mine,He Was A Friend of Mine,1,8,5
he-was-on-to-something,He Was On To Something,1,0,0
he-was-there,He Was There,0,0,3
he-was-there-1,He Was There,0,0,3
he-was-there-all-the-time,He Was There All the Time,0,0,1
he-went-to-paris,He Went to Paris,0,0,1
he-went-to-the-cross-loving-you,He Went To The Cross Loving You,0,0,0
he-will,He Will,0,1,0
he-will-break-your-heart,He Will Break Your Heart,0,1,1
he-will-do-for-you,He Will Do For You,0,0,1
he-will-never-let-me-down,He Will Never Let Me Down,0,0,0
he-will-save-your-soul,He Will Save Your Soul,0,0,1
he-will-set-your-fields-on-fire,He Will Set Your Fields On Fire,1,22,1
he-will-she-knows,He Will She Knows,0,0,1
hey-barnum-and-bailey,Hey Barnum And Bailey,0,0,0
hey-brother,Hey Brother,1,1,5
hey-doll-baby,Hey Doll Baby,0,0,1
hey-good-lookin,Hey Good Lookin',1,7,3
hey-good-looking,Hey Good Looking,0,1,0
hey-gypsy,Hey Gypsy,0,0,1
hey-hey-bartender,Hey Hey Bartender,0,3,0
hey-hey-hey,Hey Hey Hey,0,2,22
hey-jesus-you-re-my-best-friend,Hey Jesus You're My Best Friend,0,0,0
hey-joe,Hey Joe,0,5,13
hey-joe-1,Hey Joe,0,5,13
hey-little-girl,Hey Little Girl,0,1,21
hey-little-lucy,Hey Little Lucy,0,0,1
hey-little-star,Hey Little Star,0,0,2
hey-lonesome,Hey Lonesome,1,10,1
hey-loretta,Hey Loretta,0,0,1
hey-miss-ruby,Hey Miss Ruby,0,0,1
hey-mr-bluebird,Hey Mr. Bluebird,0,0,1
hey-porter,Hey Porter,1,4,1
hey-ring-a-ding,Hey Ring-A-Ding,0,0,0
hey-there-little-miss-tease,Hey There Little Miss Tease,0,0,1
hey-there-my-friend,Hey There My Friend,0,0,0
hey-what-about-me,Hey What About Me,0,0,0
hey-would-you-hold-it-down,Hey Would You Hold It Down,0,0,1
hickory-walnut-and-pine,Hickory Walnut And Pine,1,0,0
hickory-wind,Hickory Wind,1,9,1
hide,Hide,0,0,37
hideaway,Hideaway,0,0,77
hide-away-blues,Hide Away Blues,0,0,1
hide-me-oh-blessed-rock-of-ages,Hide Me Oh Blessed Rock of Ages,1,0,0
hide-me-rock-of-ages,Hide Me Rock Of Ages,0,4,1
hide-thou-me,Hide Thou Me,0,0,2
hiding-in-my-heart,Hiding In My Heart,0,0,0
hidin-out,Hidin' Out,0,0,3
high-and-dry,High and Dry,0,0,19
high-as-the-mountain,High As The Mountain,0,0,0
high-cotton,High Cotton,0,2,2
higher-ground,Higher Ground,1,4,44
higher-up-the-monkey-climbs,Higher Up the Monkey Climbs,0,0,0
high-geared-daddy-lyrics-chords,High Geared Daddy Lyrics Chords,0,0,0
high-heaven,High Heaven,0,0,0
high-heels-and-no-soul,High Heels And No Soul,0,0,0
high-heel-sneakers,High Heel Sneakers,0,0,0
high-inflation-blues,High Inflation Blues,0,0,0
high-lonesome,High Lonesome,0,6,3
high-lonesome-sound,High Lonesome Sound,1,8,2
highly-prized-possession,Highly Prized Possession,0,0,1
high-noon,High Noon,0,1,30
high-on-a-hilltop,High On A Hilltop,1,8,3
high-on-a-hilltop-1,High On A Hilltop,1,8,3
high-on-a-mountain,High On A Mountain,1,8,4
high-on-love,High On Love,0,1,5
high-on-the-mountain,High on the Mountain,1,5,3
high-sierra,High Sierra,1,5,3
high-steel-and-memories,High Steel And Memories,1,0,0
high-steppin-proud,High Steppin’ Proud,0,0,1
high-tech-redneck,High Tech Redneck,0,0,1
high-time-you-quit-your-lowdown-ways,High Time You Quit Your Lowdown Ways,0,0,0
high-tone-woman,High Tone Woman,0,0,0
highway-2-18-hang-on-to-your-dreams,Highway 2-18 (Hang On To Your Dreams),0,0,1
highway-40-blues,Highway 40 Blues,1,3,1
highway-52,Highway 52,0,3,1
highway-forty-blues,Highway Forty Blues,0,1,0
highway-junkie,Highway Junkie,0,0,1
highway-man,Highway Man,0,0,4
highway-of-heartache,Highway Of Heartache,0,2,0
highway-of-regret,Highway Of Regret,1,5,2
highway-of-sorrow,Highway Of Sorrow,1,14,1
highway-patrol,Highway Patrol,0,0,7
highway-robbery,Highway Robbery,0,0,4
highways,Highways,0,0,7
highways-run-forever,Highways Run Forever,0,0,0
highway-to-heaven,Highway To Heaven,0,1,4
highway-to-nowhere,Highway To Nowhere,0,0,3
highway-to-the-sky,Highway to the Sky,0,0,1
hi-lili-hi-lo,Hi-Lili Hi-Lo,0,0,2
hillbilly-fever,Hillbilly Fever,0,1,1
hillbilly-girl-with-the-blues,Hillbilly Girl With The Blues,0,0,1
hillbilly-heart,Hillbilly Heart,0,0,0
hillbilly-heart-1,Hillbilly Heart,0,0,0
hillbilly-hell,Hillbilly Hell,0,0,1
hillbilly-hell-1,Hillbilly Hell,0,0,1
hillbilly-highway,Hillbilly Highway,0,2,2
hillbilly-music,Hillbilly Music,0,0,1
hillbilly-rock,Hillbilly Rock,0,1,0
hillbilly-waltz,Hillbilly Waltz,0,0,1
hills-and-home,Hills and Home,1,4,0
hills-of-home,Hills Of Home,1,5,4
hills-of-mexico,Hills of Mexico,1,6,1
hills-of-roane-county,Hills Of Roane County,1,11,1
hi-lo-schottische,Hi-Lo Schottische,0,0,0
his-and-hers,His And Hers,0,1,2
his-blood-is-on-my-soul,His Blood Is On My Soul,0,0,0
his-blood-is-thicker-than-sin,His Blood is Thicker than Sin,0,0,0
his-boundless-love,His Boundless Love,0,0,1
his-eye-is-on-the-sparrow,His Eye Is On The Sparrow,0,2,2
his-grace-is-sufficient,His Grace Is Sufficient,0,0,1
his-grace-reaches-me,His Grace Reaches Me,0,0,0
his-hand-in-mine,His Hand In Mine,0,0,1
his-hands,His Hands,0,0,1
his-latest-flame,His Latest Flame,0,0,0
his-love-takes-care-of-me,His Love Takes Care Of Me,0,0,1
his-marvelous-grace,His Marvelous Grace,0,0,1
his-promised-land,His Promised Land,0,0,0
history-of-love,History Of Love,0,0,2
his-true-love-said-goodbye,His True Love Said Goodbye,0,0,0
hitchhiker,Hitchhiker,0,0,14
hitch-hiking-girl,Hitch Hiking Girl,0,0,0
hit-parade-of-love,Hit Parade of Love,1,9,1
hobo-and-the-rose,Hobo And The Rose,0,0,1
hobo-bill-s-last-ride,Hobo Bill's Last Ride,1,3,1
hobo-bills-last-ride,Hobo Bill’s Last Ride,0,3,1
hobo-blues,Hobo Blues,1,3,4
hobo-heaven,Hobo Heaven,0,0,0
hobo-s-lullaby,Hobo's Lullaby,0,0,1
hobos-meditation,Hobo’s Meditation,0,1,1
hobo-song,Hobo Song,1,3,2
hog-eye,Hog Eye,0,1,0
ho-honey-ho,Ho Honey Ho,0,2,1
hold-everything-till-i-get-home,Hold Everything Till I Get Home,0,0,0
hold-fast-to-the-right,Hold Fast To The Right,1,7,1
hold-hands,Hold Hands,0,0,2
holding-her-and-loving-you,Holding Her and Loving You,0,0,1
holding-my-own,Holding My Own,0,0,1
holding-on,Holding On,0,2,90
holding-on-1,Holding On,0,2,90
holding-on-to-nothing,Holding On To Nothing,0,2,5
holding-things-together,Holding Things Together,0,1,1
holdin-heaven,Holdin' Heaven,0,0,0
holdin-on-to-you,Holdin' on to You,0,1,3
hold-me,Hold Me,0,1,95
hold-me-1,Hold me,0,1,95
hold-me-2,Hold Me,0,1,95
hold-me-in-your-arms,Hold Me In Your Arms,0,0,8
hold-me-thrill-me-kiss-me,Hold Me Thrill Me Kiss Me,0,0,1
hold-me-tight,Hold Me Tight,0,0,22
hold-me-tighter,Hold Me Tighter,0,0,1
hold-on,Hold On,1,8,291
hold-on-partner,Hold On Partner,0,0,0
hold-on-tight-let-it-go,Hold On Tight (Let It Go),0,1,0
hold-on-to-god,Hold On To God,0,1,1
hold-on-to-the-love-i-got,Hold On (To The Love I Got),0,0,1
hold-on-woman,Hold On Woman,0,0,0
hold-that-tear,Hold That Tear,0,0,0
hold-that-thought,Hold That Thought,0,0,3
hold-the-woodpile-down,Hold the Woodpile Down,0,3,0
hold-to-god-s-unchanging-hand,Hold To God's Unchanging Hand,1,8,2
hold-to-gods-unchanging-hand,Hold To God’s Unchanging Hand,1,8,2
hold-to-my-unchanging-love,Hold To My Unchanging Love,0,0,1
hold-whatcha-got,Hold Whatcha Got,1,13,1
hole-in-the-wall,Hole In The Wall,0,2,12
holiday-for-love,Holiday for Love,0,0,1
holiday-woman,Holiday Woman,0,0,0
holly-jolly-christmas,Holly Jolly Christmas,0,2,1
holly-leaves-and-christmas-trees,Holly Leaves And Christmas Trees,0,0,1
hollywood,Hollywood,0,2,117
hollywood-squares,Hollywood Squares,0,0,4
holy-creation,Holy Creation,0,0,1
holy-ghost-baptizer,Holy Ghost Baptizer,0,0,0
holy-jesus,Holy Jesus,0,0,1
holy-spirit-faithful-guide,Holy Spirit Faithful Guide,0,0,0
holy-woman,Holy Woman,0,0,2
home,Home,1,15,627
home-1,Home,1,15,627
home-2,Home,1,15,627
home-3,Home,1,15,627
home-away-from-home,Home Away From Home,0,1,6
home-away-from-home-1,Home Away From Home,0,1,6
home-by-the-sea,Home By The Sea,0,1,2
homecoming,Homecoming,1,5,154
homecoming-1,Homecoming,0,5,154
homecoming-63,Homecoming '63,1,0,0
homecoming-christmas,Homecoming Christmas,0,0,1
homecoming-in-heaven,Homecoming in Heaven,0,0,1
home-far-away,Home Far Away,1,4,0
home-for-sale,Home For Sale,0,0,0
home-from-the-forest,Home From The Forest,1,3,1
homegrown-tomatoes,Homegrown Tomatoes,0,0,1
home-improvement,Home Improvement,0,0,1
home-in-san-antone,Home in San Antone,0,2,1
home-in-tennessee,Home In Tennessee,1,5,0
home-is-where-a-kid-grows-up,Home Is Where A Kid Grows Up,0,0,0
home-is-where-the-heart-is,Home Is Where The Heart Is,0,4,20
home-is-where-the-hurt-is,Home Is Where The Hurt Is,0,1,4
home-is-where-you-re-happy,Home Is Where You're Happy,0,0,1
home-made-love,Home Made Love,0,0,1
home-of-the-blues,Home Of The Blues,0,1,2
home-on-christmas-day,Home On Christmas Day,0,0,3
home-on-the-range,Home On The Range,1,4,9
homerun-man,Homerun Man,1,0,0
homesick,Homesick,0,4,61
homesick-for-heaven,Homesick For Heaven,1,6,1
homestead-on-the-farm,Homestead On The Farm,1,10,2
home-style-lovin,Home Style Lovin',0,0,0
home-sweet-home,Home Sweet Home,1,43,75
home-to-texas,Home To Texas,0,0,0
home-to-texas-for-christmas,Home To Texas For Christmas,0,0,0
home-town,Home Town,1,0,9
hometown-blues,Hometown Blues,1,4,6
home-wasn-t-built-in-a-day,Home Wasn't Built In A Day,0,0,0
home-you-re-tearing-down-lyrics-chords,Home You're Tearing Down Lyrics Chords,0,0,0
honey,Honey,0,1,111
honey-babe-blues,Honey Babe Blues,1,11,0
honeycomb,Honeycomb,0,0,10
honey-do-you-love-me-huh,Honey Do You Love Me Huh,0,0,1
honey-i-love-you,Honey I Love You,0,0,0
honey-in-the-rock,Honey In The Rock,0,2,0
honeymoon-feeling,Honeymoon Feeling,0,0,0
honeymoon-on-a-rocket-ship,Honeymoon On A Rocket Ship,0,0,2
honey-stop-and-think-of-me,Honey Stop and Think Of Me,0,0,0
honeysuckle,Honeysuckle,0,2,12
honey-wont-you-call-me,Honey Won’t You Call Me,0,0,0
honey-won-t-you-open-that-door,Honey Won't You Open That Door,1,0,0
honey-wont-you-please-come-home,Honey Won’t You Please Come Home,0,0,0
honey-you-don-t-know-my-mind,Honey You Don't Know My Mind,0,9,0
honey-you-dont-know-my-mind,Honey You Don’t Know My Mind,0,9,0
honk-if-you-honky-tonk,Honk If You Honky Tonk,0,0,0
honky-tonk-amnesia,Honky Tonk Amnesia,0,0,0
honky-tonk-and-slow-music,Honky Tonk And Slow Music,0,0,0
honky-tonk-christmas,Honky Tonk Christmas,0,1,2
honky-tonk-christmas-1,Honky Tonk Christmas,0,1,2
honky-tonk-crazy,Honky Tonk Crazy,0,0,0
honky-tonk-crazy-1,Honky Tonk Crazy,0,0,0
honky-tonk-crowd,Honky Tonk Crowd,0,1,2
honky-tonk-dancing-machine,Honky Tonk Dancing Machine,0,0,0
honky-tonk-downstairs,Honky Tonk Downstairs,0,0,1
honky-tonkers-don-t-cry,Honky Tonkers Don't Cry,0,0,0
honky-tonk-girl,Honky Tonk Girl,0,1,3
honky-tonk-girl-lyrics-chords,Honky Tonk Girl Lyrics Chords,0,0,0
honky-tonk-hardwood-floor,Honky Tonk Hardwood Floor,0,0,1
honky-tonk-healing,Honky Tonk Healing,0,0,0
honky-tonk-heart,Honky Tonk Heart,0,0,1
honky-tonk-heart-1,Honky Tonk Heart,0,0,1
honky-tonk-hearts,Honky Tonk Hearts,0,0,1
honky-tonk-heroes,Honky Tonk Heroes,0,0,1
honky-tonk-hill,Honky Tonk Hill,0,0,0
honky-tonkin,Honky Tonkin',0,7,2
honky-tonk-in-dallas,Honky Tonk In Dallas,0,0,0
honky-tonkitis,Honky Tonkitis,0,0,1
honky-tonk-man,Honky Tonk Man,0,0,4
honkytonk-man,Honkytonk Man,0,0,0
honky-tonk-memories,Honky Tonk Memories,0,0,1
honky-tonk-merry-go-round,Honky Tonk Merry Go Round,0,0,1
honky-tonk-merry-go-round-1,Honky Tonk Merry Go Round,0,0,1
honky-tonk-moon,Honky Tonk Moon,0,0,1
honky-tonk-moon-1,Honky Tonk Moon,0,0,1
honky-tonk-myself-to-death,Honky Tonk Myself To Death,0,0,1
honky-tonk-night-time-man,Honky Tonk Night Time Man,0,0,1
honky-tonks-and-you,Honky Tonks and You,0,0,0
honky-tonk-saturday-night,Honky Tonk Saturday Night,0,0,2
honky-tonk-season,Honky Tonk Season,0,0,0
honky-tonk-side-of-town,Honky Tonk Side Of Town,0,0,0
honky-tonk-song,Honky Tonk Song,0,0,3
honky-tonk-song-1,Honky Tonk Song,0,0,3
honky-tonk-stardust-cowboy,Honky Tonk Stardust Cowboy,0,0,0
honky-tonk-town,Honky Tonk Town,0,0,1
honky-tonk-toys,Honky Tonk Toys,0,0,0
honky-tonk-troubles,Honky Tonk Troubles,0,0,0
honkytonkville,Honkytonkville,0,0,0
honky-tonk-waltz,Honky Tonk Waltz,0,0,0
honky-tonk-waltz-1,Honky Tonk Waltz,0,0,0
honky-tonk-wine,Honky Tonk Wine,0,0,1
honky-tonk-women,Honky Tonk Women,0,2,1
honolulu-queen,Honolulu Queen,0,0,0
hooked-on-a-feeling,Hooked On A Feeling,0,0,2
hooked-on-music,Hooked On Music,0,0,0
hook-in-my-heart,Hook In My Heart,0,0,0
hooray-for-that-little-difference,Hooray For That Little Difference,0,0,1
hootenanny-express,Hootenanny Express,0,0,1
hootenanny-granny,Hootenanny Granny,0,0,0
hopalong-peter,Hopalong Peter,1,4,1
hopefully-i-ll-be-out-of-my-mind,Hopefully (I'll Be Out Of My Mind),0,0,0
hopelessly-yours,Hopelessly Yours,0,0,1
hopeless-romantic,Hopeless Romantic,0,0,7
hope-of-a-broken-heart,Hope Of A Broken Heart,0,0,0
hop-high-ladies,Hop High Ladies,1,4,1
hop-high-my-lula-gal,Hop High My Lula Gal,1,0,0
hoping-that-youre-hoping,Hoping That You’re Hoping,0,2,1
hoppy-s-gone,Hoppy's Gone,0,0,1
horseshoe-bend,Horseshoe Bend,0,4,2
hot-box-blues,Hot Box Blues,0,0,0
hot-burning-flames,Hot Burning Flames,0,0,1
hot-corn-cold-corn,"Hot Corn, Cold Corn",1,16,1
hot-dog-that-made-him-mad,Hot Dog That Made Him Mad,0,0,1
hot-rod-boogie,Hot Rod Boogie,0,0,0
hot-rod-sleigh,Hot Rod Sleigh,0,0,1
hot-texas-christmas-day,Hot Texas Christmas Day,0,0,1
hound-dog,Hound Dog,0,4,5
house-divided,House Divided,0,1,6
house-down-the-block,House Down The Block,0,0,1
house-of-blue-lights,House of Blue Lights,0,0,3
house-of-gold,House Of Gold,1,16,5
house-of-love,House Of Love,0,1,13
house-of-memories,House Of Memories,0,0,2
house-of-sand,House Of Sand,0,0,2
house-of-sand-1,House Of Sand,0,0,2
house-of-the-rising-sun,House Of The Rising Sun,1,19,14
house-on-old-lonesome-road,House On Old Lonesome Road,0,0,0
house-that-love-built,House That Love Built,0,0,3
house-where-love-lives,House Where Love Lives,0,1,1
house-with-everything-but-love,House With Everything But Love,0,0,1
house-with-no-curtains,House With No Curtains,0,1,1
house-without-windows,House Without Windows,0,0,1
houston,Houston,0,3,14
houston-1,Houston,0,3,14
houston-again,Houston Again,0,0,0
houston-dallas-or-san-antone,Houston Dallas Or San Antone,0,0,0
houston-solution,Houston Solution,0,0,1
how-about-you,How About You,1,4,7
how-about-you-1,How About You,0,4,7
how-are-things-in-clay-kentucky,How Are Things In Clay Kentucky,0,0,0
how-are-things-in-paradise,How Are Things In Paradise,0,0,1
how-beautiful-heaven-must-be,How Beautiful Heaven Must Be,0,2,1
how-big-a-fire,How Big A Fire,0,0,1
how-big-is-god,How Big Is God,0,0,0
how-blue,How Blue,0,1,1
how-blue-can-you-be,How Blue Can You Be,0,0,1
how-bout-never,How Bout Never,0,0,0
how-bout-them-cowgirls,How Bout Them Cowgirls,0,0,1
how-can-i-believe-in-you-when-you-ll-be-leaving-me,How Can I Believe In You When You'll Be Leaving Me,0,0,1
how-can-i-be-sure,How Can I Be Sure,0,0,4
how-can-i-face-tomorrow,How Can I Face Tomorrow,0,0,1
how-can-i-forget-you,How Can I Forget You,0,0,1
how-can-i-get-you-out-of-my-heart,How Can I Get You Out Of My Heart,0,0,0
how-can-i-help-you-forgive-me,How Can I (Help You Forgive Me),0,1,1
how-can-i-help-you-say-goodbye,How Can I Help You Say Goodbye,0,1,1
how-can-it-be-imagination,How Can It Be Imagination,0,0,0
how-can-it-be-wrong,How Can It Be Wrong,0,0,1
how-can-it-be-wrong-when-it-feels-so-right,How Can It Be Wrong (When It Feels So Right),0,0,0
how-can-i-tell-him,How Can I Tell Him,0,0,0
how-can-i-tell-you,How Can I Tell You,0,1,6
how-can-i-unlove-you,How Can I Unlove You,0,0,1
how-can-i-write-on-paper-what-i-feel-in-my-heart,How Can I Write On Paper What I Feel In My Heart,0,0,0
how-can-our-cheating-be-wrong,How Can Our Cheating Be Wrong,0,0,0
how-can-we-plan-the-future,How Can We Plan The Future,0,0,0
how-can-you-refuse-him-now,How Can You Refuse Him Now,0,4,0
how-close-they-must-be,How Close They Must Be,0,1,1
how-cold-hearted-can-you-get,How Cold Hearted Can You Get,0,0,0
how-could-anything-so-pretty-be-so-doggone-mean,How Could Anything So Pretty Be So Doggone Mean,0,0,0
how-could-i-dream-such-a-dream,How Could I Dream Such A Dream,0,1,0
how-could-i-love-her-so-much,How Could I Love Her So Much,0,1,1
how-deep-in-love-am-i,How Deep In Love Am I,0,0,0
how-did-we-stay-together,How Did We Stay Together,0,0,0
how-did-you-find-me-here,How Did You Find Me Here,0,0,1
how-d-i-wind-up-in-jamaica,How'd I Wind Up In Jamaica,0,0,0
how-does-it-feel-to-be-free,How Does It Feel To Be Free,0,0,1
how-do-i-get-off-the-moon,How Do I Get Off The Moon,0,0,0
how-do-i-turn-you-on,How Do I Turn You On,0,0,0
how-do-i-wrap-my-heart-for-christmas,How Do I Wrap My Heart For Christmas,0,0,0
how-do-we-know-this-is-love,How Do We Know This Is Love,0,0,0
how-do-you-ask,How Do You Ask,0,0,0
how-do-you-do-that,How Do You Do That,0,0,0
how-do-you-fall-in-love,How Do You Fall In Love,0,0,1
how-do-you-feel,How Do You Feel,0,0,8
how-do-you-feel-about-foolin-around,How Do You Feel About Foolin' Around,0,0,1
how-do-you-hold-a-memory,How Do You Hold A Memory,0,0,1
how-do-you-start-over,How Do You Start Over,0,0,1
how-do-you-talk-to-a-baby,How Do You Talk To A Baby,0,2,1
how-do-you-think-i-feel,How Do You Think I Feel,0,0,1
howdy-neighbor-howdy,Howdy Neighbor Howdy,0,3,1
how-far-down-can-i-go,How Far Down Can I Go,0,0,1
how-far-is-heaven,How Far Is Heaven,0,2,0
how-far-our-love-goes,How Far Our Love Goes,0,0,0
how-fast-them-trucks-will-go,How Fast Them Trucks Will Go,0,0,0
how-good-a-bad-woman-feels,How Good A Bad Woman Feels,0,0,0
how-great-thou-art,How Great Thou Art,1,23,3
how-great-thou-art-1,How Great Thou Art,1,23,3
how-green-was-the-grazin-back-then,How Green Was The Grazin' Back Then,0,0,0
how-i-love-them-old-songs,How I Love Them Old Songs,0,0,1
how-i-miss-my-darling-mother,How I Miss My Darling Mother,1,1,1
how-important-can-it-be,How Important Can It Be,0,0,1
how-i-ve-tried,How I've Tried,0,2,1
how-ive-tried,How I’ve Tried,0,2,1
how-lonely-can-you-get,How Lonely Can You Get,1,4,2
how-long,How Long,0,3,86
how-long-1,How Long,0,3,86
how-long-blues,How Long Blues,0,3,2
how-long-does-it-hurt,How Long Does It Hurt,0,0,0
how-long-does-it-take-a-memory-to-drown,How Long Does It Take A Memory To Drown,0,0,0
how-long-has-it-been,How Long Has It Been,0,2,2
how-long-have-you-been-there,How Long Have You Been There,0,0,1
how-long-is-forever,How Long Is Forever,0,0,3
how-long-is-forever-this-time,How Long Is Forever This Time,0,0,0
how-long-must-you-keep-me-a-secret,How Long Must You Keep Me A Secret,0,0,0
how-long-will-it-take,How Long Will It Take,0,0,1
how-long-will-it-take-to-stop-loving-you,How Long Will It Take To Stop Loving You,0,0,0
how-long-will-my-baby-be-gone,How Long Will My Baby Be Gone,0,0,1
how-many,How Many,0,0,9
how-many-angels,How Many Angels,0,0,0
how-many-biscuits-can-you-eat,How Many Biscuits Can You Eat,0,3,1
how-many-lies-can-i-tell,How Many Lies Can I Tell,0,0,0
how-many-lifetimes-will-it-take,How Many Lifetimes Will It Take,0,0,0
how-many-teardrops-will-it-take,How Many Teardrops Will It Take,0,0,1
how-many-tears-from-now,How Many Tears From Now,0,0,0
how-many-time-can-a-man-be-a-fool,How Many Time Can A Man Be A Fool,0,0,0
how-many-times,How Many Times,0,1,31
how-married-are-you-mary-ann,How married are you Mary Ann,0,0,0
how-mountain-girls-can-love,How Mountain Girls Can Love,1,20,1
how-mountain-girls-can-love-1,How Mountain Girls Can Love,1,20,1
how-much-can-a-lonely-heart-stand,How Much Can A Lonely Heart Stand,0,0,1
how-much-how-long,How Much How Long,0,0,0
how-much-i-must-have-loved-you,How Much I Must Have Loved You,0,0,0
how-much-is-that-doggie-in-the-window,How Much Is That Doggie In The Window,0,0,0
how-much-is-that-hound-dog-in-the-window,How Much Is That Hound Dog In The Window,0,0,0
how-much-lonelier-can-lonely-be,How Much Lonelier Can Lonely Be,0,0,0
how-much-more-can-she-stand,How Much More Can She Stand,0,0,0
how-much-rain-can-one-man-stand,How Much Rain Can One Man Stand,0,0,1
how-much-time-does-it-take,How Much Time Does It Take,0,0,1
how-proud-i-would-have-been,How Proud I Would Have Been,0,0,1
how-she-could-sing-the-wildwood-flower,How She Could Sing The Wildwood Flower,0,0,1
how-s-my-ex-treating-you,How's My Ex Treating You,0,0,1
how-s-the-weather-in-tennessee,How's The Weather In Tennessee,0,0,0
how-s-the-world-treating-you,How's The World Treating You,1,4,1
hows-the-world-treating-you,How’s The World Treating You,1,4,1
how-s-the-world-treating-you-1,How's the World Treating You,1,4,1
how-the-other-half-lives,How The Other Half Lives,0,0,2
how-the-time-flies,How The Time Flies,0,0,0
how-to-lose-a-good-woman,How To Lose A Good Woman,0,0,0
how-to-make-a-man-lonesome,How To Make A Man Lonesome,0,0,0
how-will-i-explain-about-you,How Will I Explain About You,1,5,1
how-would-you-like-to-be,How Would You Like To Be,0,1,1
how-you-drink-the-wine,How You Drink The Wine,0,0,0
hubbin-it,Hubbin' It,0,0,1
huckleberry-hornpipe,Huckleberry Hornpipe,1,4,1
hula-hands,Hula Hands,0,0,0
hula-love,Hula Love,0,0,1
hula-rock,Hula Rock,0,0,2
human-emotions,Human Emotions,0,0,0
hummingbird,Hummingbird,1,5,44
hummingbird-1,Hummingbird,0,5,44
humpty-dumpty-heart,Humpty Dumpty Heart,0,0,2
hundred-dollar-funeral,Hundred Dollar Funeral,0,0,1
hundred-proof-heartache-lyrics-chords,Hundred Proof Heartache Lyrics Chords,0,0,0
hundred-proof-memories,Hundred Proof Memories,0,0,0
hungry-eyes,Hungry Eyes,0,0,8
hungry-for-love,Hungry For Love,0,0,11
hungry-for-love-1,Hungry For Love,0,0,11
hungry-for-the-sunshine,Hungry For The Sunshine,0,0,0
hung-up-on-loving-you,Hung Up On Loving You,0,0,0
hunters-of-kentucky,Hunters of Kentucky,0,1,1
huntsman-s-hornpipe,Huntsman's Hornpipe,0,0,0
hurry-back-home,Hurry Back Home,0,0,0
hurt-her-once-for-me,Hurt Her Once For Me,0,0,0
hurtin-comes-easy,Hurtin' Comes Easy,0,1,0
hurtin-like-i-ve-never-hurt-before,Hurtin' Like I've Never Hurt Before,0,0,1
hurt-lyrics-chords,Hurt Lyrics chords,0,0,0
hurt-me-again,Hurt Me Again,0,0,2
hurt-me-bad-in-a-real-good-way,Hurt Me Bad In A Real Good Way,0,1,0
hurts-on-me,Hurts On Me,0,0,0
husband-hunting,Husband Hunting,0,0,1
husbands-and-wives,Husbands And Wives,0,0,2
husband-stealer,Husband Stealer,0,0,1
hush-little-baby,Hush Little Baby,0,1,4
hypnotize-the-moon,Hypnotize The Moon,0,0,0
i-ain-t-afraid-of-dying,I Ain't Afraid Of Dying,0,0,1
i-ain-t-all-bad,I Ain't All Bad,0,0,1
i-ain-t-been-no-where,I Ain't Been No Where,0,0,0
i-ain-t-broke-but-i-m-badly-bent,I Ain't Broke But I'm Badly Bent,1,3,1
i-aint-broke-but-im-badly-bent,I Ain’t Broke But I’m Badly Bent,1,3,1
i-ain-t-built-that-way,I Ain't Built That Way,0,0,0
i-ain-t-comin-home-tonight,I Ain't Comin' Home Tonight,0,0,0
i-ain-t-crazy,I Ain't Crazy,0,0,0
i-ain-t-giving-up-nothing,I Ain't Giving Up Nothing,0,0,0
i-ain-t-going-honky-tonking-anymore,I Ain't Going Honky Tonking Anymore,0,0,0
i-ain-t-gonna-be-treated-this-a-way,I Ain't Gonna Be Treated This A Way,0,0,1
i-aint-gonna-love-you-anymore,I Ain’t Gonna Love You Anymore,0,0,0
i-ain-t-gonna-work-tomorrow,I Ain't Gonna Work Tomorrow,1,10,0
i-aint-gonna-work-tomorrow,I Ain’t Gonna Work Tomorrow,1,10,0
i-ain-t-got-nobody,I Ain't Got Nobody,0,6,4
i-aint-got-no-home,I Ain’t Got No Home,1,2,1
i-ain-t-got-no-roses,I Ain't Got No Roses,0,0,0
i-ain-t-got-nothing-but-time,I Ain't Got Nothing But Time,0,0,0
i-aint-her-cowboy-anymore,I Ain’t Her Cowboy Anymore,0,0,0
i-aint-holding-on-any-longer,I Ain’t Holding On Any Longer,0,0,0
i-ain-t-mad-i-m-just-leavin,I Ain't Mad I'm Just Leavin',0,0,0
i-ain-t-never,I Ain't Never,0,2,2
i-ain-t-never-seen-no-one-like-you,I Ain't Never Seen No One Like You,0,0,0
i-almost-called-your-name,I Almost Called Your Name,0,0,1
i-almost-forgot,I Almost Forgot,0,0,2
i-almost-forgot-her-today,I Almost Forgot Her Today,0,0,0
i-almost-lost-my-mind,I Almost Lost My Mind,0,0,1
i-already-know,I Already Know,0,0,0
i-already-miss-you-like-you-re-already-gone,I Already Miss You Like You're Already Gone,1,1,0
i-always-come-back-to-loving-you,I Always Come Back To Loving You,0,0,0
i-always-get-it-right-with-you,I Always Get It Right With You,0,0,0
i-always-get-lonesome-when-it-rains,I Always Get Lonesome When It Rains,1,1,0
i-always-get-lucky-with-you,I Always Get Lucky With You,0,0,1
i-always-lose,I Always Lose,0,0,0
i-am-always-waiting,I Am Always Waiting,0,1,1
i-am-a-pilgrim,I Am A Pilgrim,1,26,2
i-am-a-pilgrim-1,I Am A Pilgrim,1,26,2
i-am-a-simple-man,I Am A Simple Man,0,0,0
i-am-bound-for-the-promised-land,I Am Bound For The Promised Land,0,1,1
i-am-going,I Am Going,0,1,0
i-am-going-in-the-morning,I Am Going in the Morning,1,0,0
i-am-not-alone,I Am Not Alone,0,0,2
i-am-resolved,I Am Resolved,0,2,1
i-am-slowly-dying-of-a-broken-heart,I Am Slowly Dying Of A Broken Heart,0,0,0
i-am-the-forest,I Am The Forest,0,0,1
i-am-the-man-thomas,"I Am The Man, Thomas",1,11,1
i-am-thine-o-lord,I Am Thine O Lord,0,1,1
i-am-weary-let-me-rest,I Am Weary Let Me Rest,1,5,0
i-am-weary-let-me-rest-ralph-stanley,"I Am Weary, Let Me Rest Ralph Stanley",1,0,0
i-been-to-georgia-on-a-fast-train,I Been To Georgia On A Fast Train,0,0,1
i-beg-of-you,I Beg of You,0,0,1
i-believe,I Believe,1,10,165
i-believe-1,I Believe,0,10,165
i-believe-2,I Believe,0,10,165
i-believed-in-you-darling,I Believed In You Darling,1,4,1
i-believe-he-d-go-to-calvary-for-me,I Believe He'd Go To Calvary For Me,0,0,1
i-believe-he-died-for-me,I Believe He Died For Me,0,0,0
i-believe-he-s-coming-back,I Believe He's Coming Back,0,0,0
i-believe-he-s-the-son-of-god,I Believe He's The Son Of God,0,0,1
i-believe-i-ll-live-for-him,I Believe I'll Live For Him,0,0,0
i-believe-im-entitled-to-you,I Believe I’m Entitled To You,0,1,1
i-believe-in-a-hill-called-mount-calvary,I Believe in a Hill Called Mount Calvary,0,1,1
i-believe-in-good-old-country-music,I Believe In Good Old Country Music,0,0,0
i-believe-in-love,I Believe In Love,0,1,22
i-believe-in-music,I Believe In Music,0,0,3
i-believe-in-santa-claus,I Believe In Santa Claus,0,1,1
i-believe-in-the-man-in-the-sky,I Believe In The Man In The Sky,0,0,1
i-believe-in-the-sunshine,I Believe In The Sunshine,0,0,1
i-believe-in-you,I Believe In You,0,11,52
i-believe-in-you-1,I Believe In You,0,11,52
i-believe-in-you-2,I Believe In You,0,11,52
i-believe-in-you-3,I Believe in You,0,11,52
i-believe-the-south-is-going-to-rise-again,I Believe The South Is Going To Rise Again,0,0,0
i-betcha-didnt-know,I Betcha Didn’t Know,0,0,1
i-betcha-my-heart-i-love-you,I Betcha My Heart I Love You,0,0,1
i-blotted-your-happy-school-days,I Blotted Your Happy School Days,0,0,0
i-bought-the-shoes-that-just-walked-out-on-me,I Bought The Shoes That Just Walked Out On Me,0,0,1
i-bowed-on-my-knees-and-cried-holy,I Bowed on My Knees and Cried Holy,0,1,1
i-buy-her-roses,I Buy Her Roses,0,0,0
i-buy-the-wine,I Buy The Wine,0,0,0
i-called-his-name-he-took-my-hand,I Called His Name He Took My Hand,0,0,0
i-called-on-the-master,I Called On The Master,0,0,0
i-call-her-heartache,I Call Her Heartache,0,0,0
i-call-him,I Call Him,0,0,1
i-call-it-heaven,I Call It Heaven,0,0,0
i-call-it-home,I Call It Home,1,0,0
i-came-so-close-to-failure,I Came So Close To Failure,0,0,0
i-came-so-close-to-living-alone,I Came So Close To Living Alone,0,0,1
i-came-straight-to-you,I Came Straight To You,0,1,1
i-can,I Can,0,1,13
i-can-1,I Can,0,1,13
i-can-almost-hear-her-wings,I Can Almost Hear Her Wings,0,0,0
i-can-almost-see-houston-from-here,I Can Almost See Houston From Here,0,0,1
i-can-count-on-you,I Can Count On You,0,0,1
i-can-do-nothing-alone,I Can Do Nothing Alone,0,0,1
i-can-do-that,I Can Do That,0,0,1
i-can-feel-him-touching-you-all-over-me,I Can Feel Him Touching You All Over Me,0,0,0
i-can-feel-the-leaving-coming-on,I Can Feel The Leaving Coming On,0,0,0
i-can-feel-you-drifting,I Can Feel You Drifting,0,0,1
i-can-feel-you-in-his-arms,I Can Feel You In His Arms,0,0,0
i-can-get-along-without-you-very-well-lyrics-chords,I Can Get Along Without You Very Well Lyrics chords,0,0,0
i-can-get-off-on-you,I Can Get Off On You,0,0,1
i-can-hear-my-heart-break,I Can Hear My Heart Break,0,0,0
i-can-hear-the-angels-singing,I Can Hear The Angels Singing,0,3,1
i-can-live-forever,I Can Live Forever,0,0,1
i-can-love-you,I Can Love You,0,1,5
i-can-make-him-whisper-i-love-you,I Can Make Him Whisper I Love You,0,1,0
i-can-mend-your-broken-heart,I Can Mend Your Broken Heart,0,0,1
i-cannot-be-your-sweetheart,I Cannot Be Your Sweetheart,1,0,1
i-cannot-find-the-way-alone,I Cannot Find The Way Alone,0,1,1
i-can-sail-to-china,I Can Sail To China,0,0,0
i-can-see-an-angel-walking,I Can See an Angel Walking,0,0,0
i-can-see-arkansas,I Can See Arkansas,0,0,1
i-can-see-clearly-now,I Can See Clearly Now,0,3,1
i-can-see-forever-in-your-eyes,I Can See Forever In Your Eyes,0,0,1
i-can-see-it-all,I Can See It All,0,0,0
i-can-see-it-in-your-eyes,I Can See It In Your Eyes,0,0,5
i-can-see-me-loving-you-again,I Can See Me Loving You Again,0,0,0
i-can-see-sunshine,I Can See Sunshine,0,0,0
i-can-see-you,I Can See You,0,0,14
i-can-stand-it-as-long-as-he-can,I Can Stand It (As Long As He Can),0,0,0
i-can-still-believe-in-you,I Can Still Believe In You,0,0,1
i-can-still-make-cheyenne,I Can Still Make Cheyenne,0,0,1
i-can-still-see-him-in-your-eyes,I Can Still See Him In Your Eyes,0,0,1
i-can-take-it-or-leave-it,I Can Take It Or Leave It,0,0,0
i-can-t-believe-i-lost-my-everything,I Can't Believe I Lost My Everything,0,0,0
i-cant-believe-she-gives-it-all-to-me,I Can’t Believe She Gives It All To Me,0,0,0
i-cant-believe-that-youre-in-love-with-me,I Can’t Believe That You’re In Love With Me,0,0,1
i-can-t-believe-that-you-ve-stopped-loving-me,I Can't Believe That You've Stopped Loving Me,0,0,1
i-can-t-be-myself,I Can't Be Myself,0,1,2
i-can-t-be-satisfied,I Can't Be Satisfied,0,0,3
i-cant-breathe-deep-yet,I Can’t Breathe Deep Yet,0,1,0
i-can-t-change-overnight,I Can't Change Overnight,0,0,1
i-can-t-control-my-heart,I Can't Control My Heart,0,0,0
i-can-t-cry-him-away,I Can't Cry Him Away,0,0,0
i-can-t-dance,I Can't Dance,0,0,7
i-can-t-dance-1,I Can't Dance,0,0,7
i-can-t-dry-your-tears,I Can't Dry Your Tears,0,0,0
i-can-tell,I Can Tell,0,1,16
i-can-tell-by-the-way-you-dance,I Can Tell By the Way You Dance,0,1,1
i-cant-escape-from-you,I Can’t Escape From You,0,0,3
i-can-t-even-drink-it-away,I Can't Even Drink It Away,0,0,1
i-can-t-even-walk-without-you-holding-my-hand,I Can't Even Walk (Without You Holding My Hand),0,0,0
i-cant-feel-at-home-in-this-world-anymore,I Can’t Feel At Home In This World Anymore,1,0,0
i-can-t-feel-you-anymore,I Can't Feel You Anymore,0,0,1
i-cant-find-the-time,I Can’t Find The Time,0,0,1
i-cant-fly,I Can’t Fly,0,0,3
i-can-t-forget-you,I Can't Forget You,0,1,5
i-can-t-forget-you-1,I Can't Forget You,0,1,5
i-can-t-get-enough-of-you,I Can't Get Enough Of You,0,0,1
i-can-t-get-over-me-not-getting-over-you,I Can't Get Over Me (Not Getting Over You),0,0,0
i-can-t-get-over-missing-you,I Can't Get Over Missing You,0,0,0
i-can-t-get-over-you,I Can't Get Over You,0,1,10
i-can-t-get-over-you-to-save-my-life,I Can't Get Over You To Save My Life,0,0,0
i-can-t-get-that-last-memory-down,I Can't Get That Last Memory Down,0,0,0
i-can-t-get-to-you-from-here,I Can't Get To You From Here,0,0,1
i-can-t-get-used-to-being-lonely,I Can't Get Used To Being Lonely,0,0,1
i-can-t-get-used-to-sleeping-without-you,I Can't Get Used To Sleeping Without You,0,0,0
i-can-t-get-you-off-of-my-mind,I Can't Get You Off Of My Mind,0,3,0
i-can-t-get-you-out-of-my-mind,I Can't Get You Out Of My Mind,0,0,2
i-cant-give-you-anything-but-love,I Can't Give You Anything But Love,1,2,1
i-can-t-go-home-like-this,I Can't Go Home Like This,0,0,0
i-cant-go-on,I Can’t Go On,0,3,6
i-can-t-go-on-living-this-way,I Can't Go On Living This Way,0,0,0
i-can-t-go-on-loving-you,I Can't Go On Loving You,0,3,1
i-can-t-go-on-this-way,I Can't Go On This Way,0,0,3
i-cant-go-on-this-way,I Can’t Go On This Way,0,0,3
i-can-t-have-a-merry-christmas,I Can't Have A Merry Christmas,0,0,0
i-can-t-help-it,I Can't Help It,0,1,11
i-can-t-help-myself,I Can't Help Myself,0,0,13
i-can-t-help-wondering,I Can't Help Wondering,0,2,1
i-can-t-hold-myself-in-line,I Can't Hold Myself In Line,0,0,1
i-can-t-imagine,I Can't Imagine,0,0,7
i-can-t-imagine-laying-down-with-anyone-but-you,I Can't Imagine Laying Down With Anyone But You,0,0,0
i-can-t-keep-away-from-you,I Can't Keep Away From You,0,0,0
i-can-t-keep-my-hands-off-of-you,I Can't Keep My Hands Off Of You,0,0,1
i-can-t-keep-the-girls-away,I Can't Keep The Girls Away,0,0,0
i-can-t-keep-you-in-love-with-me,I Can't Keep You In Love With Me,0,2,1
i-can-t-leave,I Can't Leave,0,0,1
i-can-t-leave-him,I Can't Leave Him,0,0,0
i-can-t-let-you-be-a-memory,I Can't Let You Be A Memory,0,0,1
i-can-t-live-with-you-i-can-t-live-without-you,I Can't Live With You (I Can't Live Without You),0,0,1
i-can-t-lose-something-i-never-had,I Can't Lose Something (I Never Had),0,0,0
i-can-t-love-you-any-less,I Can't Love You Any Less,0,0,1
i-can-t-love-you-enough,I Can't Love You Enough,0,0,1
i-can-t-make-it-without-you,I Can't Make It Without You,0,0,0
i-can-t-make-my-dreams-understand,I Can't Make My Dreams Understand,0,0,0
i-can-t-quit,I Can't Quit,0,2,2
i-can-t-quit-drinking,I Can't Quit Drinking,0,0,0
i-can-t-remember,I Can't Remember,0,0,7
i-can-t-remember-to-forget,I Can't Remember To Forget,0,0,0
i-can-t-run-away-from-myself,I Can't Run Away From Myself,0,0,1
i-can-t-say-goodbye,I Can't Say Goodbye,0,0,5
i-cant-say-goodbye-to-you,I Can’t Say Goodbye to You,0,0,1
i-can-t-say-no-if-she-keeps-saying-yes,I Can't Say No If She Keeps Saying Yes,0,0,0
i-can-t-see-me-without-you,I Can't See Me Without You,0,0,1
i-can-t-seem-to-say-goodbye,I Can't Seem To Say Goodbye,0,0,1
i-can-t-seem-to-say-goodbye-1,I Can't Seem To Say Goodbye,0,0,1
i-can-t-see-texas-from-here,I Can't See Texas From Here,0,0,0
i-can-t-sing-a-love-song,I Can't Sing A Love Song,0,0,0
i-can-t-sleep-with-you,I Can't Sleep With You,0,0,1
i-can-t-stand-me,I Can't Stand Me,0,0,1
i-can-t-stand-to-be-alone,I Can't Stand To Be Alone,0,0,0
i-cant-stand-to-ramble,I Can’t Stand To Ramble,1,0,0
i-can-t-stay-here-anymore,I Can't Stay Here Anymore,0,1,1
i-can-t-stop,I Can't Stop,0,1,18
i-cant-stop-calling-your-name,I Can’t Stop Calling Your Name,1,0,0
i-can-t-stop-loving-you,I Can't Stop Loving You,0,1,2
i-can-t-take-a-chance,I Can't Take A Chance,0,0,0
i-cant-take-another-heartache,I Can’t Take Another Heartache,0,0,1
i-can-t-take-it-like-you-can,I Can't Take It Like You Can,0,0,0
i-can-t-take-it-no-longer,I Can't Take It No Longer,0,0,0
i-can-t-tell-my-broken-heart-a-lie,I Can't Tell My Broken Heart A Lie,0,0,0
i-can-t-tell-my-heart,I Can't Tell My Heart,0,1,0
i-can-t-tell-my-heart-1,I Can't Tell My Heart,0,1,0
i-can-t-tell-my-heart-that,I Can't Tell My Heart That,0,1,1
i-cant-tell-the-boys-from-the-girls,I Can’t Tell The Boys From The Girls,0,2,0
i-cant-think-of-one,I Can’t Think of One,1,1,0
i-can-t-trust-me-in-your-arms-anymore,I Can't Trust Me In Your Arms Anymore,0,0,1
i-cant-unlove-you,I Can’t Unlove You,0,0,1
i-can-turn-you-every-way-but-loose,I Can Turn You Every Way But Loose,0,0,1
i-can-turn-your-world-around,I Can Turn Your World Around,0,0,0
i-can-t-wait-any-longer,I Can't Wait Any Longer,0,0,1
i-can-t-wait-for-the-sun-to-go-down,I Can't Wait For The Sun To Go Down,0,0,0
i-can-t-wait-to-dream-that-dream-again,I Can't Wait To Dream That Dream Again,0,0,0
i-can-t-win-for-losing-you,I Can't Win For Losing You,0,0,0
i-care,I Care,0,0,9
i-cared-for-you-more-than-i-knew,I Cared For You More Than I Knew,0,0,0
i-care-no-more,I Care No More,0,0,1
i-catch-myself,I Catch Myself,0,0,0
i-catch-myself-crying,I Catch Myself Crying,0,0,1
ice-cold-heart,Ice Cold Heart,0,0,1
ice-cold-stone,Ice Cold Stone,1,0,0
ichabot-crane,Ichabot Crane,0,0,0
i-chased-you-till-you-caught-me,I Chased You Till You Caught Me,0,0,0
i-cheated-me-right-out-of-you,I Cheated Me Right Out Of You,0,0,0
i-cheated-on-a-good-womans-love,I Cheated On A Good Woman’s Love,0,0,0
icicles-hanging-from-your-heart,Icicles Hanging From Your Heart,0,0,0
i-close-my-eyes,I Close My Eyes,0,2,17
i-come-home-a-drinkin,I Come Home A Drinkin',0,0,0
i-could-be-makin-love-to-you,I Could Be Makin' Love To You,0,0,1
i-could-cry,I Could Cry,0,4,3
i-could-cry-1,I Could Cry,0,4,3
i-could-have-gone-right,I Could Have Gone Right,0,0,1
i-could-love-the-devil-out-of-you-lyrics-chords,I Could Love The Devil Out Of You Lyrics chords,0,0,0
i-could-love-you-darling,I Could Love You Darling,0,0,0
i-could-love-you-more,I Could Love You More,0,0,0
i-could-never-be-ashamed-of-you-1,I Could Never Be Ashamed Of You,0,0,1
i-could-never-give-you-up,I Could Never Give You Up,0,0,0
i-couldn-t-believe-it-was-true,I Couldn't Believe it Was True,0,4,1
i-couldn-t-be-me-without-you,I Couldn't Be Me Without You,0,0,1
i-couldnt-care-less,I Couldn’t Care Less,0,0,4
i-couldn-t-keep-from-crying,I Couldn't Keep From Crying,0,0,1
i-couldn-t-leave-you-if-i-tried,I Couldn't Leave You If I Tried,0,0,0
i-couldn-t-love-you-more,I Couldn't Love You More,0,0,3
i-couldn-t-see,I Couldn't See,0,0,1
i-couldn-t-see-you-leaving,I Couldn't See You Leaving,0,0,0
i-couldn-t-stand-the-thought-of-losing-you,I Couldn't Stand The Thought Of Losing You,0,0,0
i-couldn-t-wait-forever,I Couldn't Wait Forever,0,1,1
i-couldnt-win,I Couldn’t Win,0,3,0
i-could-sing-all-night,I Could Sing All Night,0,0,1
i-could-use-another-you,I Could Use Another You,0,0,0
i-created-a-monster,I Created A Monster,0,0,1
i-cried-again,I Cried Again,1,11,1
i-cried-all-the-way-to-the-altar,I Cried All The Way To The Altar,0,0,0
i-cried-all-the-way-to-the-bank,I Cried All The Way To The Bank,0,0,1
i-cried-but-my-tears-were-too-late,I Cried But My Tears Were Too Late,0,0,0
i-cried-for-us,I Cried For Us,0,0,2
i-cried-myself-awake,I Cried Myself Awake,0,1,1
i-crossed-my-heart,I Crossed My Heart,0,0,0
icy-blue-heart,Icy Blue Heart,0,0,1
ida-jane,Ida Jane,0,0,1
ida-red,Ida Red,1,13,1
ida-red-likes-the-boogie,Ida Red Likes The Boogie,0,0,1
i-d-be-a-legend-in-my-time,I'd Be A Legend In My Time,0,0,0
i-d-be-ashamed,I'd Be Ashamed,0,0,1
i-d-be-better-off-in-a-pine-box,I'd Be Better Off In A Pine Box,0,0,0
i-d-be-just-as-lonely-there,I'd Be Just As Lonely There,0,0,0
i-d-be-talkin-all-the-time,I'd Be Talkin' All The Time,0,0,0
i-d-be-the-first-to-fall-in-love-again,I'd Be The First To Fall In Love Again,0,0,0
i-d-build-a-bridge,I'd Build A Bridge,0,0,1
i-d-climb-the-highest-mountain,I'd Climb The Highest Mountain,0,0,1
i-d-dance-every-dance-with-you,I'd Dance Every Dance With You,0,0,0
i-d-do-as-much-for-you,I'd Do As Much For You,0,0,1
i-d-do-it-again,I'd Do It Again,0,0,6
i-d-do-it-all-again,I'd Do It All Again,0,0,4
i-d-do-it-all-over-again,I'd Do It All Over Again,0,0,0
i-d-fight-the-world-1,I'd Fight The World,0,1,1
i-d-give-anything-to-be-your-everything-again,I'd Give Anything To Be Your Everything Again,0,0,1
i-d-go-through-it-all-again,I'd Go Through It All Again,0,0,0
i-d-have-never-found-somebody-new,I'd Have Never Found Somebody New,0,0,1
i-d-have-to-be-crazy,I'd Have To Be Crazy,0,1,1
i-did,I Did,0,1,3
i-did-my-part,I Did My Part,0,0,1
i-didn-t-even-cry,I Didn't Even Cry,0,0,0
i-didn-t-every-chance-i-had,I Didn't Every Chance I Had,0,0,0
i-didn-t-have-the-heart-to-say-goodbye,I Didn't Have The Heart To Say Goodbye,0,0,0
i-didn-t-have-the-nerve-it-took-to-go,I Didn't Have The Nerve It Took To Go,0,0,0
i-didn-t-have-to-break-up-someone-s-home,I Didn't Have To Break Up Someone's Home,0,0,0
i-didn-t-jump-the-fence,I Didn't Jump The Fence,0,0,0
i-didn-t-mean-it,I Didn't Mean It,0,0,5
i-didn-t-mean-to-love-you,I Didn't Mean To Love You,0,0,2
i-didn-t-think-i-loved-you,I Didn't Think I Loved You,0,0,0
i-didn-t-think-of-you-at-all,I Didn't Think Of You At All,0,0,0
i-did-the-right-thing,I Did The Right Thing,0,0,1
i-die-ten-thousand-times-a-day,I Die Ten Thousand Times A Day,0,0,1
id-jump-the-mississippi,I'd Jump the Mississippi,1,0,1
i-d-just-as-soon-go,I'd Just As Soon Go,0,0,0
i-d-just-love-to-lay-you-down,I'd Just Love To Lay You Down,0,0,1
i-d-know-you-anywhere,I'd Know You Anywhere,0,0,1
i-d-lie-to-you-for-your-love,I'd Lie To You For Your Love,0,0,1
i-d-like-to-be,I'd Like To Be,0,6,1
id-like-to-be-a-train,I’d Like to be a Train,0,3,0
i-d-like-to-have-an-elephant-for-christmas,I'd Like To Have An Elephant For Christmas,0,0,1
i-d-like-to-have-that-one-back,I'd Like To Have That One Back,0,0,1
i-d-like-to-help-you-out,I'd Like To Help You Out,0,0,0
i-d-like-to-know,I'd Like To Know,0,0,5
i-d-like-to-make-that-same-mistake-again,I'd Like To Make That Same Mistake Again,0,0,1
i-d-like-to-see-jesus,I'd Like To See Jesus,0,0,0
i-d-like-to-sleep-till-i-get-over-you,I'd Like To Sleep Till I Get Over You,0,0,0
id-like-to-teach-the-world-to-sing,I’d Like To Teach The World To Sing,0,0,1
i-d-like-to-tell-you,I'd Like To Tell You,0,0,1
i-d-love-to-live-with-you-again,I'd Love To Live With You Again,0,0,0
i-d-love-you-all-over-again,I'd Love You All Over Again,0,1,1
i-do-all-my-crying-on-the-inside,I Do All My Crying (On The Inside),0,0,0
i-do-believe,I Do Believe,0,1,9
i-do-cherish-you,I Do Cherish You,0,0,0
i-do-my-cryin-at-night,I Do My Cryin' At Night,0,1,0
i-do-my-swinging-at-home,I Do My Swinging At Home,0,0,0
i-do-my-swinging-at-home-1,I Do My Swinging At Home,0,0,0
i-done-done-it,I Done Done It,0,0,2
i-don-t-apologize-for-loving-you,I Don't Apologize For Loving You,0,0,0
i-don-t-believe-i-ll-fall-in-love-today,I Don't Believe I'll Fall in Love Today,0,0,1
i-don-t-believe-that-s-how-you-feel,I Don't Believe That's How You Feel,0,0,0
i-don-t-believe-you-love-me-anymore,I Don't Believe You Love Me Anymore,0,0,0
i-don-t-believe-you-ve-met-my-baby,I Don't Believe You've Met My Baby,1,8,1
i-don-t-blame-you,I Don't Blame You,0,1,7
i-don-t-care,I Don't Care,0,14,110
i-don-t-care-1,I Don't Care,0,14,110
i-dont-care-about-tomorrow,I Don’t Care About Tomorrow,0,0,0
i-dont-care-anymore,I Don't Care Anymore,1,8,5
i-don-t-care-if-you-love-me-anymore,I Don't Care If You Love Me Anymore,0,0,1
i-don-t-care-just-as-long-as-you-love-me,I Don't Care Just As Long As You Love Me,0,0,0
i-don-t-claim-to-be-an-angel,I Don't Claim to be an Angel,0,1,1
i-don-t-dance-with-strangers,I Don't Dance With Strangers,0,0,0
i-dont-deserve-a-mansion,I Don’t Deserve A Mansion,0,1,1
i-don-t-even-know-your-name,I Don't Even Know Your Name,0,1,3
i-don-t-feel-anything,I Don't Feel Anything,0,0,1
i-dont-feel-at-home,I Don’t Feel At Home,0,0,0
i-don-t-feel-like-doing-anything,I Don't Feel Like Doing Anything,0,0,0
i-don-t-feel-like-singing-tonight,I Don't Feel Like Singing Tonight,0,0,0
i-don-t-get-no-better-without-you,I Don't Get No Better Without You,0,0,0
i-don-t-go-back-anymore,I Don't Go Back Anymore,0,0,0
i-dont-have-anymore-love-songs,I Don’t Have Anymore Love Songs,0,0,0
i-don-t-have-anyplace-to-go,I Don't Have Anyplace To Go,0,0,1
i-dont-have-a-prayer-without-you,I Don’t Have A Prayer Without You,1,0,0
i-don-t-have-a-reason-to-go-to-california-anymore,I Don't Have a Reason To Go To California Anymore,0,0,0
i-don-t-have-far-to-fall,I Don't Have Far To Fall,0,0,0
i-don-t-have-to-wonder,I Don't Have To Wonder,0,0,1
i-don-t-hear-you,I Don't Hear You,0,1,4
i-don-t-hurt-anymore,I Don't Hurt Anymore,0,1,3
i-don-t-hurt-now-as-much-as-i-used-to,I Don't Hurt Now As Much As I Used To,0,0,0
i-don-t-know-a-thing-about-love,I Don't Know A Thing About Love,0,0,1
i-don-t-know-how-i-ll-live,I Don't Know How I'll Live,0,0,0
i-dont-know-how-to-tell-her,I Don’t Know How To Tell Her,0,0,0
i-don-t-know-how-to-tell-him,I Don't Know How To Tell Him,0,0,1
i-don-t-know-when-that-will-be,I Don't Know When That Will Be,0,0,0
i-dont-know-why,I Don’t Know Why,1,6,23
i-dont-know-why-i-just-do,I Don’t Know Why I Just Do,0,0,0
i-don-t-know-why-i-keep-loving-you,I Don't Know Why I Keep Loving You,0,0,1
i-don-t-know-why-i-love-you-but-i-do,I Don't Know Why I Love You But I Do,0,0,0
i-don-t-know-you-anymore,I Don't Know You (Anymore),0,0,0
i-don-t-know-you-well-enough-to-say-goodbye,I Don't Know You Well Enough to Say Goodbye,1,0,0
i-don-t-like-i-did-before,I Don't Like I Did Before,0,0,0
i-don-t-like-to-talk-about-me,I Don't Like to Talk About Me,0,0,0
i-don-t-love-nobody,I Don't Love Nobody,1,17,1
i-dont-love-nobody,I Don’t Love Nobody,1,17,1
i-don-t-love-you,I Don't Love You,0,2,10
i-don-t-love-you-anymore,I Don't Love You Anymore,0,0,14
i-don-t-love-you-much,I Don't Love You Much,0,0,0
i-don-t-mind,I Don't Mind,0,3,50
i-don-t-mind-goin-under,I Don't Mind Goin' Under,0,0,0
i-don-t-mind-if-i-do,I Don't Mind If I Do,0,0,2
i-don-t-mind-my-journey,I Don't Mind My Journey,0,0,0
i-don-t-mind-saying,I Don't Mind Saying,0,0,0
i-don-t-mind-the-thorns-if-you-re-the-rose,I Don't Mind The Thorns (If You're The Rose),0,0,0
i-don-t-need-a-thing-at-all,I Don't Need A Thing At All,0,0,0
i-don-t-need-it-done,I Don't Need It Done,0,0,0
i-don-t-need-nothin-you-ain-t-got,I Don't Need Nothin' You Ain't Got,0,0,1
i-don-t-need-the-booze-to-get-a-buzz-on,I Don't Need The Booze To Get A Buzz On,0,1,0
i-don-t-need-to-know-right-now,I Don't Need To Know Right Now,0,0,0
i-don-t-need-tomorrow,I Don't Need Tomorrow,0,0,0
i-don-t-need-you,I Don't Need You,0,3,15
i-don-t-need-your-rocking-chair,I Don't Need Your Rocking Chair,0,0,0
i-don-t-owe-you-nothing,I Don't Owe You Nothing,0,0,1
i-don-t-regret-a-mile,I Don't Regret A Mile,0,1,0
i-don-t-remember,I Don't Remember,0,2,7
i-don-t-remember-forgetting,I Don't Remember Forgetting,0,1,0
i-don-t-remember-loving-you,I Don't Remember Loving You,0,1,0
i-don-t-see-how-i-can-love-you-anymore,I Don't See How I Can Love You Anymore,0,0,1
i-don-t-see-how-i-can-make-it,I Don't See How I Can Make It,0,0,0
i-don-t-see-me-in-your-eyes-anymore,I Don't See Me In Your Eyes Anymore,0,0,1
i-don-t-see-what-i-saw,I Don't See What I Saw,0,0,0
i-don-t-think-i-d-believe-you,I Don't Think I'd Believe You,0,0,0
i-don-t-think-i-m-ready-for-you,I Don't Think I'm Ready For You,0,0,1
i-don-t-think-love-ought-to-be-that-way,I Don't Think Love Ought To Be That Way,0,0,1
i-don-t-think-she-d-really-mind-at-all,I Don't Think She'd Really Mind At All,0,0,0
i-dont-think-shes-in-love-anymore,I Don’t Think She’s In Love Anymore,0,0,1
i-don-t-trust-me-around-you,I Don't Trust Me Around You,0,1,1
i-don-t-trust-you-anymore,I Don't Trust You Anymore,0,0,0
i-don-t-wanna,I Don't Wanna,0,1,14
i-don-t-wanna-cry,I Don't Wanna Cry,0,0,2
i-don-t-wanna-let-go,I Don't Wanna Let Go,0,0,1
i-don-t-wanna-lose-your-love,I Don't Wanna Lose Your Love,0,0,3
i-don-t-wanna-love-you,I Don't Wanna Love You,0,0,1
i-don-t-wanna-play-house,I Don't Wanna Play House,0,0,1
i-don-t-wanna-talk-it-over-anymore,I Don't Wanna Talk It Over Anymore,0,0,0
i-don-t-wanna-tell-you,I Don't Wanna Tell You,0,0,0
i-don-t-want-my-golden-slippers,I Don't Want My Golden Slippers,0,0,1
i-don-t-want-no-stranger-sleepin-in-my-bed,I Don't Want No Stranger Sleepin' In My Bed,0,0,1
i-don-t-want-to-be-alone-for-christmas,I Don't Want To Be Alone For Christmas,0,0,0
i-don-t-want-to-be-a-memory,I Don't Want To Be A Memory,0,0,0
i-don-t-want-to-be-a-one-night-stand,I Don't Want To Be A One Night Stand,0,0,1
i-don-t-want-to-be-with-me,I Don't Want To Be With Me,0,0,1
i-don-t-want-to-feel-like-that,I Don't Want To Feel Like That,0,1,0
i-dont-want-to-have-to-marry-you,I Don’t Want To Have To Marry You,0,0,0
i-don-t-want-to-know,I Don't Want to Know,0,2,9
i-don-t-want-to-love-you,I Don't Want To Love You,0,0,3
i-don-t-want-to-mention-any-names,I Don't Want To Mention Any Names,0,0,1
i-don-t-want-to-sober-up-tonight,I Don't Want To Sober Up Tonight,0,0,1
i-don-t-want-to-talk-it-over-anymore,I Don't Want To Talk It Over Anymore,0,0,0
i-don-t-want-to-throw-rice,I Don't Want To Throw Rice,0,1,1
i-don-t-want-to-wake-you,I Don't Want to Wake You,0,0,1
i-don-t-want-you-around-me-anymore,I Don't Want You Around Me Anymore,0,1,1
i-dont-want-your-mandolins-mister,I Don't Want Your Mandolins Mister,1,2,0
i-don-t-want-your-money,I Don't Want Your Money,0,0,4
i-don-t-want-your-rambling-letters,I Don't Want Your Rambling Letters,1,2,1
i-dont-want-your-ramblin-letters,I Don’t Want Your Ramblin Letters,0,1,0
i-don-t-want-you-to-go,I Don't Want You To Go,0,0,3
i-d-rather-be-a-fool,I'd Rather Be A Fool,0,0,0
i-d-rather-be-alone,I'd Rather Be Alone,1,10,4
id-rather-be-alone,I’d Rather Be Alone,1,10,4
i-d-rather-be-an-old-time-christian,I'd Rather Be An Old Time Christian,0,1,0
i-d-rather-be-gone,I'd Rather Be Gone,0,0,2
i-d-rather-be-sorry,I'd Rather Be Sorry,0,0,1
i-d-rather-be-your-fool,I'd Rather Be Your Fool,0,0,0
i-d-rather-die-young,I'd Rather Die Young,0,1,1
i-d-rather-fall-in-love-with-you,I'd Rather Fall In Love With You,0,0,0
i-d-rather-go-on-hurtin,I'd Rather Go On Hurtin',0,0,0
i-d-rather-have-a-broken-heart,I'd Rather Have A Broken Heart,0,0,1
i-d-rather-have-america,I'd Rather Have America,0,1,0
id-rather-have-it-this-way,I’d Rather Have It This Way,1,0,0
i-d-rather-have-jesus,I'd Rather Have Jesus,0,3,2
i-d-rather-have-nothing,I'd Rather Have Nothing,0,0,0
i-d-rather-have-you,I'd Rather Have You,0,0,4
i-d-rather-live-by-the-side-of-the-road,I'd Rather Live By The Side Of The Road,1,6,1
i-d-rather-loan-you-out,I'd Rather Loan You Out,0,0,0
i-d-rather-love-you,I'd Rather Love You,0,1,1
id-rather-not-know,I’d Rather Not Know,0,0,0
i-d-rather-see-you-wave-goodbye,I'd Rather See You Wave Goodbye,0,0,0
i-d-rather-stay-home,I'd Rather Stay Home,0,0,0
i-dreamed-about-mama-last-night,I Dreamed About Mama Last Night,0,0,1
i-dreamed-i-searched-heaven-for-you,I Dreamed I Searched Heaven For You,0,3,1
i-dreamed-my-baby-came-home,I Dreamed My Baby Came Home,0,0,1
i-dreamed-of-an-old-love-affair,I Dreamed of an Old Love Affair,1,1,1
i-dreamed-of-highways-lyrics-and-chords,I Dreamed Of Highways Lyrics and Chords,0,0,0
i-dreamed-of-the-great-judgment-morning,I Dreamed Of The Great Judgment Morning,0,0,0
i-dreamed-of-the-old-rugged-cross,I Dreamed Of The Old Rugged Cross,0,0,0
i-dream-of-jeannie-with-the-light-brown-hair,I Dream Of Jeannie With The Light Brown Hair,0,0,0
i-dropped-your-name,I Dropped Your Name,0,0,0
i-drove-all-night,I Drove All Night,0,0,2
i-d-run-a-mile-to-you,I'd Run A Mile To You,0,0,1
i-d-say-that-s-right,I'd Say That's Right,0,0,0
i-d-settle-for-just-crossing-her-mind,I'd Settle For Just Crossing Her Mind,0,0,0
i-d-still-be-there,I'd Still Be There,0,0,1
i-d-still-play-the-fool,I'd Still Play The Fool,0,0,0
i-d-still-want-to-serve-him-today,I'd Still Want To Serve Him Today,0,0,0
i-d-still-want-you,I'd Still Want You,0,0,1
i-d-surrender-all,I'd Surrender All,0,0,0
i-d-trade-all-of-my-tomorrows,I'd Trade All Of My Tomorrows,0,0,1
if-a-broken-heart-could-kill,If A Broken Heart Could Kill,0,0,1
if-a-heart-must-be-broken,If A Heart Must Be Broken,0,0,1
i-fall-easy,I Fall Easy,0,0,0
i-fall-to-pieces,I Fall to Pieces,0,2,2
if-anyone-ought-to-know,If Anyone Ought To Know,0,0,0
if-anything-ever-happened-to-you,If Anything Ever Happened To You,0,0,1
if-anything-happened-to-you,If Anything Happened To You,0,0,1
if-a-woman-answers,If A Woman Answers,0,0,0
if-blue-is-the-color-of-lonesome,If Blue Is The Color Of Lonesome,1,0,0
if-crying-would-make-you-here,If Crying Would Make You Here,0,0,0
if-drinking-dont-kill-me,If Drinking Don’t Kill Me,0,0,0
i-feel-a-cry-coming-on,I Feel a Cry Coming On,0,0,1
i-feel-a-sin-coming-on,I Feel A Sin Coming On,0,0,0
i-feel-at-home,I Feel At Home,0,0,0
i-feel-better,I Feel Better,0,4,6
i-feel-better-all-over,I Feel Better All Over,0,0,1
i-feel-better-now,I Feel Better Now,0,3,1
i-feel-chained,I Feel Chained,0,0,0
i-feel-closer-to-heaven-everyday,I Feel Closer To Heaven Everyday,0,2,1
i-feel-like-crying,I Feel Like Crying,0,0,0
i-feel-like-flying-away,I Feel Like Flying Away,0,0,1
i-feel-like-going-home-lyrics-and-chords,I Feel Like Going Home Lyrics and Chords,0,0,0
i-feel-like-leaving-town,I Feel Like Leaving Town,0,0,0
i-feel-like-traveling-on,I Feel Like Traveling On,1,8,2
i-feel-so-close-to-the-lord,I Feel So Close To The Lord,0,0,0
i-feel-sorry-for-me,I Feel Sorry For Me,0,0,0
i-feel-that-i-ve-known-you-forever,I Feel That I've Known You Forever,0,0,1
i-feel-that-old-heartache-again,I Feel That Old Heartache Again,0,0,1
i-feel-the-blues-moving-in,I Feel The Blues Moving In,1,4,1
i-feel-the-christmas-spirit,I Feel the Christmas Spirit,0,0,0
i-fell-apart,I Fell Apart,0,0,0
i-fell-in-love-again-last-night,I Fell In Love Again Last Night,0,0,1
i-fell-off-the-wagon,I Fell Off The Wagon,0,0,1
i-felt-your-presence-again-today-lord,I Felt Your Presence Again Today Lord,0,0,0
if-every-day-was-like-christmas,If Every Day Was Like Christmas,0,0,2
if-fingerprints-showed-up-on-skin,If Fingerprints Showed Up On Skin,0,0,0
if-french-fries-were-fat-free,If French Fries Were Fat Free,0,1,0
if-god-can-forgive-you-so-can-i,If God Can Forgive You So Can I,0,0,0
if-god-is-dead-who-s-this-living-in-my-soul,If God Is Dead (Who's This Living In My Soul),0,0,0
if-heartaches-is-the-fashion,If Heartaches Is The Fashion,0,0,1
if-heartaches-were-wine,If Heartaches Were Wine,0,0,0
if-heaven-aint-a-lot-like-dixie,If Heaven Ain’t A Lot Like Dixie,0,0,0
if-her-blue-eyes-don-t-get-you,If Her Blue Eyes Don't Get You,0,0,1
if-he-s-moving-in-im-moving-out,If He's Moving In I’m Moving Out,0,0,0
if-hollywood-don-t-need-you,If Hollywood Don't Need You,0,0,0
if-houses-had-hearts,If Houses Had Hearts,0,0,0
if-i-be-lifted-up,If I be Lifted Up,0,3,0
if-i-can-dream,If I Can Dream,0,0,1
if-i-can-help-somebody,If I Can Help Somebody,0,0,1
if-i-can-stay-away-long-enough,If I Can Stay Away Long Enough,0,3,0
if-i-cant-have-all-of-you,If I Can’t Have All Of You,0,0,0
if-i-could-be-him,If I Could Be Him,0,0,1
if-i-could-be-there,If I Could Be There,0,0,2
if-i-could-bottle-this-up,If I Could Bottle This Up,0,0,1
if-i-could-climb-the-walls-of-this-bottle,If I Could Climb The Walls Of This Bottle,0,0,0
if-i-could-come-back,If I Could Come Back,0,0,1
if-i-could-have-my-way,If I Could Have My Way,0,0,1
if-i-could-hear-my-mother-pray-again,If I Could Hear My Mother Pray Again,1,4,2
if-i-could-hold-back-the-dawn,If I Could Hold Back The Dawn,0,0,0
if-i-could-just-get-over-you,If I Could Just Get Over You,0,0,0
if-i-could-just-see-you-now,If I Could Just See You Now,0,0,0
if-i-could-only-dance-with-you,If I Could Only Dance With You,0,0,0
if-i-could-only-fly,If I Could Only Fly,0,0,2
if-i-could-only-go-back-home-again,If I Could Only Go Back Home Again,1,0,0
if-i-could-only-have-your-love-lrb,If I Could Only Have Your Love LRB,1,0,0
if-i-could-only-start-over,If I Could Only Start Over,0,0,1
if-i-could-only-start-over-1,If I Could Only Start Over,0,0,1
if-i-could-only-stay-asleep,If I Could Only Stay Asleep,0,0,1
if-i-could-only-win-your-love,If I Could Only Win Your Love,1,1,1
if-i-could-put-them-all-together,If I Could Put Them All Together,0,0,0
if-i-could-put-them-all-together-i-d-have-you,If I Could Put Them All Together I'd Have You,0,0,0
if-i-could-turn-back-the-hands-of-time,If I Could Turn Back The Hands Of Time,0,0,1
if-i-could-write-a-song-as-beautiful-as-you,If I Could Write A Song As Beautiful As You,0,0,0
if-i-cried-every-time-you-hurt-me,If I Cried Every Time You Hurt Me,0,0,1
if-i-didn-t-care,If I Didn't Care,0,0,2
if-i-didn-t-have-a-dime,If I Didn't Have A Dime,0,0,0
if-i-didn-t-have-a-heart,If I Didn't Have A Heart,0,0,1
if-i-didn-t-have-you,If I Didn't Have You,0,0,6
if-i-didn-t-have-you-in-my-world,If I Didn't Have You In My World,0,1,1
if-i-didn-t-love-you,If I Didn't Love You,0,0,13
if-i-didn-t-love-you-1,If I Didn't Love You,0,0,13
if-i-d-left-it-up-to-you,If I'd Left It Up To You,0,0,0
if-i-d-only-met-you-first,If I'd Only Met You First,0,0,0
if-i-don-t-love-you,If I Don't Love You,0,0,0
if-i-ever-fall-in-love,If I Ever Fall In Love,0,0,2
if-i-ever-fall-in-love-with-a-honky-tonk-girl,If I Ever Fall In Love With A Honky Tonk Girl,0,0,0
if-i-ever-get-lucky,If I Ever Get Lucky,0,0,1
if-i-ever-get-rich-mom,If I Ever Get Rich Mom,0,0,0
if-i-ever-need-a-lady-i-ll-call-you,If I Ever Need A Lady I'll Call You,0,0,0
if-i-ever-see-you-again,If I Ever See You Again,0,0,1
if-i-ever-stop-hurtin,If I Ever Stop Hurtin',0,0,0
if-i-get-home-on-christmas-day,If I Get Home On Christmas Day,0,0,1
if-i-give-my-soul,If I Give My Soul,0,1,2
if-i-had-a-cheating-heart,If I Had A Cheating Heart,0,1,0
if-i-had-a-hammer,If I Had A Hammer,0,0,3
if-i-had-half-the-sense,If I Had Half The Sense,0,0,0
if-i-had-it-my-way,If I Had It My Way,0,0,1
if-i-had-last-night-to-live-over,If I Had Last Night To Live Over,0,0,0
if-i-had-left-it-up-to-you,If I Had Left It Up To You,0,1,1
if-i-had-my-life-to-live-over,If I Had My Life To Live Over,0,3,1
if-i-had-someone-to-cheat-on,If I Had Someone To Cheat On,0,0,0
if-i-had-three-wishes,If I Had Three Wishes,0,0,2
if-i-had-to-do-it-all-over-again,If I Had To Do It All Over Again,0,0,1
if-i-had-yesterday-over-again,If I Had Yesterday Over Again,0,0,0
if-i-had-you,If I Had You,0,2,16
if-i-had-you-1,If I Had You,0,2,16
if-i-had-you-back-again,If I Had You Back Again,0,0,1
if-i-knew,If I Knew,0,4,11
if-i-knew-1,If I Knew,0,4,11
if-i-knew-then-what-i-know-now,If I Knew Then What I Know Now,0,0,2
if-i-know-me,If I Know Me,0,0,0
if-i-lay-down-the-bottle-today,If I Lay Down The Bottle Today,0,0,0
if-i-live-long-enough,If I Live Long Enough,0,0,0
if-i-lose,If I Lose,1,12,5
if-i-lose-you-tomorrow,If I Lose You Tomorrow,0,0,0
if-i-lost-your-love,If I Lost Your Love,0,0,0
if-i-loved-you-too-much-i-m-sorry,If I Loved You Too Much (I'm Sorry),0,0,1
if-i-m-a-fool-for-leaving,If I'm A Fool For Leaving,0,0,0
if-i-m-a-fool-for-loving-you,If I'm A Fool For Loving You,0,0,0
if-i-make-it-through-tonight,If I Make It Through Tonight,0,0,0
if-i-m-dreaming-just-let-me-dream,If I'm Dreaming Just Let Me Dream,0,0,0
if-i-miss-you-again-tonight,If I Miss You Again Tonight,0,0,0
if-im-not-too-late,If I’m Not Too Late,0,0,0
i-find-jesus,I Find Jesus,0,1,0
i-find-you-cheating-on-me,I Find You Cheating On Me,0,0,0
if-i-needed-you,If I Needed You,1,7,2
if-i-never-get-to-heaven,If I Never Get To Heaven,0,0,2
if-i-never-have-anything-else,If I Never Have Anything Else,0,0,1
if-i-never-see-ireland-again,If I Never See Ireland Again,0,0,0
if-i-only-i-had-a-brain,If I Only I Had a Brain,1,0,0
if-i-only-knew,If I Only Knew,0,0,4
if-i-painted-a-picture,If I Painted A Picture,0,0,1
if-is-a-bird-on-a-chain,If Is A Bird On A Chain,0,0,0
if-i-said-you-had-a-beautiful-body,If I Said You Had A Beautiful Body,0,2,0
if-i-should-wander-back-tonight,If I Should Wander Back Tonight,1,11,1
if-i-sink-any-lower,If I Sink Any Lower,0,0,0
if-i-stay,If I Stay,0,0,1
if-it-ain-t-broke-don-t-fix-it,If It Ain't Broke Don't Fix It,0,0,1
if-it-ain-t-love,If It Ain't Love,0,4,3
if-it-ain-t-love-1,If It Ain't Love,0,4,3
if-it-ain-t-love-let-s-leave-it-alone,If It Ain't Love Let's Leave It Alone,0,2,0
if-it-ain-t-one-thing-it-s-another,If It Ain't One Thing It's Another,0,0,0
if-it-ain-t-one-thing-it-s-you,If It Ain't One Thing (It's You),0,1,0
if-it-ain-t-on-the-menu,If It Ain't On The Menu,0,0,0
if-it-ain-t-strong-enough,If It Ain't Strong Enough,0,0,0
if-i-talk-to-him,If I Talk to Him,0,0,0
if-it-doesn-t-snow-on-christmas,If It Doesn't Snow on Christmas,0,0,1
if-it-don-t-come-easy,If It Don't Come Easy,0,0,1
if-it-hadn-t-been-for-love,If It Hadn't Been For Love,1,1,2
if-i-throw-away-my-pride,If I Throw Away My Pride,0,0,0
if-it-makes-any-difference,If It Makes Any Difference,0,0,0
if-it-only-took-a-baby,If It Only Took a Baby,0,0,0
if-it-pleases-you,If It Pleases You,0,0,0
if-it-s-all-right-with-you,If It's All Right With You,0,0,1
if-it-s-all-the-same-to-you,If It's All The Same To You,0,1,2
if-it-s-all-the-same-to-you-1,If It's All The Same To You,0,1,2
if-it-s-all-the-same-to-you-2,If It's All The Same To You,0,1,2
if-it-s-gonna-rain,If It's Gonna Rain,0,0,0
if-it-s-love-then-bet-it-all,If It's Love (Then Bet It All),0,0,0
if-it-s-so-easy,If It's So Easy,0,0,1
if-it-s-the-last-thing-i-do,If It's The Last Thing I Do,0,1,2
if-it-s-wrong-to-love-you,If It's Wrong to Love You,0,0,1
if-it-takes-me-a-lifetime,If It Takes Me A Lifetime,1,1,1
if-it-was-easy,If It Was Easy,0,0,0
if-it-was-up-to-me,If It Was Up To Me,0,0,2
if-it-weren-t-for-country-music,If It Weren't For Country Music,0,0,0
if-it-weren-t-for-him,If It Weren't For Him,0,1,1
if-it-weren-t-for-me,If It Weren't For Me,0,0,0
if-i-want-to,If I Want To,0,0,2
if-i-was-a-drinkin-man,If I Was A Drinkin' Man,0,0,0
if-i-were-a-carpenter,If I Were A Carpenter,0,4,2
if-i-were-you,If I Were You,0,2,31
if-i-were-you-i-d-fall-in-love-with-me,If I Were You I'd Fall In Love With Me,0,0,0
if-jesus-comes-tomorrow-what-then,If Jesus Comes Tomorrow What Then,0,0,0
if-kisses-could-talk,If Kisses Could Talk,0,0,0
if-leavin-was-easy,If Leavin' Was Easy,0,0,0
i-flew-over-our-house-last-night,I Flew Over Our House Last Night,0,1,1
if-loneliness-can-kill-me-lyrics-chords,If Loneliness Can Kill Me Lyrics Chords,0,0,0
if-love-could-find-us-now,If Love Could Find Us Now,0,0,1
if-love-gets-there-before-i-do,If Love Gets There Before I Do,0,0,1
if-love-was-a-bottle-of-wine,If Love Was A Bottle Of Wine,0,0,0
if-love-was-a-river,If Love Was A River,0,1,1
if-loving-you-is-wrong,If Loving You Is Wrong,0,0,0
if-loving-you-means-anything,If Loving You Means Anything,0,0,0
if-my-heart-had-windows,If My Heart Had Windows,0,2,1
if-my-nose-was-running-money,If My Nose Was Running Money,0,0,0
if-my-world-didn-t-have-you,If My World Didn't Have You,0,0,0
if-no-news-is-good-news,If No News Is Good News,0,0,0
if-not-for-love,If Not For Love,0,0,1
if-not-for-the-love-of-christ,If Not For The Love Of Christ,0,0,0
if-not-for-the-love-of-jesus,If Not For The Love Of Jesus,0,0,0
if-not-for-you,If Not For You,0,1,5
if-ole-hank-could-only-see-us-now,If Ole Hank Could Only See Us Now,0,0,1
if-one-wont-the-other-will,If One Won’t The Other Will,1,0,0
if-only,If Only,0,2,66
if-only-your-eyes-could-lie,If Only Your Eyes Could Lie,0,0,1
i-forget-you-everyday,I Forget You Everyday,0,0,1
i-forgot-more-than-you-ll-ever-know,I Forgot More Than You'll Ever Know,0,2,1
i-forgot-that-i-don-t-live-here-anymore,I Forgot That I Don't Live Here Anymore,0,0,0
i-forgot-to-care,I Forgot To Care,0,0,0
i-forgot-to-live-today,I Forgot To Live Today,0,0,0
i-forgot-to-remember-santa-claus,I Forgot To Remember Santa Claus,0,0,0
i-forgot-to-remember-to-forget,I Forgot to Remember to Forget,0,1,1
i-forgot-to-remember-to-forget-1,I Forgot To Remember To Forget,0,1,1
i-fought-the-law,I Fought The Law,0,2,3
i-found-a-hiding-place,I Found A Hiding Place,0,0,0
i-found-a-true-love,I Found A True Love,0,0,2
i-found-heaven,I Found Heaven,0,0,1
i-found-jesus-on-the-jailhouse-floor,I Found Jesus On The Jailhouse Floor,0,0,0
i-found-my-jesus-and-he-wasn-t-even-lost,I Found My Jesus And He Wasn't Even Lost,0,0,0
i-found-someone-of-my-own,I Found Someone Of My Own,0,0,0
i-found-someone-that-s-true,I Found Someone That's True,0,0,0
i-found-you-among-the-roses,I Found You Among The Roses,1,0,0
i-found-you-just-in-time,I Found You Just In Time,0,0,1
if-practice-makes-perfect,If Practice Makes Perfect,0,0,0
if-she-could-see-me-now,If She Could See Me Now,0,0,3
if-she-just-helps-me-get-over-you,If She Just Helps Me Get Over You,0,0,1
if-she-keeps-loving-me,If She Keeps Loving Me,0,0,0
if-teardrops-were-diamonds,If Teardrops Were Diamonds,0,0,0
if-teardrops-were-pennies,If Teardrops Were Pennies,0,4,1
if-teardrops-were-silver,If Teardrops Were Silver,0,0,1
if-that-isn-t-love,If That Isn't Love,0,0,3
if-that-s-the-fashion,If That's the Fashion,0,0,0
if-that-s-the-way-you-feel,If That's The Way You Feel,1,12,1
if-thats-the-way-you-feel,If That’s The Way You Feel,1,12,1
if-the-back-door-could-talk,If The Back Door Could Talk,0,0,0
if-the-devil-danced-in-empty-pockets,If The Devil Danced In Empty Pockets,0,0,0
if-the-good-lord-s-willing,If The Good Lord's Willing,0,0,0
if-the-jukebox-took-teardrops,If The Jukebox Took Teardrops,0,0,0
if-the-lord-wasn-t-walking-by-my-side,If The Lord Wasn't Walking By My Side,0,0,1
if-the-phone-doesn-t-ring,If The Phone Doesn't Ring,0,0,0
if-there-s-one-angel-missing-she-s-here-in-my-arms-tonight,If There's One Angel Missing She's Here in My Arms Tonight,0,0,0
if-there-was-a-way,If There Was A Way,0,0,0
if-there-were-no-memories,If There Were No Memories,0,0,1
if-the-river-was-whiskey,If The River Was Whiskey,1,3,1
if-the-shoe-fits,If The Shoe Fits,0,0,8
if-the-shoe-fits-wear-it,If The Shoe Fits Wear It,0,0,0
if-the-whole-world-stopped-loving,If The Whole World Stopped Loving,0,0,0
if-the-whole-world-was-a-honky-tonk,If The Whole World Was A Honky Tonk,0,0,0
if-the-world-don-t-end-tomorrow,If The World Don't End Tomorrow,0,0,1
if-the-world-had-a-front-porch,If The World Had A Front Porch,0,0,1
if-the-world-ran-out-of-love-tonight,If The World Ran Out Of Love Tonight,0,0,1
if-they-turn-off-our-lights,If They Turn Off Our Lights,0,0,0
if-this-house-could-talk,If This House Could Talk,0,0,0
if-this-is-having-a-good-time,If This Is Having A Good Time,0,0,0
if-this-is-just-a-game,If This Is Just A Game,0,0,1
if-this-is-love,If This Is Love,0,0,19
if-this-was-texas,If This Was Texas,0,0,0
if-today-were-yesterday,If Today Were Yesterday,0,0,0
if-tomorrow-could-be-yesterday,If Tomorrow Could Be Yesterday,0,0,0
if-tomorrow-never-comes-1,If Tomorrow Never Comes,0,0,4
if-we-forget-god,If We Forget God,0,4,1
if-we-make-it-through-december,If We Make It Through December,0,5,1
if-we-never-had,If We Never Had,0,0,0
if-we-never-meet-again,If We Never Meet Again,0,6,3
if-we-never-meet-again-this-side-of-heaven,If We Never Meet Again This Side Of Heaven,1,4,0
if-we-put-our-heads-together,If We Put Our Heads Together,0,0,0
if-we-want-love-to-last,If We Want Love To Last,0,0,0
if-you-ain-t-got-nothing,If You Ain't Got Nothing,0,0,0
if-you-aint-loving-then-you-aint-living,If You Ain’t Loving Then You Ain’t Living,0,0,0
if-you-ain-t-lovin-you-ain-t-livin,If You Ain't Lovin' (You Ain't Livin'),0,0,1
if-you-believe,If You Believe,0,0,20
if-you-but-care,If You But Care,0,0,0
if-you-call-that-gone-goodbye,If You Call That Gone Goodbye,0,0,0
if-you-came-back-from-heaven,If You Came Back From Heaven,0,0,0
if-you-can-do-anything-else,If You Can Do Anything Else,0,0,0
if-you-can-lie-a-little-bit,If You Can Lie A Little Bit,0,0,1
if-you-can-live-with-it,If You Can Live With It,0,0,0
if-you-can-spare-the-time,If You Can Spare The Time,0,0,0
if-you-can-t-find-love,If You Can't Find Love,0,0,1
if-you-can-touch-her-at-all,If You Can Touch Her At All,0,0,0
if-you-can-walk-away,If You Can Walk Away,0,0,0
if-you-could-touch-her-at-all,If You Could Touch Her At All,0,0,1
if-you-d-have-only-taken-the-time,If You'd Have Only Taken The Time,0,0,0
if-you-d-like-some-lovin,If You'd Like Some Lovin',0,0,0
if-you-do-dear,If You Do Dear,0,0,0
if-you-don-t-believe-i-love-you,If You Don't Believe I Love You,0,0,0
if-you-don-t-believe-the-bible,If You Don't Believe The Bible,0,1,0
if-you-don-t-know-it,If You Don't Know It,0,0,1
if-you-don-t-know-your-roses,If You Don't Know Your Roses,0,0,0
if-you-don-t-like-hank-williams,If You Don't Like Hank Williams,0,0,1
if-you-dont-somebody-else-will,If You Don’t Somebody Else Will,0,1,1
if-you-don-t-wanna-see-santa-claus-cry,If You Don't Wanna See Santa Claus Cry,0,1,1
if-you-don-t-want-me,If You Don't Want Me,0,1,2
if-you-don-t-want-me-to-the-freeze,If You Don't Want Me To (The Freeze),0,0,0
if-you-ever-change-your-mind,If You Ever Change Your Mind,0,1,5
if-you-ever-change-your-mind-1,If You Ever Change Your Mind,0,1,5
if-you-ever-come-this-way-again,If You Ever Come This Way Again,0,0,0
if-you-ever-have-forever-in-mind,If You Ever Have Forever In Mind,0,1,1
if-you-ever-need-my-love,If You Ever Need My Love,0,0,0
if-you-ever-think-of-me-at-all,If You Ever Think Of Me At All,0,0,1
if-you-ever-walk-my-way-again,If You Ever Walk My Way Again,0,0,0
if-you-fall-out-of-love-with-me,If You Fall Out Of Love With Me,0,0,1
if-you-go-i-ll-follow-you,If You Go I'll Follow You,0,1,1
if-you-haven-t-you-can-t-feel-the-way-i-do,If You Haven't You Can't Feel The Way I Do,0,0,0
if-you-knew-what-i-know,If You Knew What I Know,0,0,1
if-you-know-the-lord,If You Know The Lord,0,0,0
if-youll-be-a-baby-to-me,If You’ll Be A Baby To Me,0,0,1
if-youll-come-back-to-me,If You’ll Come Back To Me,0,0,0
if-you-ll-hold-the-ladder,If You'll Hold The Ladder,0,0,0
if-you-loved-me,If You Loved Me,0,0,3
if-you-love-him-love-him-right,If You Love Him Love Him Right,0,0,0
if-you-love-me,If You Love Me,0,1,26
if-you-love-me-don-t-leave-me,If You Love Me Don't Leave Me,0,0,1
if-you-love-me-let-me-know,If You Love Me Let Me Know,0,1,0
if-you-miss-heaven-you-miss-it-all,If You Miss Heaven (You Miss It All),0,0,0
if-you-need-a-fool,If You Need A Fool,0,2,1
if-you-need-me,If You Need Me,0,2,12
if-you-only-knew,If You Only Knew,0,2,29
if-you-only-knew-1,If You Only Knew,0,2,29
if-you-only-knew-2,If You Only Knew,0,2,29
if-you-really-want-me-to-i-ll-go-i-dont-want-to-get-over-you,If You Really Want Me To I'll Go (I Don’t Want To Get Over You),0,0,0
if-youre-ever-gonna-love-me,If You’re Ever Gonna Love Me,1,2,1
if-you-re-ever-in-my-arms,If You're Ever In My Arms,0,0,0
if-you-re-ever-lonely,If You're Ever Lonely,0,0,0
if-you-re-ever-lonely-darling,If You're Ever Lonely Darling,0,0,1
if-you-re-goin-girl,If You're Goin' Girl,0,0,1
if-you-re-gonna-do-me-wrong-do-it-right,If You're Gonna Do Me Wrong Do It Right,0,0,0
if-you-re-gonna-play-in-texas,If You're Gonna Play In Texas,0,0,0
if-youre-happy-then-i-m-satisfied,If You’re Happy Then I'm Satisfied,0,0,0
if-you-re-looking-for-a-fool,If You're Looking For A Fool,0,0,0
if-you-re-not-gone-too-long,If You're Not Gone Too Long,0,0,0
if-you-re-saving-part-of-you-for-someone-else,If You're Saving Part Of You For Someone Else,0,0,0
if-you-re-thinking-you-want-a-stranger,If You're Thinking You Want A Stranger,0,0,0
if-you-re-waiting-on-me,If You're Waiting on Me,0,0,0
if-you-re-with-me,If You're With Me,0,0,1
if-your-heart-ain-t-busy-tonight,If Your Heart Ain't Busy Tonight,0,0,1
if-you-saw-her-through-my-eyes,If You Saw Her Through My Eyes,0,0,0
if-you-see-a-change-in-me,If You See A Change In Me,0,0,1
if-you-see-her,If You See Her,0,0,4
if-you-see-my-baby,If You See My Baby,0,0,1
if-you-see-my-heart-today,If You See My Heart Today,0,0,0
if-you-see-my-savior,If You See My Savior,0,1,1
if-you-should-come-back-today,If You Should Come Back Today,0,0,1
if-you-still-want-a-fool-around,If You Still Want A Fool Around,0,0,1
if-you-think-i-love-you-now,If You Think I Love You Now,0,0,0
if-you-think-im-crazy-now,If You Think I’m Crazy Now,1,0,0
if-you-think-you-re-lonely,If You Think You're Lonely,0,0,0
if-you-think-you-re-lonely-1,If You Think You're Lonely,0,0,0
if-you-touch-me,If You Touch Me,0,0,0
if-you-tried-as-hard-to-love-me,If You Tried As Hard To Love Me,0,0,0
if-you-ve-got-the-money,If You've Got the Money,0,2,0
if-you-ve-got-the-time,If You've Got The Time,0,0,4
if-you-ve-got-time-to-say-goodbye,If You've Got Time To Say Goodbye,0,0,0
if-you-want-a-love,If You Want A Love,0,0,1
if-you-want-it-i-ve-got-it,If You Want It I've Got It,0,0,1
if-you-want-me-to,If You Want Me To,0,1,5
if-you-want-me-to-i-ll-go,If You Want Me To I'll Go,0,0,0
if-you-want-to-find-love,If You Want To Find Love,0,0,1
if-you-want-to-wear-a-crown,If You Want To Wear A Crown,0,0,1
if-you-were-a-bluebird,If You Were A Bluebird,0,1,1
if-you-were-a-song,If You Were A Song,0,0,0
if-you-were-losing-him-to-me,If You Were Losing Him To Me,0,0,0
if-you-were-me,If You Were Me,0,1,1
if-you-were-me-1,If You Were Me,0,1,1
if-you-were-mine,If You Were Mine,0,1,16
if-you-were-mine-1,If You Were Mine,0,1,16
if-you-were-mine-mary,If You Were Mine Mary,0,0,0
if-you-were-mine-to-lose,If You Were Mine To Lose,0,0,1
if-you-were-never-here,If You Were Never Here,0,0,0
if-you-won-t-tell-on-me,If You Won't Tell On Me,0,0,0
i-gambled-my-heart,I Gambled My Heart,0,0,1
i-gave-my-love-a-cherry,I Gave My Love A Cherry,0,2,1
i-gave-my-love-a-cherry-aka-the-riddle-song,I Gave My Love A Cherry (aka The Riddle Song),0,0,0
i-gave-my-wedding-dress-away,I Gave My Wedding Dress Away,0,0,1
i-gave-up-good-morning-darling,I Gave Up Good Morning Darling,0,0,0
i-gave-up-on-trying-to-get-over-you,I Gave Up On Trying To Get Over You,0,0,0
i-get-along-with-you,I Get Along With You,0,0,1
i-get-fooled-don-t-i,I Get Fooled Don't I,0,0,0
i-get-lonely-in-a-hurry,I Get Lonely In A Hurry,0,0,1
i-get-lonely-when-it-rains,I Get Lonely When It Rains,0,0,0
i-get-so-mad-at-me,I Get So Mad At Me,0,0,0
i-get-so-sentimental,I Get So Sentimental,0,0,0
i-get-the-blues-when-it-rains,I Get The Blues When It Rains,0,0,1
i-get-the-fever,I Get The Fever,0,0,1
i-get-the-picture,I Get The Picture,0,0,0
i-get-up-early-in-the-morning,I Get Up Early In The Morning,0,0,1
i-give-all-my-love-to-you,I Give All My Love To You,0,1,0
i-give-my-life-a-second-look,I Give My Life A Second Look,0,0,0
i-go-anywhere-to-forget-you,I Go Anywhere (To Forget You),0,0,0
i-go-crazy-but-i-can-t-let-you-go,I Go Crazy (But I Can't Let You Go),0,0,0
i-go-crazy-from-the-heart,I Go Crazy From The Heart,0,0,0
i-got-a-feeling,I Got A Feeling,0,0,11
i-got-a-hole-in-my-pirogue,I Got A Hole In My Pirogue,0,0,1
i-got-a-hole-in-my-pocket,I Got A Hole In My Pocket,0,0,0
i-got-a-hole-in-my-pocket-1,I Got A Hole In My Pocket,0,0,0
i-got-a-life-of-my-own,I Got A Life Of My Own,0,0,1
i-got-a-lot-of-hurting-done-today,I Got A Lot Of Hurting Done Today,0,0,0
i-got-a-woman,I Got a Woman,0,1,5
i-got-caught,I Got Caught,0,0,2
i-got-home-just-in-time-to-say-goodbye,I Got Home Just In Time To Say Goodbye,0,0,0
i-got-lucky,I Got Lucky,0,0,2
i-got-me-a-man,I Got Me A Man,0,0,0
i-got-over-the-blues,I Got Over The Blues,0,0,0
i-got-religion-last-saturday-night,I Got Religion Last Saturday Night,0,0,0
i-got-spurs,I Got Spurs,0,0,0
i-got-stripes,I Got Stripes,0,1,1
i-got-stung,I Got Stung,0,0,1
i-gotta-find-someone,I Gotta Find Someone,0,0,0
i-gotta-get-drunk,I Gotta Get Drunk,0,2,1
i-gotta-get-me-feeling-better,I Gotta Get Me Feeling Better,0,0,0
i-gotta-get-over-this,I Gotta Get Over This,0,0,0
i-gotta-get-to-you,I Gotta Get to You,0,0,0
i-gotta-have-my-baby-back,I Gotta Have My Baby Back,0,0,1
i-gotta-have-you,I Gotta Have You,0,0,2
i-gotta-know,I Gotta Know,0,1,5
i-gotta-talk-to-your-heart,I Gotta Talk To Your Heart,0,0,1
i-got-the-hoss,I Got The Hoss,0,0,0
i-got-wine-on-my-mind,I Got Wine On My Mind,0,0,0
i-got-you,I Got You,0,0,45
i-got-you-1,I Got You,0,0,45
i-got-your-word-you-got-mine,I Got Your Word You Got Mine,0,0,0
i-grew-up,I Grew Up,0,0,2
i-grow-old-too-fast-and-smart-too-slow,I Grow Old Too Fast And Smart Too Slow,0,0,0
i-guess-i-had-a-real-good-time-last-night,I Guess I Had A Real Good Time Last Night,0,0,0
i-guess-i-had-too-much-to-dream-last-night,I Guess I Had Too Much To Dream Last Night,0,0,0
i-guess-i-had-your-leaving-coming,I Guess I Had Your Leaving Coming,0,0,0
i-guess-i-ll-go-on-dreaming,I Guess I'll Go On Dreaming,0,1,0
i-guess-i-ll-live,I Guess I'll Live,0,0,0
i-guess-i-m-crazy,I Guess I'm Crazy,0,0,2
i-guess-i-m-getting-over-you,I Guess I'm Getting Over You,0,0,0
i-guess-i-m-getting-tired-of-loving-you,I Guess I'm Getting Tired Of Loving You,0,0,0
i-guess-it-never-hurts-to-hurt-sometimes,I Guess It Never Hurts To Hurt Sometimes,0,0,1
i-guess-its-only-right-that-i-should-pay,I Guess It’s Only Right That I Should Pay,1,0,0
i-guess-i-was-just-a-fool,I Guess I Was Just A Fool,0,0,1
i-guess-that-comes-from-being-poor,I Guess That Comes From Being Poor,0,0,0
i-guess-the-lord-must-be-in-new-york-city,I Guess the Lord Must Be in New York City,0,0,1
i-guess-you-had-to-be-there,I Guess You Had To Be There,0,0,0
i-guess-you-had-to-be-there-1,I Guess You Had To Be There,0,0,0
i-had-her-leavin-comin,I Had Her Leavin' Comin',0,0,0
i-had-my-heart-set-on-you,I Had My Heart Set On You,0,0,0
i-had-one-too-many,I Had One Too Many,0,0,0
i-had-someone-else-before-i-had-you,I Had Someone Else Before I Had You,0,1,0
i-hang-my-head-and-cry,I Hang My Head And Cry,0,0,1
i-hardly-ever-sing-beer-drinking-songs,I Hardly Ever Sing Beer Drinking Songs,0,0,1
i-hardly-knew-it-was-you,I Hardly Knew it was You,0,0,0
i-hate-goodbyes,I Hate Goodbyes,0,0,1
i-hate-love,I Hate Love,0,1,1
i-hate-myself,I Hate Myself,0,0,10
i-hate-myself-for-falling-in-love-with-you-lyrics-and-chords,I Hate Myself For Falling In Love With You Lyrics and chords,0,0,0
i-hate-to-see-you-cry,I Hate To See You Cry,0,0,0
i-hate-you,I Hate You,0,0,26
i-have-a-dream,I Have a Dream,0,1,21
i-have-a-friend,I Have A Friend,0,0,0
i-have-an-aged-mother,I Have An Aged Mother,0,1,1
i-have-found-the-way,I Have Found the Way,1,6,0
i-have-loved-you-girl,I Have Loved You Girl,0,0,1
i-have-loved-you-girl-but-not-like-before,I Have Loved You Girl (But Not Like Before),0,0,0
i-have-no-mother-now,I Have No Mother Now,1,1,0
i-have-no-one-to-love-me,I Have No One To Love Me,0,1,0
i-haven-t-got-the-heart,I Haven't Got The Heart,0,0,1
i-haven-t-got-the-right-to-love-you,I Haven't Got The Right To Love You,0,3,1
i-haven-t-seen-mary-in-years,I Haven't Seen Mary In Years,1,6,1
i-havent-seen-mary-in-years,I Haven’t Seen Mary In Years,1,6,1
i-have-you-and-that-s-enough-for-me,I Have You And That's Enough For Me,0,0,0
i-hear-a-choo-choo-coming,I Hear A Choo Choo Coming,0,2,0
i-hear-a-sweet-voice-calling,I Hear A Sweet Voice Calling,1,8,1
i-hear-a-voice-calling,I Hear A Voice Calling,1,7,0
i-heard-a-heart-break,I Heard A Heart Break,0,0,0
i-heard-from-a-memory-last-night,I Heard From A Memory Last Night,0,0,0
i-heard-my-mother-call-my-name-in-prayer,I Heard My Mother Call My Name In Prayer,1,11,1
i-heard-my-mother-praying-for-me,I Heard My Mother Praying For Me,0,0,1
i-heard-my-savior-calling-me,I Heard My Savior Calling Me,0,0,0
i-heard-my-savior-calling-me-1,I Heard My Savior Calling Me,0,0,0
i-heard-the-bells-on-christmas-day,I Heard The Bells On Christmas Day,0,2,5
i-heard-the-jukebox-playing,I Heard The Jukebox Playing,0,0,1
i-heard-you-crying-in-your-sleep,I Heard You Crying In Your Sleep,0,0,0
i-hear-my-savior-calling,I Hear My Savior Calling,0,1,1
i-hear-them-all,I Hear Them All,1,1,1
i-hear-the-south-calling-me,I Hear the South Calling Me,0,0,0
i-hear-you-knockin,I Hear You Knockin',0,0,2
i-hear-you-knocking,I Hear You Knocking,0,1,1
i-hear-you-talking,I Hear You Talking,0,0,0
i-hear-you-talking-1,I Hear You Talking,0,0,0
i-hit-the-ground-crawlin,I Hit The Ground Crawlin',0,0,0
i-honestly-love-you,I Honestly Love You,0,0,1
i-hope-heaven-has-a-honky-tonk,I Hope Heaven Has A Honky Tonk,0,0,0
i-hope-it-rains-today,I Hope It Rains Today,0,0,0
i-hope-my-lord-will-let-me-in,I Hope My Lord Will Let Me In,0,1,0
i-hope-my-wife-don-t-find-out,I Hope My Wife Don't Find Out,0,0,0
i-hope-things-aren-t-like-this-tomorrow,I Hope Things Aren't Like This Tomorrow,0,0,1
i-hope-we-walk-the-last-mile-together,I Hope We Walk The Last Mile Together,0,0,1
i-hope-you-learned-a-lot,I Hope You Learned A Lot,0,0,0
i-hope-you-re-crying-too,I Hope You're Crying Too,0,0,0
i-hope-you-re-feeling-me,I Hope You're Feeling Me,0,0,0
i-hope-you-re-never-happy,I Hope You're Never Happy,0,1,1
i-hope-you-ve-learned,I Hope You've Learned,1,1,0
i-hope-youve-learned,I Hope You’ve Learned,0,1,0
i-hurt,I Hurt,0,0,1
i-hurt-for-you,I Hurt For You,0,0,1
i-just-ain-t-been-able,I Just Ain't Been Able,0,0,1
i-just-called-to-say-i-love-you,I Just Called to Say I Love You,0,0,3
i-just-came-from-there,I Just Came From There,0,0,0
i-just-came-home-to-count-the-memories,I Just Came Home to Count the Memories,0,0,1
i-just-came-to-get-my-baby,I Just Came To Get My Baby,0,1,0
i-just-came-to-smell-the-flowers,I Just Came To Smell The Flowers,0,0,1
i-just-can-t-be-true,I Just Can't Be True,0,0,0
i-just-can-t-get-her-out-of-my-mind,I Just Can't Get Her Out of My Mind,0,0,1
i-just-can-t-go-on-dying-like-this,I Just Can't Go On Dying Like This,0,0,0
i-just-cant-go-on-this-old-way,I Just Can’t Go On This Old Way,1,0,0
i-just-can-t-help-believin,I Just Can't Help Believin',0,1,1
i-just-can-t-help-believing,I Just Can't Help Believing,0,1,0
i-just-can-t-leave-those-honky-tonks-alone,I Just Can't Leave Those Honky Tonks Alone,0,0,0
i-just-can-t-leave-your-love-alone,I Just Can't Leave Your Love Alone,0,0,0
i-just-can-t-let-you-say-goodbye,I Just Can't Let You Say Goodbye,0,0,1
i-just-couldn-t-see-the-forest,I Just Couldn't See The Forest,0,0,0
i-just-cry,I Just Cry,0,0,1
i-just-cry-to-clear-my-eyes,I Just Cry To Clear My Eyes,0,0,0
i-just-don-t-give-a-damn,I Just Don't Give A Damn,0,0,1
i-just-dont-like-loving-you,I Just Don’t Like Loving You,0,0,0
i-just-don-t-like-this-kind-of-living,I Just Don't Like This Kind of Living,0,0,0
i-just-don-t-understand,I Just Don't Understand,0,0,3
i-just-dropped-by,I Just Dropped By,0,2,2
i-just-fall-in-love-again,I Just Fall In Love Again,0,0,1
i-just-gotta-go,I Just Gotta Go,0,0,0
i-just-got-wise,I Just Got Wise,1,5,1
i-just-had-a-bar-of-soap,I Just Had A Bar Of Soap,0,0,0
i-just-had-you-on-my-mind,I Just Had You On My Mind,0,0,1
i-just-lost-my-favorite-girl,I Just Lost My Favorite Girl,0,0,1
i-just-lost-my-favorite-girl-1,I Just Lost My Favorite Girl,0,0,1
i-just-loved-her-for-the-last-time,I Just Loved Her For The Last Time,0,0,0
i-just-love-the-way-you-tell-a-lie,I Just Love The Way You Tell A Lie,0,0,0
i-just-need-you-for-tonight,I Just Need You For Tonight,0,0,0
i-just-said-goodbye-to-my-dreams,I Just Said Goodbye To My Dreams,0,0,1
i-just-started-hating-cheating-songs-today,I Just Started Hating Cheating Songs Today,0,0,0
i-just-steal-away-and-pray,I Just Steal Away And Pray,0,2,0
i-just-think-i-ll-go-away,I Just Think I'll Go Away,0,4,0
i-just-thought-i-d-call-to-say-i-love-you,I Just Thought I'd Call To Say I Love You,0,0,0
i-just-thought-you-d-like-to-know,I Just Thought You'd Like To Know,0,0,1
i-just-wanted-you-to-know,I Just Wanted You To Know,0,0,1
i-just-want-somebody-to-love-me,I Just Want Somebody to Love Me,0,0,0
i-just-want-to-be-alone,I Just Want To Be Alone,0,0,1
i-just-want-to-dance-with-you,I Just Want To Dance With You,0,1,1
i-just-want-to-feel-the-magic,I Just Want To Feel The Magic,0,0,1
i-just-want-to-look-at-you-one-more-time,I Just Want To Look At You One More Time,0,0,1
i-just-want-to-love-you-forever,I Just Want To Love You Forever,0,0,0
i-just-want-to-thanks-you-lord,I Just Want To Thanks You Lord,1,0,0
i-just-want-you,I Just Want You,1,0,5
i-just-want-you-to-know,I Just Want You to Know,0,0,4
i-just-wish-i-could-love-that-much-again,I Just Wish I Could Love That Much Again,0,0,0
i-keep-dreaming-of-you,I Keep Dreaming Of You,0,0,1
i-keep-forgetting-that-i-forgot-about-you,I Keep Forgetting That I Forgot About You,0,0,0
i-keep-looking-back,I Keep Looking Back,0,0,1
i-keep-meeting-girls-like-you,I Keep Meeting Girls Like You,0,0,1
i-keep-putting-off-getting-over-you,I Keep Putting Off Getting Over You,0,0,1
i-knew-my-day-would-come,I Knew My Day Would Come,0,0,1
i-knew-that-we-d-meet-again,I Knew That We'd Meet Again,0,0,0
i-knew-the-moment-i-lost-you,I Knew The Moment I Lost You,0,0,1
i-knew-we-could-never-love-for-long,I Knew We Could Never Love For Long,0,0,0
i-know,I Know,0,0,135
i-know-1,I Know,0,0,135
i-know-2,I Know,0,0,135
i-know-a-goodbye-when-i-see-one,I Know A Goodbye When I See One,0,0,0
i-know-a-man-who-can,I Know A Man Who Can,0,0,1
i-know-and-you-know,I Know And You Know,0,0,0
i-know-an-ending,I Know An Ending,0,0,0
i-know-but-tell-me,I Know But Tell Me,0,0,0
i-know-exactly-how-you-feel,I Know Exactly How You Feel,0,0,0
i-know-how,I Know How,0,1,1
i-know-how-he-feels,I Know How He Feels,0,0,1
i-know-i-ll-have-a-better-day-tomorrow,I Know I'll Have A Better Day Tomorrow,0,0,0
i-know-i-ll-never-win-your-love-again,I Know I'll Never Win Your Love Again,0,0,1
i-know-i-never-will,I Know I Never Will,0,0,0
i-know-it-was-you,I Know it Was You,0,0,0
i-know-love,I Know Love,0,0,5
i-know-my-name-is-there,I Know My Name Is There,0,1,0
i-know-one,I Know One,0,0,1
i-know-she-still-loves-me,I Know She Still Loves Me,0,0,1
i-know-that-jesus-will-be-there,I Know That Jesus Will Be There,0,0,0
i-know-the-lord-laid-his-hand-on-me,I Know The Lord Laid His Hand On Me,0,0,0
i-know-the-way-by-broken-heart,I Know The Way By Broken Heart,0,0,0
i-know-the-way-to-you-by-heart,I Know The Way To You By Heart,0,1,1
i-know-what-it-means-to-be-lonely,I Know What It Means To Be Lonely,0,1,0
i-know-what-it-means-to-be-lonesome,I Know What It Means To Be Lonesome,1,14,1
i-know-what-it-s-like-in-her-arms,I Know What It's Like In Her Arms,0,0,0
i-know-what-i-want-for-christmas,I Know What I Want For Christmas,0,0,0
i-know-what-lies-ahead,I Know What Lies Ahead,0,0,0
i-know-what-santa-s-getting-for-christmas,I Know What Santa's Getting For Christmas,0,1,0
i-know-where-i-m-going,I Know Where I'm Going,0,0,4
i-know-who-holds-tomorrow,I Know Who Holds Tomorrow,0,2,1
i-know-who-it-is,I Know Who It Is,0,0,0
i-know-you-dont-love-me-anymore,I Know You Don’t Love Me Anymore,0,0,0
i-know-you-dont-love-me-no-more,I Know You Don’t Love Me No More,1,3,0
i-know-you-ll-never-change,I Know You'll Never Change,0,0,0
i-know-you-re-going-away-lyrics-and-chords,I Know You're Going Away Lyrics and Chords,0,0,0
i-know-you-re-lonesome-while-waiting-for-me,I Know You're Lonesome While Waiting For Me,0,0,0
i-know-youre-married,I Know You’re Married,1,9,0
i-know-you-re-married-but-i-love-you-still,I Know You're Married (But I Love You Still),1,7,0
i-know-you-re-not-an-angel,I Know You're Not An Angel,0,0,0
i-know-you-rider,I Know You Rider,1,11,1
i-know-your-memory-well,I Know Your Memory Well,0,0,0
i-laugh-when-i-think-how-i-cried-over-you,I Laugh When I Think How I Cried Over You,0,0,0
i-leaned-over-backwards-for-you,I Leaned Over Backwards For You,0,0,0
i-learned-it-all-from-you,I Learned It All From You,0,0,0
i-leave-the-milky-way,I Leave The Milky Way,0,0,0
i-left-my-gal-in-the-mountains,I Left My Gal In The Mountains,0,0,1
i-left-the-best-part-of-texas-in-tennessee,I Left The Best Part Of Texas In Tennessee,0,0,0
i-left-you-some-kisses-on-the-door,I Left You Some Kisses On The Door,0,0,1
i-let-her-down-somewhere,I Let Her Down Somewhere,0,0,0
i-let-her-get-lonely,I Let Her Get Lonely,0,0,0
i-let-it-slip-away,I Let It Slip Away,0,0,0
i-let-my-mind-wonder,I Let My Mind Wonder,0,0,0
i-let-the-stars-get-in-my-eyes,I Let The Stars Get In My Eyes,0,0,0
i-let-the-world-pass-me-by,I Let The World Pass Me By,0,0,0
i-lie-a-lot,I Lie a Lot,0,0,1
i-lie-when-i-drink,I Lie When I Drink,0,0,0
i-like-beer,I Like Beer,0,1,1
i-like-girls,I Like Girls,0,0,5
i-like-my-chicken-fryin-size,I Like My Chicken Fryin' Size,0,0,0
i-like-the-christian-life,I Like The Christian Life,0,0,0
i-like-to-feel-pretty-inside,I Like To Feel Pretty Inside,0,1,1
i-like-to-hear-em-preaching,I Like To Hear ‘em Preaching,0,0,0
i-lived-a-lifetime-in-a-day,I Lived A Lifetime In A Day,0,0,0
i-lived-so-fast-and-hard,I Lived So Fast And Hard,0,0,1
i-live-for-him-he-died-for-me,I Live For Him He Died For Me,0,0,0
i-live-in-the-past,I Live in the Past,0,4,1
i-live-just-to-love-you,I Live Just To Love You,0,0,0
i-live-my-whole-life-at-night,I Live My Whole Life at Night,0,0,0
i-live-you,I Live You,0,0,1
i-ll-always-be-a-fool-for-you,I'll Always Be A Fool For You,0,0,0
i-ll-always-be-blue,I'll Always Be Blue,0,0,0
i-ll-always-be-glad-to-take-you-back,I'll Always Be Glad To Take You Back,0,1,1
i-ll-always-be-in-love-with-you,I'll Always Be In Love With You,0,1,2
i-ll-always-be-loving-you,I'll Always Be Loving You,0,0,1
i-ll-always-be-standing-by,I'll Always Be Standing By,0,0,0
i-ll-always-be-your-fraulein,I'll Always Be Your Fraulein,0,0,0
i-ll-always-keep-on-loving-you,I'll Always Keep On Loving You,0,0,1
i-ll-always-know,I'll Always Know,0,1,1
i-ll-always-love-you,I'll Always Love You,0,0,15
i-ll-always-remember-you,I'll Always Remember You,0,0,2
i-ll-always-speak-well-of-you,I'll Always Speak Well Of You,0,0,0
i-ll-always-take-care-of-you,I'll Always Take Care of You,0,0,0
i-ll-always-wonder-but-i-ll-never-know,I'll Always Wonder (But I'll Never Know),0,0,0
i-ll-baby-sit-with-you,I'll Baby Sit With You,0,0,1
i-ll-be-a-bachelor-til-i-die,I'll Be A Bachelor 'Til I Die,0,0,1
i-ll-be-a-friend-to-you,I'll Be A Friend To You,0,0,0
i-ll-be-a-hero-when-i-strike,I'll Be a Hero When I Strike,0,0,0
i-ll-be-all-smiles-tonight,I'll Be All Smiles Tonight,1,9,3
ill-be-all-smiles-tonight,I’ll Be All Smiles Tonight,1,9,3
i-ll-be-alright-in-the-morning,I'll Be Alright In The Morning,0,0,0
i-ll-be-alright-tomorrow,I'll Be Alright Tomorrow,0,2,0
i-ll-be-back,I'll Be Back,0,0,14
ill-be-back-a-sunday,I’ll Be Back A-Sunday,0,0,0
i-ll-be-better-off,I'll Be Better Off,0,1,1
i-ll-be-blue-till-then,I'll Be Blue Till Then,0,0,0
i-ll-be-faithful-to-you,I'll Be Faithful To You,0,1,1
i-ll-be-going-to-heaven-sometime,I'll Be Going To Heaven Sometime,0,1,1
i-ll-be-gone,I'll Be Gone,0,9,19
i-ll-be-gone-1,I'll Be Gone,0,9,19
i-ll-be-gone-2,I'll Be Gone,0,9,19
i-ll-be-here,I'll Be Here,0,0,12
i-ll-be-here-for-a-lifetime,I'll Be Here For A Lifetime,0,0,0
i-ll-be-here-in-the-morning,I'll Be Here In The Morning,0,5,3
i-ll-be-home,I'll Be Home,0,7,4
i-ll-be-home-for-christmas,I'll Be Home For Christmas,0,6,5
ill-be-home-someday,I’ll Be Home Someday,1,0,0
i-ll-be-leaving-alone,I'll Be Leaving Alone,0,0,1
i-ll-be-lonesome-when-you-re-gone,I'll Be Lonesome When You're Gone,0,0,0
ill-be-lucky-someday,I’ll Be Lucky Someday,0,0,0
i-ll-be-more-than-happy-to-set-you-free,I'll Be More Than Happy To Set You Free,0,0,0
i-ll-be-on-that-good-road-someday,I'll Be On That Good Road Someday,0,2,1
ill-be-satisfied,I’ll Be Satisfied,1,4,4
i-ll-be-satisfied-with-her-love,I'll Be Satisfied With Her Love,0,0,0
i-ll-be-somewhere,I'll be Somewhere,0,1,2
ill-be-somewhere-listening-for-my-name,I’ll Be Somewhere Listening For My Name,0,0,0
i-ll-be-the-one,I'll Be The One,0,0,11
i-ll-be-there,I'll Be There,0,12,87
i-ll-be-there-1,I'll Be There,0,12,87
i-ll-be-there-when-you-get-lonely,I'll Be There When You Get Lonely,0,0,0
i-ll-be-the-wind,I'll Be The Wind,0,0,0
i-ll-be-true-to-the-one-that-i-love,I'll Be True To The One That I Love,0,1,0
i-ll-be-true-to-you,I'll Be True To You,0,0,1
ill-be-waiting,I’ll Be Waiting,0,2,25
i-ll-be-waiting-there-for-you,I'll Be Waiting There for You,0,0,1
ill-be-walking-the-floor-this-christmas,I’ll Be Walking The Floor This Christmas,0,0,1
i-ll-be-with-you,I'll Be With You,0,1,9
i-ll-be-with-you-1,I'll Be With You,0,1,9
ill-be-young-again,I’ll Be Young Again,0,0,0
i-ll-be-yours,I'll Be Yours,0,0,6
i-ll-be-your-san-antone-rose,I'll Be Your San Antone Rose,0,0,1
i-ll-be-your-stepping-stone,I'll Be Your Stepping Stone,0,0,0
i-ll-be-your-stepping-stone-1,I'll Be Your Stepping Stone,0,0,0
i-ll-be-your-sweetheart-for-a-day,I'll Be Your Sweetheart For A Day,0,0,1
i-ll-break-out-again-tonight,I'll Break Out Again Tonight,1,7,1
ill-break-out-again-tonight,I’ll Break Out Again Tonight,1,7,1
i-ll-call-you-charlie-you-call-me-joan,I'll Call You Charlie (You Call Me Joan),0,0,0
i-ll-catch-you-when-you-fall,I'll Catch You When You Fall,0,0,2
ill-catch-you-when-you-fall,I’ll Catch You When You Fall,0,0,2
i-ll-come-back-as-another-woman,I'll Come Back As Another Woman,0,0,1
i-ll-come-running,I'll Come Running,0,1,8
i-ll-die-trying,I'll Die Trying,0,0,0
i-ll-do-anything-it-takes-to-stay-with-you,I'll Do Anything It Takes To Stay With You,0,0,0
i-ll-do-as-much-for-you-someday,I'll Do As Much For You Someday,0,0,0
ill-do-it-all-over-again,I’ll Do It All Over Again,0,0,1
i-ll-do-it-every-time,I'll Do It Every Time,0,0,0
ill-drink-no-more-wine,I’ll Drink No More Wine,1,4,1
i-ll-drink-to-that,I'll Drink To That,0,0,4
i-ll-even-love-you,I'll Even Love You,0,0,0
ill-find-another-woman,I’ll Find Another Woman,1,0,0
ill-find-it-where-i-can,I’ll Find It Where I Can,0,0,1
i-ll-fly-away,I'll Fly Away,1,46,9
ill-fly-away,I’ll Fly Away,1,46,9
i-ll-follow-you,I'll Follow You,0,0,9
i-ll-follow-you-on-up-to-our-cloud,I'll Follow You On Up To Our Cloud,0,0,0
i-ll-forgive-and-forget,I'll Forgive And Forget,0,0,0
i-ll-forgive-but-i-ll-never-forget,I'll Forgive But I'll Never Forget,0,0,1
ill-forgive-you-but-i-cant-forget,I’ll Forgive You But I Can’t Forget,0,0,0
i-ll-get-along-somehow,I'll Get Along Somehow,0,1,3
ill-get-by,I’ll Get By,0,0,6
i-ll-get-by-somehow,I'll Get by Somehow,0,0,1
i-ll-get-even-with-you,I'll Get Even With You,0,0,1
i-ll-get-mine-by-and-by,I'll Get Mine By And By,0,0,0
i-ll-get-over-losing-you,I'll Get Over Losing You,0,0,0
i-ll-get-over-you,I'll Get Over You,0,1,4
i-ll-give-my-heart-to-you,I'll Give My Heart To You,0,0,1
i-ll-give-up,I'll Give Up,0,0,0
i-ll-give-you-all-my-love-tonight,I'll Give You All My Love Tonight,0,0,1
i-ll-give-you-something-to-drink-about,I'll Give You Something To Drink About,0,0,0
i-ll-go-back-to-her,I'll Go Back To Her,0,0,1
ill-go-down-swinging,I’ll Go Down Swinging,0,0,1
i-ll-go-get-the-tool-box,I'll Go Get The Tool Box,0,0,0
i-ll-go-marching-into-glory,I'll Go Marching Into Glory,0,0,0
i-ll-go-on-alone,I'll Go On Alone,0,0,1
i-ll-go-out-of-my-mind,I'll go out of my mind,0,0,0
i-ll-go-stepping-too,I'll Go Stepping Too,1,13,1
ill-go-stepping-too,I’ll Go Stepping Too,1,13,1
i-ll-go-to-a-stranger,I'll Go To A Stranger,0,0,1
i-ll-go-to-a-stranger-1,I'll Go To A Stranger,0,0,1
i-ll-go-to-church-again-with-momma,I'll Go To Church Again With Momma,0,0,1
i-ll-go-to-my-grave-loving-you,I'll Go To My Grave Loving You,0,0,0
i-ll-have-a-new-body-i-ll-have-a-new-life,I'll Have a New Body I'll Have a New Life,1,0,0
i-ll-have-another-cup-of-coffee,I'll Have Another Cup of Coffee,0,0,0
i-ll-have-somebody-else,I'll Have Somebody Else,0,0,1
i-ll-have-to-live-and-learn,I'll Have To Live And Learn,0,0,0
i-ll-have-to-make-some-changes,I'll Have to Make Some Changes,0,0,1
i-ll-help-you-forget-her,I'll Help You Forget Her,0,0,1
i-ll-hold-you-in-my-heart,I'll Hold You In My Heart,0,0,0
i-ll-just-go-away,I'll Just Go Away,0,2,2
i-ll-just-go-on-home,I'll Just Go On Home,0,0,0
i-ll-just-have-to-learn-to-stay-away,I'll Just Have To Learn To Stay Away,0,0,0
i-ll-just-pretend,I'll Just Pretend,1,2,1
ill-just-pretend,I’ll Just Pretend,0,2,1
ill-just-take-a-train-and-ride,I’ll Just Take a Train and Ride,1,0,0
i-ll-keep-holding-on-to-you,I'll Keep Holding on to You,0,0,0
i-ll-keep-on-dreaming,I'll Keep On Dreaming,0,0,1
i-ll-keep-on-loving-you,I'll Keep On Loving You,0,1,2
i-ll-kiss-the-baby,I'll Kiss The Baby,0,0,0
i-ll-kiss-the-past-goodbye,I'll Kiss The Past Goodbye,0,0,0
i-ll-leave-the-bottle-on-the-bar,I'll Leave The Bottle On The Bar,0,0,1
i-ll-leave-this-world-loving-you,I'll Leave This World Loving You,0,0,1
i-ll-let-my-heart-break-for-a-little-while,I'll Let My Heart Break For A Little While,0,0,0
i-ll-live-for-you,I'll Live For You,0,0,1
i-ll-live-in-glory,I'll Live in Glory,0,2,0
ill-look-over-you,I’ll Look Over You,0,0,1
i-ll-love-away-your-troubles-for-awhile,I'll Love Away Your Troubles For Awhile,0,0,1
i-ll-love-him-right-out-of-your-mind,I'll Love Him Right Out Of Your Mind,0,0,0
ill-love-nobody-but-you,I’ll Love Nobody But You,1,8,1
i-ll-love-you-forever-and-ever,I'll Love You Forever And Ever,0,0,1
i-ll-love-you-more,I'll Love You More,0,0,2
ill-love-you-till-the-day-i-die,I’ll Love You Till The Day I Die,0,0,2
ill-love-you-til-the-day-i-die,I’ll Love You Til the Day I Die,1,1,0
i-ll-make-amends,I'll Make Amends,0,0,0
i-ll-make-believe,I'll Make Believe,0,0,1
i-ll-make-it-all-up-to-you,I'll Make It All Up To You,0,0,2
i-ll-make-it-up-to-you,I'll Make It Up To You,0,0,2
i-ll-make-the-living,I'll Make The Living,0,0,0
i-ll-meet-you-at-the-throne,I'll Meet You At The Throne,0,0,0
i-ll-meet-you-by-the-river,I'll Meet You By The River,0,0,0
i-ll-meet-you-in-church-on-sunday-morning,I'll Meet You In Church On Sunday Morning,0,2,0
i-ll-meet-you-in-church-sunday-morning,I'll Meet You In Church Sunday Morning,1,8,1
ill-meet-you-in-church-sunday-morning,I’ll Meet You In Church Sunday Morning,1,8,1
i-ll-meet-you-in-the-morning,I'll Meet You In The Morning,1,12,1
ill-meet-you-in-the-morning,I’ll Meet You In The Morning,1,12,1
i-ll-meet-you-in-the-morning-1,I'll Meet You In The Morning,1,12,1
ill-need-someone-to-hold-me,I’ll Need Someone To Hold Me,0,0,0
i-ll-need-the-prayers-of-those-i-love,I'll Need The Prayers Of Those I Love,0,0,0
i-ll-never-always-love-you-anymore,I'll Never Always Love You Anymore,0,0,0
i-ll-never-be-anything-but-in-love-with-you,I'll Never Be Anything But In Love With You,0,0,0
i-ll-never-be-free,I'll Never Be Free,0,0,1
ill-never-be-free,I’ll Never Be Free,0,0,1
i-ll-never-be-in-love-again,I'll Never Be In Love Again,0,0,1
i-ll-never-be-lonesome-with-you,I'll Never Be Lonesome With You,0,0,0
i-ll-never-close-my-heart-to-you,I'll Never Close My Heart to You,0,0,0
ill-never-cry-over-you,I’ll Never Cry Over You,0,0,0
i-ll-never-do-it-next-time,I'll Never Do It Next Time,0,0,0
i-ll-never-fall-in-love-again,I'll Never Fall In Love Again,0,2,9
i-ll-never-find-another-you,I'll Never Find Another You,0,1,1
ill-never-forsake-you,I’ll Never Forsake You,1,0,0
i-ll-never-get-out-of-this-world-alive,I'll Never Get Out Of This World Alive,0,1,1
i-ll-never-get-over-loving-you,I'll Never Get Over Loving You,0,0,0
i-ll-never-get-over-you,I'll Never Get Over You,0,0,6
i-ll-never-get-over-you-1,I'll Never Get Over You,0,0,6
i-ll-never-go-back,I'll Never Go Back,0,1,0
i-ll-never-grow-tired-of-you,I'll Never Grow Tired Of You,1,4,1
ill-never-grow-tired-of-you,I’ll Never Grow Tired Of You,0,4,1
i-ll-never-have-to-be-alone,I'll Never Have To Be Alone,0,0,0
i-ll-never-leave-my-god-alone,I'll Never Leave My God Alone,0,0,0
i-ll-never-let-go-of-you,I'll Never Let Go Of You,0,0,1
i-ll-never-let-you-go,I'll Never Let You Go,0,1,8
i-ll-never-let-you-go-1,I'll Never Let You Go,0,1,8
i-ll-never-let-you-go-little-darlin,I'll Never Let You Go (Little Darlin'),0,0,1
i-ll-never-lose-you-though-you-re-gone,I'll Never Lose You Though You're Gone,0,0,0
i-ll-never-love-another,I'll Never Love Another,1,5,1
ill-never-love-another,I’ll Never Love Another,1,5,1
i-ll-never-love-nobody-but-you,I'll Never Love Nobody But You,1,0,0
i-ll-never-make-it-through-this-fall,I'll Never Make It Through This Fall,0,0,0
ill-never-make-you-blue,I’ll Never Make You Blue,1,3,1
ill-never-pass-this-way-again,I’ll Never Pass This Way Again,0,0,0
i-ll-never-regret-loving-you,I'll Never Regret Loving You,0,0,1
ill-never-see-your-face-again,I’ll Never See Your Face Again,1,0,0
i-ll-never-shed-another-tear,I'll Never Shed Another Tear,1,5,1
ill-never-shed-another-tear,I’ll Never Shed Another Tear,1,5,1
i-ll-never-stand-in-your-way,I'll Never Stand In Your Way,0,1,1
i-ll-never-stand-in-your-way-1,I'll Never Stand In Your Way,0,1,1
i-ll-never-stop-loving-you,I'll Never Stop Loving You,0,0,4
i-ll-never-take-you-back-again,I'll Never Take You Back Again,0,0,0
i-ll-not-be-a-stranger,I'll Not Be A Stranger,1,1,1
ill-not-be-a-stranger,I’ll Not Be a Stranger,0,1,1
i-ll-not-turn-back,I'll Not Turn Back,0,0,1
i-ll-pay-the-price,I'll Pay The Price,0,0,0
i-ll-pick-pretty-flowers,I'll Pick Pretty Flowers,0,0,0
i-ll-pick-up-my-heart-and-go-home,I'll Pick Up My Heart And Go Home,0,0,1
i-ll-pin-a-note-on-your-pillow,I'll Pin A Note On Your Pillow,0,0,0
ill-put-on-a-crown,I’ll Put On A Crown,0,3,0
i-ll-reap-my-harvest-in-heaven,I'll Reap My Harvest In Heaven,0,1,0
i-ll-remember-her-that-way,I'll Remember Her That Way,0,0,0
i-ll-remember-you,I'll Remember You,0,2,15
i-ll-remember-you-1,I'll Remember You,0,2,15
ill-remember-you-love-in-my-prayers,I’ll Remember You Love In My Prayers,1,8,1
i-ll-remember-you-love-in-my-prayers-lyrics-and-chords,I'll Remember You Love In My Prayers Lyrics and Chords,1,0,0
i-ll-repossess-my-heart,I'll Repossess My Heart,0,0,0
i-ll-ride-back-to-lonesome-valley,I'll Ride Back To Lonesome Valley,0,0,0
i-ll-sail-my-ship-alone,I'll Sail My Ship Alone,0,5,1
i-ll-say-it-s-my-fault,I'll Say It's My Fault,0,0,1
i-ll-see-him-through,I'll See Him Through,0,0,1
i-ll-see-you-in-my-dreams,I'll See You In My Dreams,1,2,4
i-ll-set-my-teardrops-to-music,I'll Set My Teardrops To Music,0,0,1
i-ll-shake-the-hand-of-the-lord,I'll Shake The Hand Of The Lord,0,0,0
i-ll-share-my-world-with-you,I'll Share My World With You,0,0,1
i-ll-sign-my-heart-away,I'll Sign My Heart Away,0,0,1
i-ll-sing-for-you,I'll Sing For You,0,1,1
i-ll-start-believing-in-you,I'll Start Believing In You,0,0,0
i-ll-stay-around,I'll Stay Around,1,14,2
ill-stay-around,I’ll Stay Around,1,14,2
i-ll-stay-around-1,I'll Stay Around,1,14,2
i-ll-step-aside,I'll Step Aside,0,0,1
i-ll-still-be-loving-you-this-much,I'll Still Be Loving You This Much,0,0,1
i-ll-still-be-lovin-you,I'll Still Be Lovin' You,0,0,1
i-ll-still-be-missing-you,I'll Still Be Missing You,0,0,1
i-ll-still-be-waiting-for-you,I'll Still Be Waiting For You,0,0,1
i-ll-still-love-you,I'll Still Love You,0,0,3
ill-still-write-your-name-in-the-sand,I’ll Still Write Your Name In The Sand,1,7,1
i-ll-sure-come-a-long-way-down,I'll Sure Come a Long Way Down,0,0,0
i-ll-take-a-back-seat-for-you,I'll Take A Back Seat For You,0,0,0
i-ll-take-a-chance-on-loving-you,I'll Take A Chance On Loving You,0,1,0
i-ll-take-a-chance-with-you,I'll Take A Chance With You,0,0,0
i-ll-take-any-chance-i-can-with-you,I'll Take Any Chance I Can With You,0,0,1
i-ll-take-care-of-you,I'll Take Care Of You,0,1,7
ill-take-care-of-you,I’ll Take Care Of You,0,1,7
i-ll-take-care-of-you-1,I'll Take Care Of You,0,1,7
i-ll-take-my-chances-with-you,I'll Take My Chances With You,0,0,1
i-ll-take-texas,I'll Take Texas,0,1,2
i-ll-take-the-blame,I'll Take The Blame,1,11,3
ill-take-the-blame,I’ll Take The Blame,1,11,3
i-ll-take-the-blame-1,I'll Take The Blame,1,11,3
i-ll-take-the-memories,I'll Take The Memories,0,0,1
ill-take-the-time,I’ll Take The Time,0,0,0
i-ll-take-today,I'll Take Today,0,0,1
i-ll-take-you-home-again-kathleen,I'll Take You Home Again Kathleen,0,0,2
i-ll-take-your-love-anytime,I'll Take Your Love Anytime,0,1,1
i-ll-tell-the-world-i-love-you,I'll Tell The World I Love You,0,0,1
i-ll-tell-the-world-that-i-love-you,I'll Tell the World That I Love You,0,0,0
i-ll-tennessee-you-in-my-dreams,I'll Tennessee You In My Dreams,0,0,0
i-ll-thank-you-all-my-life,I'll Thank You All My Life,0,0,0
i-ll-think-of-something,I'll Think Of Something,0,0,1
ill-trade-yours-for-mine,I’ll Trade Yours For Mine,0,0,0
i-ll-try,I'll Try,0,3,11
i-ll-try-1,I'll Try,0,3,11
i-ll-try-2,I'll Try,0,3,11
ill-try-a-little-harder,I’ll Try A Little Harder,0,0,0
ill-understand,I’ll Understand,0,0,3
i-ll-wake-you-up-when-i-get-home-lyrics-and-chords,I'll Wake You Up When I Get Home Lyrics and Chords,0,0,0
i-ll-walk-alone,I'll Walk Alone,0,0,1
i-ll-waltz-you-home,I'll Waltz You Home,0,0,0
i-ll-wander-back-to-you,I'll Wander Back To You,0,0,1
i-ll-warm-by-the-flame,I'll Warm By The Flame,0,0,0
i-long-for-the-hills,I Long For The Hills,0,1,0
i-look-at-you,I Look At You,0,0,0
i-lost-my-love-today,I Lost My Love Today,0,0,1
i-lost-the-only-love-i-ever-knew,I Lost The Only Love I Ever Knew,0,0,0
i-lost-you-after-all,I Lost You After All,0,0,0
i-love,I Love,0,1,12
i-love-an-old-fashioned-christmas,I Love An Old Fashioned Christmas,0,0,0
i-love-a-rodeo,I Love A Rodeo,0,0,1
i-love-charlie-brown,I Love Charlie Brown,0,0,0
i-loved-em-every-one,I Loved ‘Em Every One,0,0,0
i-loved-this-better-than-you-knew,I Loved This Better Than You Knew,1,0,0
i-loved-you-once,I Loved You Once,0,0,1
i-love-everything-about-you,I Love Everything About You,0,0,1
i-love-god-s-way-of-living,I Love God's Way Of Living,0,2,0
i-love-her-mind,I Love Her Mind,0,0,1
i-love-him-dearly,I Love Him Dearly,0,0,0
i-love-how-you-love-me,I Love How You Love Me,0,0,1
i-love-lucy-brown,I Love Lucy Brown,0,0,0
i-love-my-friend,I Love My Friend,0,0,1
i-love-no-one-but-you,I Love No One But You,0,4,2
i-love-no-one-but-you-1,I love No One But You,0,4,2
i-love-only-one-girl,I Love Only One Girl,0,0,1
i-love-robbin-banks,I Love Robbin' Banks,0,0,0
i-love-the-blues-and-the-boogie-woogie,I Love The Blues And The Boogie Woogie,0,0,0
i-love-the-hymns-they-sang-at-mother-s-grave,I Love the Hymns They Sang at Mother's Grave,0,0,0
i-love-the-sound-of-a-whistle,I Love The Sound Of A Whistle,0,0,1
i-love-the-way-that-you-ve-been-lovin-me,I Love The Way That You've Been Lovin' Me,0,0,0
i-love-the-way-you-say-goodnight,I Love The Way You Say Goodnight,0,0,1
i-love-thy-kingdom-lord,I Love Thy Kingdom Lord,0,0,0
i-love-to-do-what-i-love-to,I Love To Do What I Love To,0,0,0
i-love-to-sing,I Love To Sing,0,0,2
i-love-to-tell-the-story,I Love To Tell The Story,0,1,1
i-love-you-a-thousand-ways,I Love You a Thousand Ways,0,3,1
i-love-you-baby,I Love You Baby,0,0,13
i-love-you-because,I Love You Because,0,1,2
i-love-you-best-of-all,I Love You Best Of All,0,2,0
i-love-you-dear,I Love You Dear,0,0,0
i-love-you-enough-to-let-you-go,I Love You Enough To Let You Go,0,0,1
i-love-you-honey,I Love You Honey,0,0,3
i-love-you-i-love-you,I Love You I Love You,0,0,2
i-love-you-jesus,I Love You Jesus,0,0,0
i-love-you-more,I Love You More,0,1,9
i-love-you-more-in-memory,I Love You More In Memory,0,0,1
i-love-you-more-than-you-know,I Love You More Than You Know,0,0,0
i-love-you-more-today,I Love You More Today,0,0,1
i-love-you-mostly,I Love You Mostly,0,0,0
i-love-you-nellie,I Love You Nellie,0,0,0
i-love-you-so-much-it-hurts,I Love You So Much It Hurts,0,0,3
i-love-you-still,I Love You Still,0,1,2
i-love-you-that-s-all,I Love You That's All,0,0,0
i-love-you-truly,I Love You Truly,0,0,1
i-m-a-believer,I'm A Believer,0,2,8
i-m-a-believer-1,I'm A Believer,0,2,8
i-m-a-big-hurt-now,I'm A Big Hurt Now,0,0,0
i-m-a-born-believer,I'm A Born Believer,0,0,0
i-m-a-boy-left-alone,I'm A Boy Left Alone,0,0,0
i-made-a-fool-of-myself,I Made A Fool Of Myself,0,0,0
i-made-a-mistake-and-i-m-sorry,I Made A Mistake And I'm Sorry,0,0,0
i-made-her-bad,I Made Her Bad,0,0,0
i-made-her-that-way,I Made Her That Way,0,0,1
i-made-the-prison-band,I Made The Prison Band,0,0,1
i-made-you-a-woman,I Made You A Woman,0,0,0
i-m-a-ding-dong-daddy-from-dumas,I'm A Ding Dong Daddy From Dumas,0,0,0
i-m-a-fishing-man,I'm A Fishing Man,0,0,0
i-m-a-fool,I'm A Fool,0,0,5
im-a-fool,I’m A Fool,0,0,5
i-m-a-fool-1,I'm A Fool,0,0,5
i-m-a-fool-to-care,I'm a Fool to Care,0,0,2
i-m-afraid-i-lied,I'm Afraid I Lied,0,0,1
i-m-a-getting-ready-to-go,I'm A Getting Ready To Go,0,0,0
imagine-that,Imagine That,0,1,13
imagine-that-1,Imagine That,0,1,13
i-m-a-good-loser,I'm A Good Loser,0,0,0
i-m-a-hit-again,I'm A Hit Again,0,0,0
i-make-it-hard-to-lose,I Make It Hard To Lose,0,0,1
i-m-all-behind-you-now,I'm All Behind You Now,0,0,0
i-m-all-the-man,I'm All The Man,0,0,0
i-m-all-through-with-you,I'm All Through With You,0,0,1
i-m-all-wrapped-up-in-you,I'm All Wrapped Up In You,0,0,1
i-m-almost-ready,I'm Almost Ready,0,0,0
i-m-alone,I'm Alone,0,3,13
i-m-alone-because-i-love-you,I'm Alone Because I Love You,0,0,1
i-m-a-lonely-wanderer,I'm A Lonely Wanderer,0,0,0
i-m-a-lonesome-fugitive,I'm A Lonesome Fugitive,0,2,2
i-m-a-lone-wolf,I'm A Lone Wolf,0,0,0
i-m-a-long-gone-daddy,I'm a Long Gone Daddy,0,0,1
i-m-a-long-way-from-home,I'm A Long Way From Home,0,0,1
i-m-a-long-way-from-home-1,I'm A Long Way From Home,0,0,1
i-m-a-loser,I'm A Loser,0,2,5
i-m-alright,I'm Alright,0,0,23
im-always-on-a-mountain-when-i-fall,I’m Always On A Mountain When I Fall,0,2,1
im-a-man-of-constant-sorrow,I’m A Man Of Constant Sorrow,1,13,1
i-m-a-memory,I'm A Memory,0,1,1
i-m-an-old-cowhand,I'm an Old Cowhand,0,0,0
i-m-an-old-old-man,I'm An Old Old Man,0,0,1
i-m-a-nut,I'm A Nut,0,0,0
i-m-a-one-woman-man,I'm a One Woman Man,0,4,1
i-m-a-rattlesnakin-daddy,I'm A Rattlesnakin' Daddy,0,0,1
i-married-you-for-love,I Married You For Love,0,0,0
i-m-a-sad-lonely-man,I'm A Sad Lonely Man,0,0,0
i-m-as-free-as-the-breeze,I'm As Free As The Breeze,0,0,0
i-m-ashamed-of-you,I'm Ashamed Of You,0,0,1
i-m-a-stranger-here,I'm A Stranger Here,0,4,3
i-m-a-stranger-in-my-home,I'm A Stranger In My Home,0,0,0
i-m-atlanta-bound,I'm Atlanta Bound,0,0,1
i-m-a-traveling-man,I'm A Traveling Man,0,0,0
i-m-a-walking-advertisement-for-the-blues,I'm A Walking Advertisement For The Blues,0,0,0
i-may-be-used-but-baby-i-ain-t-used-up,I May Be Used (But Baby I Ain't Used Up),0,0,1
i-may-never-get-to-heaven,I May Never Get to Heaven,0,0,1
i-may-smoke-too-much,I May Smoke Too Much,0,0,1
i-m-barely-hanging-on-to-me,I'm Barely Hanging On To Me,0,0,0
i-m-beginning-to-believe,I'm Beginning To Believe,0,0,0
i-m-beginning-to-believe-my-own-lies,I'm Beginning To Believe My Own Lies,0,0,1
i-m-beginning-to-forget,I'm Beginning To Forget,0,0,2
i-m-beginning-to-forget-you,I'm Beginning to Forget You,0,0,2
i-m-beginning-to-know-about-me,I'm Beginning To Know About Me,0,0,0
i-m-beside-myself,I'm Beside Myself,1,4,0
i-m-better-off,I'm Better Off,0,1,0
im-better-off-now-that-youre-gone,I’m Better Off Now That You’re Gone,1,2,0
i-m-biting-my-fingernails-and-thinking-of-you,I'm Biting My Fingernails And Thinking Of You,0,0,0
i-m-blue,I'm Blue,0,15,5
im-blue-again,I’m Blue Again,0,0,1
i-m-blue-i-m-lonesome,I'm Blue I'm Lonesome,1,14,1
i-m-bound-for-the-kingdom,I'm Bound For The Kingdom,0,0,1
im-breaking-in-a-brand-new-broken-heart,I’m Breaking In A Brand New Broken Heart,0,0,0
i-m-busted,I'm Busted,0,0,0
i-m-called-lonely,I'm Called Lonely,0,0,0
im-casting-my-lasso-toward-the-sky,I’m Casting My Lasso Toward The Sky,0,0,0
i-m-changing-all-those-changes,I'm Changing All Those Changes,0,0,0
i-m-checking-out,I'm Checking Out,0,0,0
im-coming-back-but-i-dont-know-when,I’m Coming Back But I Don’t Know When,1,17,0
i-m-coming-back-home-to-stay,I'm Coming Back Home To Stay,0,0,1
i-m-coming-home,I'm Coming Home,0,14,32
i-m-coming-home-song-of-the-saddle,I'm Coming Home (Song Of The Saddle),0,0,0
i-m-comin-home-momma,I'm Comin' Home Momma,0,0,0
i-m-completely-satisfied-with-you,I'm Completely Satisfied With You,0,0,0
im-confessin-that-i-love-you,I’m Confessin’ (That I love you),0,0,3
i-m-counting-on-you,I'm Counting On You,0,0,3
i-m-counting-on-you-1,I'm Counting on you,0,0,3
i-m-crying-inside,I'm Crying Inside,0,0,0
i-m-day-dreamin-tonight,I'm Day Dreamin' Tonight,0,0,0
i-m-doing-this-for-you,I'm Doing This For You,0,1,2
i-m-doing-this-for-your-sake,I'm Doing This For Your Sake,0,1,1
i-m-down-to-my-last-cigarette,I'm Down To My Last Cigarette,0,0,1
i-m-down-to-my-last-i-love-you,I'm Down to My Last I Love You,0,0,0
i-m-dreaming-of-you,I'm Dreaming Of You,0,1,1
i-m-drinking-my-baby-off-my-mind,I'm Drinking My Baby Off My Mind,0,0,0
i-m-dyin-a-little-each-day,I'm Dyin' A Little Each Day,0,0,0
i-m-dying-for-someone-to-live-for,I'm Dying For Someone To Live For,0,0,0
i-m-dynamite,I'm Dynamite,0,0,2
i-meant-every-word-he-said,I Meant Every Word He Said,0,0,0
i-met-a-friend-of-yours-today,I Met A Friend Of Yours Today,0,1,1
i-met-a-friend-of-yours-today-1,I Met A Friend Of Yours Today,0,1,1
i-met-her-today,I Met Her Today,0,0,1
i-m-falling-for-you,I'm Falling For You,0,0,2
i-m-falling-in-love-tonight,I'm Falling In Love Tonight,0,0,1
im-falling-too,I’m Falling Too,0,0,0
i-m-fallin-in-love-with-you,I'm Fallin' In Love With You,0,0,0
i-m-fed-up-with-you,I'm Fed Up With You,0,1,1
i-m-feeling-sorry,I'm Feeling Sorry,0,0,1
i-m-finally-over-you,I'm Finally Over You,0,0,0
i-m-for-love,I'm For Love,0,0,0
i-m-forty-now,I'm Forty Now,0,0,1
i-m-free,I'm Free,0,5,27
i-m-free-at-last,I'm Free At Last,0,0,1
i-m-free-from-the-chain-gang-now,I'm Free From The Chain Gang Now,0,0,1
i-m-from-the-country,I'm From The Country,0,0,0
i-m-getting-better,I'm Getting Better,0,0,0
i-m-getting-good-at-missing-you,I'm Getting Good At Missing You,0,0,1
i-m-getting-gray-from-being-blue,I'm Getting Gray From Being Blue,0,0,0
i-m-getting-nowhere,I'm Getting Nowhere,0,0,0
i-m-getting-out-while-i-m-still-country,I'm Getting Out While I'm Still Country,0,0,0
i-m-gettin-lonely,I'm Gettin' Lonely,0,0,1
i-m-givin-up,I'm Givin' Up,0,0,0
i-m-glad-i-got-to-see-you,I'm Glad I Got To See You,0,0,0
i-m-glad-i-m-not-him,I'm Glad I'm Not Him,0,0,0
im-glad-im-on-the-inside-looking-out,I’m Glad I’m On The Inside Looking Out,0,0,0
i-m-glad-it-was-you,I'm Glad It Was You,0,0,1
i-m-glad-to-have-her-back-again,I'm Glad To Have Her Back Again,0,0,0
i-m-glad-you-re-better,I'm Glad You're Better,0,0,1
im-going-across-the-sea,I’m Going Across The Sea,1,0,0
i-m-going-back-to-old-kentucky,I'm Going Back To Old Kentucky,1,16,1
im-going-back-to-old-kentucky,I’m Going Back To Old Kentucky,1,16,1
im-going-back-to-the-old-home,I’m Going Back To The Old Home,1,2,0
i-m-going-home,I'm Going Home,0,7,33
i-m-going-home-1,I'm Going Home,0,7,33
i-m-going-home-it-s-christmas-time,I'm Going Home It's Christmas Time,0,1,0
i-m-going-on-with-everything-gone,I'm Going On With Everything Gone,0,0,1
i-m-going-that-way,I'm Going That Way,1,9,1
i-m-going-to-cross-that-river,I'm Going To Cross That River,0,0,0
i-m-going-to-leave-old-arkansas,I'm Going to Leave Old Arkansas,1,0,0
i-m-gonna-act-right,I'm Gonna Act Right,0,0,0
i-m-gonna-be-a-swinger,I'm Gonna Be A Swinger,0,0,0
i-m-gonna-be-a-wheel-someday,I'm Gonna Be A Wheel Someday,0,0,0
i-m-gonna-be-moving,I'm Gonna Be Moving,0,0,0
i-m-gonna-be-the-boss-from-now-on,I'm Gonna Be The Boss From Now On,0,0,0
i-m-gonna-be-warm-this-winter,I'm Gonna Be Warm This Winter,0,0,1
i-m-gonna-bid-my-blues-goodbye,I'm Gonna Bid My Blues Goodbye,0,0,2
i-m-gonna-break-your-heart,I'm Gonna Break Your Heart,0,0,0
i-m-gonna-change-everything,I'm Gonna Change Everything,0,0,1
i-m-gonna-fall-out-of-love-with-you,I'm Gonna Fall Out of Love With You,0,0,0
i-m-gonna-find-you,I'm Gonna Find You,0,0,1
i-m-gonna-fool-everybody,I'm Gonna Fool Everybody,0,0,1
im-gonna-get-my-picture-took,I’m Gonna Get My Picture Took,1,1,0
i-m-gonna-get-together-with-your-memory-tonight,I'm Gonna Get Together With Your Memory Tonight,0,0,0
i-m-gonna-hang-out-my-mind-today,I'm Gonna Hang Out My Mind Today,0,0,0
i-m-gonna-have-a-little-talk-with-jesus,I'm Gonna Have A Little Talk With Jesus,0,0,0
i-m-gonna-hire-a-wino-to-decorate-our-home,I'm Gonna Hire A Wino To Decorate Our Home,0,0,1
i-m-gonna-hurt-her-on-the-radio,I'm Gonna Hurt Her On The Radio,0,0,1
i-m-gonna-keep-on-loving-him,I'm Gonna Keep On Loving Him,0,0,1
i-m-gonna-keep-on-loving-you,I'm Gonna Keep On Loving You,0,0,2
i-m-gonna-knock-on-your-door,I'm Gonna Knock On Your Door,0,0,2
i-m-gonna-lasso-santa-claus,I'm Gonna Lasso Santa Claus,0,0,1
i-m-gonna-leave-you-tomorrow,I'm Gonna Leave You Tomorrow,0,0,1
i-m-gonna-listen-to-me,I'm Gonna Listen To Me,0,0,0
i-m-gonna-live-as-long-as-i-can,I'm Gonna Live (As Long As I Can),0,0,0
i-m-gonna-live-for-jesus,I'm Gonna Live For Jesus,0,0,0
i-m-gonna-live-it-up,I'm Gonna Live It Up,0,0,1
im-gonna-lock-my-heart,I’m Gonna Lock My Heart,0,0,0
i-m-gonna-love-her-on-the-radio,I'm Gonna Love Her On The Radio,0,0,0
i-m-gonna-love-you-back-to-loving-me-again,I'm Gonna Love You Back To Loving Me Again,0,0,0
im-gonna-love-you-like-theres-no-tomorrow,I’m Gonna Love You Like There’s No Tomorrow,0,3,0
im-gonna-love-you-one-more-time,I’m Gonna Love You One More Time,1,4,1
i-m-gonna-love-you-too,I'm Gonna Love You Too,0,0,1
i-m-gonna-make-it-after-all,I'm Gonna Make It After All,0,0,0
i-m-gonna-make-real-sure,I'm Gonna Make Real Sure,0,0,1
i-m-gonna-miss-her,I'm Gonna Miss Her,0,1,1
i-m-gonna-paint-me-a-bed-of-roses,I'm Gonna Paint Me A Bed Of Roses,0,0,0
i-m-gonna-put-my-love-in-the-want-ads,I'm Gonna Put My Love in the Want Ads,0,0,0
i-m-gonna-see-jesus,I'm Gonna See Jesus,0,0,0
i-m-gonna-see-my-baby-tonight-lyrics-and-chords,I'm Gonna See My Baby Tonight Lyrics and Chords,0,0,0
i-m-gonna-set-my-foot-down,I'm Gonna Set My Foot Down,0,0,1
i-m-gonna-sing,I'm Gonna Sing,0,9,1
i-m-gonna-sleep-with-one-eye-open,I'm Gonna Sleep With One Eye Open,1,12,2
im-gonna-sleep-with-one-eye-open,I’m Gonna Sleep With One Eye Open,1,12,2
i-m-gonna-stay-awake-tonight,I'm Gonna Stay Awake Tonight,0,0,0
i-m-gonna-tell-santa-clause-on-you,I'm Gonna Tell Santa Clause On You,0,0,0
i-m-gonna-tell-the-world,I'm Gonna Tell The World,0,0,0
im-gonna-tie-one-on-tonight,I’m Gonna Tie One On Tonight,0,0,0
i-m-gonna-walk-and-talk-with-my-lord,I'm Gonna Walk And Talk With My Lord,0,0,0
i-m-gonna-walk-out-of-your-life,I'm Gonna Walk Out Of Your Life,0,0,0
i-m-grateful,I'm Grateful,0,0,3
i-m-happy-just-to-dance-with-you,I'm Happy Just To Dance With You,0,0,1
i-m-happy-to-be-unhappy,I'm Happy To Be Unhappy,0,0,0
i-m-happy-with-you,I'm Happy With You,0,0,0
i-m-happy-you-re-hurtin,I'm Happy You're Hurtin',0,0,0
i-m-here-to-help,I'm Here To Help,0,0,0
i-m-hogtied-over-you,I'm Hogtied Over You,0,0,0
i-m-hurtin,I'm Hurtin',0,0,3
i-m-hurting-inside,I'm Hurting Inside,0,0,2
i-might-take-you-back-again,I Might Take You Back Again,0,4,1
i-m-in-love-again,I'm In Love Again,0,0,15
im-in-love-again,I’m In Love Again,0,0,15
i-m-in-love-all-over,I'm In Love All Over,0,0,1
i-m-in-love-up-to-my-ears,I'm In Love Up To My Ears,0,0,0
i-m-in-love-with-everything,I'm In Love With Everything,0,0,0
i-m-in-love-with-jesus,I'm In Love With Jesus,0,0,0
i-m-in-love-with-molly,I'm In Love With Molly,0,0,0
i-m-in-love-with-you,I'm in Love With You,0,4,19
i-m-in-love-with-you-1,I'm In Love With You,0,4,19
i-m-in-the-middle-of-a-heartache,I'm in the Middle of a Heartache,0,0,0
i-m-in-the-mood-for-love,I'm In The Mood For Love,0,1,4
i-m-in-this-town-for-good,I'm In This Town For Good,0,0,1
i-miss-a-lot-of-trains,I Miss A Lot Of Trains,0,0,1
i-missed-me,I Missed Me,0,0,1
i-miss-the-biggest-part-of-me,I Miss The Biggest Part Of Me,0,0,0
i-miss-who-i-was-with-you,I Miss Who I Was With You,0,2,1
i-miss-you-already,I Miss You Already,0,0,1
i-miss-you-most-in-the-winter-time,I Miss You Most In The Winter Time,0,0,0
i-miss-you-so,I Miss You So,0,0,4
i-misunderstood,I Misunderstood,0,0,1
imitation-of-love,Imitation Of Love,0,0,2
i-m-just-a-country-boy,I'm Just A Country Boy,0,1,1
im-just-a-ghost-in-this-house,I’m Just A Ghost In  This House,1,0,0
i-m-just-an-old-chunk-of-coal,I'm Just an Old Chunk of Coal,0,1,0
im-just-a-redneck-in-a-rock-and-roll-bar,I’m Just A Redneck In A Rock And Roll Bar,0,0,0
i-m-just-gone,I'm Just Gone,0,0,1
i-m-just-here-to-get-my-baby-out-of-jail,I'm Just Here to Get My Baby Out of Jail,1,10,2
i-m-just-me,I'm Just Me,0,0,3
i-m-just-someone-you-run-from,I'm Just Someone You Run From,0,0,0
i-m-kissing-your-picture-counting-tears,I'm Kissing Your Picture Counting Tears,0,0,0
i-m-knee-deep-in-love-with-you,I'm Knee Deep In Love With You,0,0,0
i-m-laying-it-on-the-line,I'm Laying It On The Line,0,0,0
im-laying-up-treasures,I’m Laying Up Treasures,0,0,0
i-m-learning-to-love-her,I'm Learning To Love Her,0,0,1
im-leaving-it-up-to-you,I’m Leaving It Up To You,0,0,0
i-m-left-cause-she-was-right,I'm Left Cause She Was Right,0,0,0
i-m-left-you-re-right-she-s-gone,I'm Left You're Right She's Gone,0,0,2
i-m-letting-you-go,I'm Letting You Go,0,0,1
i-m-letting-you-go-1,I'm Letting You Go,0,0,1
i-m-living-in-sunshine,I'm Living In Sunshine,0,0,0
i-m-living-in-two-worlds,I'm Living In Two Worlds,0,0,1
i-m-lonely-and-blue,I'm Lonely And Blue,0,0,0
i-m-lonesome-for-trouble-tonight,I'm Lonesome For Trouble Tonight,0,0,0
i-m-lonesome-too,I'm Lonesome Too,0,0,1
im-lonesome-without-you,I’m Lonesome Without You,1,4,2
i-m-long-gone,I'm Long Gone,0,0,0
i-m-longing-for-home,I'm Longing For Home,0,0,0
i-m-looking-for-blue-eyes,I'm Looking For Blue Eyes,0,0,1
i-m-looking-for-my-mind,I'm Looking For My Mind,0,0,1
i-m-looking-for-someone-to-love,I'm Looking For Someone To Love,0,0,0
i-m-looking-for-the-man,I'm Looking For The Man,0,0,1
i-m-looking-high-and-low-for-my-baby,I'm Looking High And Low For My Baby,0,0,0
i-m-looking-over-a-four-leaf-clover,I'm Looking Over A Four Leaf Clover,0,1,1
i-m-losing-you,I'm Losing You,0,0,5
i-m-losing-you-all-over-again,I'm Losing You All Over Again,1,0,0
im-losing-your-love,I’m Losing Your Love,0,1,1
i-m-lost-and-ill-never-find-the-way,I'm Lost And I’ll Never Find The Way,1,2,0
i-m-lost-between-right-and-wrong,I'm Lost Between Right And Wrong,0,0,0
i-m-making-love-to-a-stranger,I'm Making Love To A Stranger,0,0,0
i-m-missing-you,I'm Missing You,0,1,8
i-m-moving-along,I'm Moving Along,0,0,1
i-m-moving-on,I'm Moving On,0,2,5
i-m-movin-in,I'm Movin' In,0,0,0
i-m-movin-on-to-glory,I'm Movin' On To Glory,0,0,0
i-m-mr-blue,I'm Mr. Blue,0,0,0
i-m-my-own-grandpa,I'm My Own Grandpa,0,4,1
i-m-never-gonna-be-the-same,I'm Never Gonna Be The Same,0,0,1
i-m-never-gonna-let-you-go,I'm Never Gonna Let You Go,0,1,1
i-m-no-angel,I'm No Angel,0,0,5
i-m-nobody-s-baby,I'm Nobody's Baby,0,0,1
im-nobodys-child,I’m Nobody’s Child,0,0,0
i-m-no-good-at-goodbyes,I'm No Good At Goodbyes,0,0,0
i-m-no-longer-in-your-heart,I'm No Longer In Your Heart,0,0,1
i-m-no-stranger-to-the-rain,I'm No Stranger To The Rain,1,0,1
i-m-not-a-candle-in-the-wind,I'm Not A Candle In The Wind,0,1,1
i-m-not-afraid,I'm Not Afraid,0,1,18
i-m-not-as-strong-as-i-used-to-be,I'm Not As Strong As I Used To Be,0,0,0
i-m-not-blaming-you,I'm Not Blaming You,0,0,1
i-m-not-coming-home-anymore,I'm Not Coming Home Anymore,0,0,0
i-m-not-crazy-yet,I'm not Crazy Yet,0,0,0
i-m-not-easy-to-forget,I'm Not Easy To Forget,0,0,0
i-m-not-going-hungry-anymore-lyrics-and-chords,I'm Not Going Hungry Anymore Lyrics and Chords,0,0,0
i-m-not-gonna-cry-for-you,I'm Not Gonna Cry For You,0,0,0
i-m-not-gonna-dress-up,I'm Not Gonna Dress Up,0,0,0
i-m-not-guilty,I'm Not Guilty,0,0,1
i-m-nothing-to-you,I'm Nothing To You,0,0,1
i-m-not-in-her-plans-anymore,I'm Not In Her Plans Anymore,0,0,0
i-m-not-leaving-i-m-just-getting-out-of-your-way,I'm Not Leaving (I'm Just Getting Out of Your Way),0,0,0
i-m-not-lisa,I'm Not Lisa,0,1,1
i-m-not-living-with-your-memory-anymore,I'm Not Living With Your Memory Anymore,0,0,0
i-m-not-looking-back-anymore,I'm Not Looking Back Anymore,0,0,0
i-m-not-mad-just-hurt,I'm Not Mad Just Hurt,0,0,0
i-m-not-me-without-you-anymore,I'm Not Me Without You Anymore,0,0,0
i-m-not-mine-to-give,I'm Not Mine To Give,0,0,1
im-not-over-you,I’m Not Over You,0,1,2
i-m-not-quite-through-crying,I'm Not Quite Through Crying,0,0,0
i-m-not-ready-yet,I'm Not Ready Yet,0,0,2
i-m-not-ready-yet-1,I'm Not Ready Yet,0,0,2
i-m-not-strong-enough,I'm Not Strong Enough,0,0,2
i-m-not-that-good-at-goodbye,I'm Not That Good At Goodbye,0,3,1
im-not-that-lonely-yet,I’m Not That Lonely Yet,0,1,1
i-m-not-that-way-anymore,I'm Not That Way Anymore,0,0,0
i-m-not-the-boy-i-used-to-be,I'm Not The Boy I Used To Be,0,1,1
i-m-not-the-man-i-m-supposed-to-be,I'm Not The Man I'm Supposed To Be,0,0,0
i-m-not-the-man-i-used-to-be,I'm Not The Man I Used To Be,0,0,1
i-m-not-the-marrying-kind,I'm Not The Marrying Kind,0,0,3
i-m-not-the-one,I'm Not The One,0,0,15
i-m-not-there-yet,I'm Not There Yet,0,1,1
im-not-through-loving-you-yet,I’m Not Through Loving You Yet,0,0,2
i-m-not-trying-to-forget,I'm Not Trying To Forget,0,0,0
i-m-not-up-to-feelin-down-tonight,I'm Not Up to Feelin' Down Tonight,0,0,0
i-m-not-worth-the-tears,I'm Not Worth The Tears,0,1,1
i-m-only-a-woman,I'm Only A Woman,0,0,1
i-m-only-going-crazy,I'm Only Going Crazy,0,0,1
im-only-human,I’m Only Human,1,1,4
i-m-only-in-it-for-the-love,I'm Only In It For The Love,0,0,1
i-m-only-losin-everything-i-threw-away,I'm Only Losin' Everything I Threw Away,0,0,1
i-m-on-my-way,I'm On My Way,0,5,22
i-m-on-my-way-back-to-the-old-home,I'm On My Way Back To The Old Home,1,12,1
im-on-my-way-back-to-the-old-home,I’m On My Way Back To The Old Home,1,12,1
i-m-on-my-way-home,I'm On My Way Home,0,0,1
im-on-my-way-somewhere,I’m On My Way Somewhere,1,1,0
i-m-over-you,I'm Over You,0,2,9
i-m-over-you-1,I'm Over You,0,2,9
i-m-playing-for-you,I'm Playing For You,0,0,0
impossible-mile,Impossible Mile,0,0,1
i-m-ragged-but-i-m-right,I'm Ragged But I'm Right,0,1,0
i-m-ready,I'm Ready,0,8,51
i-m-ready-1,I'm Ready,0,8,51
i-m-ready-for-the-times-to-get-better,I'm Ready For The Times To Get Better,0,0,0
i-m-ready-if-you-re-willing,I'm Ready If You're Willing,0,1,1
i-m-ready-to-go-home,I'm Ready To Go Home,0,3,1
i-m-remembering,I'm Remembering,0,0,1
im-rolling-on,I’m Rolling On,0,0,1
i-m-running-out-of-love,I'm Running Out Of Love,0,1,1
i-m-satisfied-with-you,I'm Satisfied With You,0,2,2
i-m-saving-my-tears-for-tomorrow,I'm Saving My Tears For Tomorrow,0,0,0
i-m-sending-you-red-roses,I'm Sending You Red Roses,0,0,0
i-m-set-free,I'm Set Free,0,0,2
i-m-setting-you-free,I'm Setting You Free,0,0,1
i-m-sleepin-in-my-leggins-tonight,I'm Sleepin’ In My Leggin’s Tonight,0,0,0
i-m-slowly-going-out-of-your-mind,I'm Slowly Going Out Of Your Mind,0,0,0
i-m-so-afraid-of-losing-you-again,I'm So Afraid of Losing You Again,0,0,0
im-so-glad,I’m So Glad,0,1,11
i-m-so-in-love-with-you,I'm So In Love With You,0,0,6
im-so-in-love-with-you,I’m So In Love With You,0,0,6
i-m-so-lonesome-i-could-cry,I'm So Lonesome I Could Cry,1,16,1
im-so-lonesome-i-could-cry,I’m So Lonesome I Could Cry,1,16,1
i-m-so-miserable-without-you,I'm So Miserable Without You,0,0,0
i-m-sorry,I'm Sorry,0,3,82
i-m-sorry-for-you-my-friend,I'm Sorry For You My Friend,0,0,1
im-sorry-if-my-love-got-in-your-way,I’m Sorry If My Love Got In Your Way,0,0,0
i-m-sorry-i-made-you-cry,I'm Sorry I Made You Cry,0,0,2
i-m-sorry-i-m-not-sorry,I'm Sorry I'm Not Sorry,0,0,1
i-m-sorry-we-met,I'm Sorry We Met,0,0,1
i-m-sorry-we-said-goodbye,I'm Sorry We Said Goodbye,0,0,1
i-m-so-tired-of-going-home-all-by-myself,I'm So Tired Of Going Home All By Myself,0,0,0
i-m-so-tired-of-it-all,I'm So Tired Of It All,0,0,1
i-m-so-used-to-loving-you,I'm So Used To Loving You,0,0,1
i-m-spending-christmas-with-you,I'm Spending Christmas With You,0,0,0
i-m-standing-at-the-end-of-my-world,I'm Standing At The End Of My World,0,0,0
i-m-standing-on-the-outside-looking-in,I'm Standing On The Outside Looking In,0,0,0
im-starting-over,I’m Starting Over,0,0,0
i-m-stepping-out-tonight,I'm Stepping Out Tonight,0,1,1
i-m-still-a-fool-for-you,I'm Still A Fool For You,0,0,0
i-m-still-crazy,I'm Still Crazy,0,0,2
i-m-still-dreamin,I'm Still Dreamin',0,0,0
i-m-still-here-you-re-still-gone,I'm Still Here You're Still Gone,0,0,0
im-still-in-love-you,I’m Still In Love You,1,0,0
i-m-still-looking-for-you,I'm Still Looking For You,0,0,2
i-m-still-not-over-you,I'm Still Not Over You,0,1,2
i-m-still-not-over-you-1,I'm Still Not Over You,0,1,2
i-m-stoned,I'm Stoned,0,0,1
i-m-suffering-from-a-heartache,I'm Suffering From A Heartache,0,0,0
im-talking-bout-you,I’m Talking Bout You,0,0,0
i-m-telling-me-a-lie,I'm Telling Me A Lie,0,0,0
i-m-that-kind-of-girl,I'm That Kind Of Girl,0,1,1
im-the-boss-of-this-here-house,I’m The Boss Of This Here House,1,3,0
i-m-the-boy,I'm The Boy,0,0,1
im-the-last-one-you-remember,I’m The Last One You Remember,0,0,0
i-m-the-one,I'm The One,0,2,31
i-m-the-one-you-can-turn-to,I'm The One You Can Turn To,0,0,0
i-m-the-only-sane-man-left-alive,I'm The Only Sane Man Left Alive,0,0,1
i-m-the-only-thing-i-ll-hold-against-you,I'm The Only Thing I'll Hold Against You,0,0,0
i-m-the-queen-of-my-lonely-little-world,I'm The Queen Of My Lonely Little World,0,0,1
i-m-the-wreck-of-number-two,I'm The Wreck Of Number Two,0,0,0
im-thinking-about-you,I’m Thinking About You,1,0,0
i-m-thinking-tonight-of-my-blue-eyes,I'm Thinking Tonight Of My Blue Eyes,1,10,1
im-thinking-tonight-of-my-blue-eyes,I’m Thinking Tonight Of My Blue Eyes,1,10,1
i-m-throwing-rice,I'm Throwing Rice,0,0,0
i-m-thru-wastin-time-on-you,I'm Thru Wastin' Time On You,0,0,1
i-m-tied-around-your-finger,I'm Tied Around Your Finger,0,0,0
i-m-tired,I'm Tired,0,1,10
i-m-tired-of-being-something,I'm Tired Of Being Something,0,0,0
i-m-tired-of-being-something-that-means-nothing-to-you,I'm Tired Of Being Something That Means Nothing To You,0,1,0
i-m-tired-of-bumming-around,I'm Tired Of Bumming Around,0,0,0
i-m-tired-of-living-this-lie,I'm Tired Of Living This Lie,0,0,0
i-m-tired-of-pretending,I'm Tired of Pretending,0,0,0
i-m-tired-of-your-understanding-ways,I'm Tired of Your Understanding Ways,0,0,0
i-m-to-blame,I'm To Blame,0,0,7
i-m-too-good-to-be-better-than-nothing-again,I'm Too Good To Be Better Than Nothing Again,0,0,0
i-m-too-lonely-to-smile,I'm too Lonely to Smile,0,0,0
im-too-old-to-stand-a-broken-heart,I’m too Old to Stand a Broken Heart,1,0,0
i-m-trimming-my-christmas-tree-with-teardrops,I'm Trimming My Christmas Tree With Teardrops,0,0,0
i-m-troubled,I'm Troubled,1,9,0
im-troubled-im-troubled,I’m Troubled I’m Troubled,1,6,1
i-m-turning-you-loose,I'm Turning You Loose,0,0,1
im-using-my-bible-for-a-road-map,I’m Using My Bible For A Road Map,1,9,1
im-using-my-bible-for-a-roadmap,I'm Using My Bible for a Roadmap,1,11,0
i-must-be-doin-something-right,I Must Be Doin' Something Right,0,0,0
i-must-be-getting-over-you,I Must Be Getting Over You,0,0,1
i-must-be-out-of-your-mind,I Must Be Out Of Your Mind,0,0,0
i-must-forget-you,I Must Forget You,0,0,2
i-must-have-been-blind-lyrics-chords,I Must Have Been Blind Lyrics Chords,0,0,0
i-must-have-done-something-bad,I Must Have Done Something Bad,0,0,1
i-must-tell-jesus,I Must Tell Jesus,0,1,1
im-waiting-at-the-gate,I’m Waiting At The Gate,1,0,0
im-waiting-for-you,I’m Waiting For You,1,0,2
i-m-waiting-just-for-you-1,I'm Waiting Just For You,0,0,0
im-waiting-to-hear-you-call-me-darling,I’m Waiting To Hear You Call Me Darling,1,14,0
i-m-walking,I'm Walking,0,6,0
i-m-walking-behind-you,I'm Walking Behind You,0,0,1
i-m-walking-slow-and-thinking-about-her,I'm Walking Slow (And Thinking About Her),0,0,0
im-walking-the-dog,I’m Walking The Dog,0,5,1
i-m-waltzing-with-tears-in-my-eyes,I'm Waltzing With Tears In My Eyes,0,0,0
i-m-wanting-to,I'm Wanting To,0,0,1
im-wasting-good-paper,I’m Wasting Good Paper,0,0,1
i-m-wastin-my-tears-on-you,I'm Wastin' My Tears On You,0,0,1
i-m-watching-my-watch,I'm Watching My Watch,0,0,1
i-m-watching-the-stars,I'm Watching The Stars,0,0,0
i-m-wearing-my-heart-away-for-you,I'm Wearing My Heart Away For You,0,0,0
i-m-with-a-crowd-but-so-alone,I'm With A Crowd But So Alone,0,0,1
i-m-working-on-a-building,I'm Working on a Building,1,8,0
im-working-on-a-building,I’m Working On A Building,1,8,0
i-m-working-on-a-road,I'm Working On A Road,1,5,1
i-m-your-country-girl,I'm Your Country Girl,0,0,1
i-m-your-man,I'm Your Man,0,0,19
i-m-your-private-santa-claus,I'm Your Private Santa Claus,0,0,1
i-m-your-puppet,I'm Your Puppet,0,0,1
i-m-yours,I'm Yours,0,1,30
i-m-yours-lord,I'm Yours Lord,0,0,0
i-m-your-woman,I'm Your Woman,0,0,4
in-a-different-light,In A Different Light,0,0,2
in-a-gospel-way,In A Gospel Way,0,0,1
in-a-heart-like-mine,In A Heart Like Mine,0,0,0
in-a-hundred-years-or-more,In A Hundred Years Or More,0,0,0
in-a-jetway-in-dallas,In A Jetway In Dallas,0,0,0
in-a-letter,In A Letter,0,0,0
in-a-little-village-churchyard,In A Little Village Churchyard,1,2,0
in-a-mansion-stands-my-love,In A Mansion Stands My Love,0,1,1
in-a-mississippi-cotton-picking-delta-town,In A Mississippi Cotton Picking Delta Town,0,0,0
in-a-moment-of-weakness,In A Moment Of Weakness,0,0,1
in-and-out-of-every-heart-in-town,In And Out Of Every Heart In Town,0,0,0
i-narrowed-this-triangle-down-to-two,I Narrowed This Triangle Down To Two,0,0,0
in-a-shanty-in-old-shanty-town,In A Shanty in Old Shanty Town,0,0,1
in-case-you-ever-change-your-mind,In Case You Ever Change Your Mind,1,2,1
in-christ-alone,In Christ Alone,0,2,2
in-crowd,In Crowd,0,1,3
in-daddy-s-footsteps,In Daddy's Footsteps,0,0,0
indelibly-blue,Indelibly Blue,0,0,1
in-del-rio,In Del Rio,0,0,0
independence-day,Independence Day,0,1,18
in-despair,In Despair,1,11,4
indiana-waltz,Indiana Waltz,0,0,1
indian-cotton-jig,Indian Cotton Jig,0,0,0
indian-lake,Indian Lake,0,0,2
indian-love-call,Indian Love Call,0,2,2
indian-squaw,Indian Squaw,0,3,0
indian-wedding,Indian Wedding,0,0,1
in-dreams,In Dreams,0,2,25
in-each-love-some-pain-must-fall,In Each Love Some Pain Must Fall,1,1,0
i-need-a-thing-called-love,I Need A Thing Called Love,0,0,1
i-needed-you,I Needed You,1,17,1
i-need-it-now,I Need It Now,0,0,0
i-need-jesus,I Need Jesus,0,3,1
i-need-more-of-you,I Need More Of You,0,0,1
i-need-somebody-bad,I Need Somebody Bad,0,1,1
i-need-somebody-to-love-me,I Need Somebody To Love Me,0,0,0
i-need-some-good-news-bad,I Need Some Good News Bad,0,0,1
i-need-someone-like-me,I Need Someone Like Me,0,0,1
i-need-thee-every-hour,I Need Thee Every Hour,0,2,2
i-need-the-prayers,I Need The Prayers,0,2,0
i-need-to-know-now,I Need To Know Now,0,0,0
i-need-to-talk-to-you,I Need To Talk To You,0,0,0
i-need-you,I Need You,0,4,109
i-need-you-1,I Need You,0,4,109
i-need-you-like-a-hole-in-my-head,I Need You Like A Hole In My Head,0,0,0
i-need-you-now,I Need You Now,0,0,8
i-need-your-love-tonight,I need your love Tonight,0,0,2
i-need-you-so,I Need You So,0,0,3
i-need-you-strong-for-me,I Need You Strong for Me,0,0,0
i-never-could-love-a-girl-like-that,I never could Love a Girl like that,0,0,0
i-never-did-know,I Never Did Know,0,0,0
i-never-go-around-mirrors,I Never Go Around Mirrors,0,0,1
i-never-got-over-you,I Never Got Over You,0,0,2
i-never-had-it-so-good,I Never Had It So Good,0,0,1
i-never-had-it-so-good-1,I Never Had It So Good,0,0,1
i-never-had-the-one-that-i-wanted,I Never Had The One That I Wanted,0,0,1
i-never-knew,I Never Knew,0,7,20
i-never-knew-love,I Never Knew Love,0,0,2
i-never-knew-love-until-i-met-you,I Never Knew Love (Until I Met You),0,0,0
i-never-knew-what-that-song-meant-before,I Never Knew What That Song Meant Before,0,0,0
i-never-know,I Never Know,0,1,1
i-never-let-you-cross-my-mind,I Never Let You Cross My Mind,0,0,1
i-never-loved-but-one,I Never Loved But One,0,0,1
i-never-miss-a-day-missing-you,I Never Miss A Day Missing You,0,0,0
i-never-once-stopped-loving-you,I Never Once Stopped Loving You,0,1,1
i-never-pass-there-anymore,I Never Pass There Anymore,0,0,1
i-never-picked-cotton,I Never Picked Cotton,0,0,1
i-never-really-knew-you,I Never Really Knew You,0,1,1
i-never-really-missed-you-till-you-were-gone,I Never Really Missed You (Till You Were Gone),0,0,0
i-never-see-maggie-alone-lyrics-chords,I Never See Maggie Alone Lyrics Chords,0,0,0
i-never-shall-forget-the-day,I Never Shall Forget The Day,0,0,0
i-never-spend-a-christmas-that-i-don-t-think-of-you,I Never Spend A Christmas That I Don't Think Of You,0,0,0
i-never-went-to-bed-with-an-ugly-woman,I Never Went To Bed With An Ugly Woman,0,0,0
i-never-will-marry,I Never Will Marry,1,8,2
infamous-angel,Infamous Angel,0,0,1
infinity,Infinity,0,0,115
in-foggy-old-london,In Foggy Old London,0,2,0
in-god-i-trust,In God I Trust,0,0,3
in-god-s-eyes,In God's Eyes,0,2,1
in-god-we-still-trust,In God We Still Trust,0,0,0
in-his-arms-i-m-not-afraid,In His Arms I'm Not Afraid,1,6,1
in-his-world,In His World,0,0,0
inisheer,Inisheer,1,0,1
in-its-own-little-way,In Its Own Little Way,0,0,1
in-jesus-name-i-pray,In Jesus Name I Pray,0,0,1
in-love,In Love,0,0,35
in-love-all-alone,In Love All Alone,0,0,0
in-loving-memories,In Loving Memories,0,0,0
in-memory-of-louisa,In Memory Of Louisa,0,0,0
in-my-dear-old-southern-home,In My Dear Old Southern Home,0,5,0
in-my-dreams,In My Dreams,0,2,70
in-my-dreams-1,In My Dreams,0,2,70
in-my-dreams-you-still-belong-to-me,In My Dreams You Still Belong To Me,0,0,1
in-my-eyes,In My Eyes,0,14,19
in-my-father-s-house,In My Father's House,0,2,2
in-my-home-in-shelby-county,In My Home In Shelby County,0,0,0
in-my-next-life,In My Next Life,0,0,1
in-my-own-backyard,In My Own Backyard,0,2,0
in-my-robe-of-white,In My Robe Of White,0,1,1
in-my-way,In My Way,0,2,2
in-my-world-you-don-t-belong,In My World You Don't Belong,0,0,0
innocent-lies,Innocent Lies,0,0,0
innocent-road,Innocent Road,0,0,0
in-no-time-at-all,In No Time at All,0,0,3
in-old-arkansas,In Old Arkansas,1,0,0
in-person,In Person,0,0,2
in-pictures,In Pictures,0,0,1
in-santa-s-bag,In Santa's Bag,0,0,0
inside,Inside,0,1,132
inside-of-my-guitar,Inside of my Guitar,0,0,1
inside-the-gate,Inside The Gate,0,1,0
in-some-room-above-the-street,In Some Room Above The Street,0,0,1
in-spite-of-ourselves,In Spite of Ourselves,1,0,1
instant-loneliness,Instant Loneliness,0,0,1
in-tall-buildings,In Tall Buildings,1,4,1
in-the-ashes-of-an-old-love-affair,In The Ashes Of An Old Love Affair,0,0,1
in-the-back-of-your-mind,In The Back Of Your Mind,0,0,1
in-the-back-room-tonight,In The Back Room Tonight,0,0,0
in-the-baggage-coach-ahead,In The Baggage Coach Ahead,0,1,0
in-the-beginning,In The Beginning,0,0,67
in-the-bleak-midwinter,In the Bleak Midwinter,1,8,23
in-the-blue-canadian-rockies,In The Blue Canadian Rockies,0,0,0
in-the-chapel-in-the-moonlight,In The Chapel In The Moonlight,0,0,1
in-the-dallas-morning-news,In The Dallas Morning News,0,0,0
in-the-early-morning-rain,In The Early Morning Rain,0,0,0
in-the-family,In The Family,0,1,3
in-the-garden,In the Garden,1,30,36
in-the-garden-by-the-fountain,In The Garden By The Fountain,0,2,0
in-the-ghetto,In The Ghetto,0,1,7
in-the-ghetto-1,In The Ghetto,0,1,7
in-the-good-old-summertime,In The Good Old Summertime,0,0,1
in-the-gravel-yard,In the Gravel Yard,1,1,1
in-the-highways,In the Highways,1,0,1
in-the-hills-of-shiloh,In The Hills Of Shiloh,0,0,0
in-the-hills-of-tomorrow,In The Hills Of Tomorrow,0,0,0
in-the-house-of-the-lord,In The House Of The Lord,0,0,0
in-the-jailhouse-now,In The Jailhouse Now,1,6,1
in-the-middle-of-a-memory,In The Middle Of A Memory,0,0,0
in-the-middle-of-a-teardrop,In The Middle Of A Teardrop,0,0,1
in-the-middle-of-losing-you,In The Middle Of Losing You,0,0,0
in-the-middle-of-nowhere,In The Middle Of Nowhere,0,3,7
in-the-middle-of-the-night,In The Middle Of The Night,0,1,16
in-the-misty-moonlight,In The Misty Moonlight,0,0,1
in-the-mornin,In The Mornin',0,2,3
in-the-name-of-love,In The Name Of Love,0,9,30
in-the-news,In The News,0,0,2
in-the-palm-of-your-hand,In The Palm Of Your Hand,0,4,3
in-the-park-after-dark,In The Park After Dark,0,0,0
in-the-pines,In The Pines,1,54,10
in-the-pines-1,In The Pines,1,54,10
in-the-real-world,In The Real World,0,1,3
in-the-room-over-mine,In The Room Over Mine,1,0,0
in-the-shadow-of-clinch-mountain,In The Shadow Of Clinch Mountain,1,0,0
in-the-shadow-of-the-pines,In The Shadow Of The Pines,1,0,1
in-the-shadows-again,In The Shadows Again,0,0,0
in-the-shadows-of-my-mind,In The Shadows of My Mind,0,0,0
in-the-shadows-of-the-wine,In The Shadows Of The Wine,0,0,1
in-the-spring-the-roses-always-turn-red,In The Spring The Roses Always Turn Red,0,0,0
in-the-summertime,In The Summertime,0,3,4
in-the-sweet-by-and-by,In the Sweet By and By,1,8,0
in-the-time-that-you-gave-me,In The Time That You Gave Me,0,1,0
in-the-valley,In The Valley,0,32,9
in-the-valley-he-restoreth-my-soul,In The Valley He Restoreth My Soul,0,1,0
in-the-valley-of-the-moon,In The Valley Of The Moon,0,0,1
in-the-valley-of-the-shenandoah,In The Valley Of The Shenandoah,1,0,0
in-the-vine,In The Vine,0,0,0
in-time,In Time,0,0,44
in-time-on-time-every-time,In Time On Time Every Time,0,0,0
into-my-arms-again,Into My Arms Again,0,0,1
in-too-deep,In Too Deep,0,1,32
invisible-hands-me,Invisible Hands Me,0,0,0
invisible-tears,Invisible Tears,0,0,2
invitation-to-the-blues,Invitation to the Blues,0,1,3
invitation-to-your-party,Invitation To Your Party,0,0,2
in-your-arms-of-love,In Your Arms Of Love,0,0,0
in-your-eyes,In Your Eyes,0,7,90
in-your-loneliness,In Your Loneliness,0,1,0
i-o-blues,I.O. Blues,0,0,0
i-only-exist,I Only Exist,1,5,1
i-only-make-you-happy-when-i-cry,I Only Make You Happy When I Cry,0,0,0
i-only-miss-you-on-weak-days,I Only Miss You On Weak Days,0,0,1
i-only-see-you,I Only See You,0,0,0
i-only-want-you-for-christmas,I Only Want You For Christmas,0,1,1
i-only-wish,I Only Wish,0,0,0
i-order-one-for-me,I Order One For Me,0,0,0
i-o-u,I.O.U.,0,0,11
i-oughta-let-go,I Oughta Let Go,0,0,1
i-overlooked-an-orchid,I Overlooked An Orchid,0,0,1
i-owe-it-all-to-jesus,I Owe It All To Jesus,0,0,0
i-owe-it-to-my-heart,I Owe It To My Heart,0,0,0
i-owe-the-world-to-you,I Owe The World To You,0,0,0
i-passed-by-your-window,I Passed By Your Window,0,0,0
i-pawned-my-past-today,I Pawned My Past Today,0,0,0
i-pay-with-every-breath,I Pay With Every Breath,0,0,0
i-praise-the-lord,I Praise The Lord,0,0,0
i-prayed-for-an-angel,I Prayed for an Angel,0,0,0
i-pray-my-way-out-of-trouble,I Pray My Way Out Of Trouble,0,3,1
i-pray-my-way-out-of-trouble-1,I Pray My Way Out Of Trouble,0,3,1
i-promised-you-the-world,I Promised You The World,0,0,2
i-promise-you,I Promise You,0,0,14
i-put-the-blue-in-her-eyes,I Put the Blue in Her Eyes,0,0,0
i-quit,I Quit,0,1,6
i-ran-out-of-time,I Ran Out Of Time,0,0,0
i-reached-for-the-wine,I Reached For The Wine,0,0,0
i-really-did,I Really Did,0,0,0
i-really-don-t-want-to-know,I Really Don't Want to Know,0,1,2
i-really-got-the-feeling,I Really Got The Feeling,0,1,1
i-really-want-to-know,I Really Want To Know,0,0,0
i-recall-a-gypsy-woman,I Recall A Gypsy Woman,0,1,1
i-remember-you-lyrics-chords,I Remember You Lyrics Chords,0,0,0
i-rise-i-fall,I Rise I Fall,0,0,1
irish-american-reel,Irish-American Reel,0,0,0
irish-american-reel-1-the,Irish-American Reel (1) (The),0,0,0
irishman-s-fancy,Irishman's Fancy,0,0,0
irish-reel,Irish Reel,0,0,1
irma-jackson,Irma Jackson,0,0,1
iron-curtain,Iron Curtain,0,1,3
i-run-for-my-life,I Run For My Life,0,0,1
i-run-to-you,I Run To You,0,2,2
i-sacrificed-more-than-you-ll-ever-lose,I Sacrificed More Than You'll Ever Lose,0,0,1
i-said-all-that-to-say-all-this,I Said All That To Say All This,0,0,0
i-sang-dixie,I Sang Dixie,0,1,1
is-anything-too-hard-for-god,Is Anything Too Hard For God,0,0,0
i-sat-back-and-let-it-happen,I Sat Back And Let It Happen,0,0,1
i-saved-your-place,I Saved Your Place,0,0,0
i-saw-a-man,I Saw A Man,0,0,1
i-saw-a-man-at-the-close-of-day,I Saw a Man at the Close of Day,0,4,0
i-saw-god,I Saw God,0,0,1
i-saw-god-today,I Saw God Today,0,0,1
i-saw-him-walk-out-of-the-sky,I Saw Him Walk Out Of The Sky,0,0,0
i-saw-mommy-kissing-santa-claus,I Saw Mommy Kissing Santa Claus,0,2,1
i-saw-my-castles-fall-today,I Saw My Castles Fall Today,0,0,0
i-saw-the-light,I Saw The Light,1,26,10
i-saw-the-master-this-morning,I Saw The Master This Morning,0,2,0
i-saw-the-time,I Saw The Time,0,0,2
i-saw-you-face-in-the-moon,I Saw You Face in the Moon,1,0,0
i-saw-you-today,I Saw You Today,0,0,1
i-see-a-bridge,I See A Bridge,0,1,1
i-see-an-angel-everyday,I See An Angel Everyday,0,0,0
i-see-heaven-in-you,I See Heaven In You,0,0,0
i-see-it-now,I See It Now,0,0,2
i-see-jesus,I See Jesus,0,1,0
i-see-jesus-1,I See Jesus,0,1,0
i-see-the-want-to-in-your-eyes,I See The Want To In Your Eyes,0,0,0
is-forever-longer-than-always,Is Forever Longer Than Always,0,1,0
is-goodbye-that-easy-to-say,Is Goodbye That Easy To Say,0,0,1
is-goodbye-that-easy-to-say-1,Is Goodbye That Easy To Say,0,0,1
i-shall-be-at-home-with-jesus,I Shall Be At Home With Jesus,1,0,0
i-shall-be-released,I Shall Be Released,1,6,4
i-shall-not-be-moved,I Shall Not Be Moved,1,9,5
is-her-love-any-better-than-mine,Is Her Love Any Better Than Mine,0,0,0
i-should-be-with-you,I Should Be With You,0,0,1
i-should-have-known-you-lord,I Should Have Known You Lord,0,0,0
i-should-have-watched-that-first-step,I Should Have Watched That First Step,0,0,1
i-should-start-running,I Should Start Running,0,0,1
i-shout-hooray,I Shout Hooray,0,0,0
i-showed-her,I Showed Her,0,0,1
is-it-already-time,Is It Already Time,0,0,0
is-it-any-wonder-that-i-love-you,Is It Any Wonder That I Love You,0,0,0
is-it-asking-too-much,Is It Asking Too Much,0,0,0
is-it-only-that-you-re-lonely,Is It Only That You're Lonely,0,0,0
is-it-over,Is It Over,0,1,3
is-it-over-now,Is It Over Now,0,1,0
is-it-raining-at-your-house,Is It Raining At Your House,0,0,1
is-it-really-over,Is It Really Over,0,0,1
is-it-so-strange,Is It So Strange,0,0,1
is-it-still-over,Is It Still Over,0,0,0
is-it-that-time-again,Is It That Time Again,0,0,0
is-it-too-late-now,Is It Too Late Now,1,9,2
is-it-too-soon-to-tell,Is It Too Soon To Tell,0,0,0
is-it-true,Is It True,0,2,11
is-it-true-or-false,Is It True Or False,0,0,0
is-it-wrong-for-loving-you,Is it Wrong for Loving You,0,0,0
island,Island,0,3,130
islands-in-the-stream,Islands In The Stream,0,1,1
i-sleep-just-like-a-baby,I Sleep Just Like A Baby,0,0,1
i-sleep-with-her-memory-every-night,I Sleep With Her Memory Every Night,0,0,0
isle-of-newfoundland,Isle Of Newfoundland,0,0,0
i-slipped-and-fell-in-love,I Slipped And Fell In Love,0,1,1
i-slipped-i-stumbled-i-fell,I Slipped I Stumbled I Fell,0,0,1
is-love-out-of-style,Is Love Out Of Style,0,0,0
is-my-lord-satisfied-with-me,Is My Lord Satisfied With Me,0,0,0
is-my-ring-on-your-finger,Is My Ring On Your Finger,0,0,0
is-she-all-you-thought-she-would-be,Is She All You Thought She Would Be,0,0,0
i-start-losing-you-all-over-again,I Start Losing You All Over Again,0,0,0
i-stayed-long-enough,I Stayed Long Enough,0,0,1
i-stepped-over-the-line,I Stepped Over the Line,0,0,0
is-that-all-i-meant-to-you,Is That All I Meant To You,0,0,0
is-that-a-tear,Is That A Tear,0,0,0
is-that-what-you-d-have-me-do,Is That What You'd Have Me Do,0,0,0
is-the-blue-moon-still-shining,Is The Blue Moon Still Shining,0,1,0
is-the-grass-any-bluer,Is The Grass Any Bluer,0,1,1
is-the-magic-still-there,Is The Magic Still There,0,0,0
is-there-any-chance,Is There Any Chance,0,0,1
is-there-anything-i-can-do,Is There Anything I Can Do,0,0,2
is-there-a-way,Is There A Way,0,0,0
is-there-hope-for-this-heartbreak,Is There Hope For This Heartbreak,1,0,0
is-there-something-on-your-mind,Is There Something On Your Mind,0,0,1
is-this-all-there-is-to-a-honky-tonk,Is This All There Is To A Honky Tonk,0,0,0
is-this-all-you-hear,Is This All You Hear,0,0,0
is-this-desire,Is This Desire,0,0,0
is-this-me,Is This Me,0,0,0
is-this-my-destiny,Is This My Destiny,0,7,1
is-this-the-beginning-of-the-end,Is This The Beginning Of The End,0,0,1
i-still-believe,I Still Believe,0,2,18
i-still-believe-in-fairy-tales,I Still Believe In Fairy Tales,0,0,1
i-still-believe-in-waltzes,I Still Believe In Waltzes,0,0,0
i-still-believe-in-you,I Still Believe In You,0,1,3
i-still-belong-to-you,I Still Belong To You,0,0,1
i-still-can-t-believe-you-re-gone,I Still Can't Believe You're Gone,0,0,1
i-still-can-t-leave-your-memory-alone,I Still Can't Leave Your Memory Alone,0,0,1
i-still-care,I Still Care,0,4,3
i-still-dream-about-you,I Still Dream About You,0,0,4
i-still-feel-the-same-about-you,I Still Feel The Same About You,0,0,2
i-still-like-bologna,I Still Like Bologna,0,1,0
i-still-long-to-hold-you-now-and-then,(I Still Long To Hold You) Now And Then,0,0,0
i-still-love-the-night-life,I Still Love The Night Life,0,0,0
i-still-love-you,I Still Love You,0,1,29
i-still-love-you-enough,I Still Love You Enough,0,0,0
i-still-miss-someone,I Still Miss Someone,1,11,2
i-still-sing-the-old-songs,I Still Sing The Old Songs,0,0,1
i-still-sing-the-old-songs-1,I Still Sing The Old Songs,0,0,1
i-still-wish-the-very-best-for-you,I Still Wish The Very Best For You,0,0,2
i-still-write-your-name-in-the-sand,I Still Write Your Name in the Sand,1,4,0
i-still-write-your-name-in-the-snow,I Still Write Your Name In The Snow,0,0,0
i-stopped-living-yesterday,I Stopped Living Yesterday,0,0,1
i-suppose,I Suppose,0,0,4
i-sure-dont-need-that-memory-tonight,I Sure Don’t Need That Memory Tonight,0,0,0
i-sure-hate-to-see-me-go,I Sure Hate To See Me Go,0,0,0
i-sure-need-her-now,I Sure Need Her Now,0,0,0
it-ain-t-cool-to-be-crazy-about-you,It Ain't Cool To Be Crazy About You,0,0,1
it-aint-easy-being-me,It Ain’t Easy Being Me,0,0,1
it-ain-t-funny-enough,It Ain't Funny Enough,0,0,0
it-ain-t-gonna-be-that-way,It Ain't Gonna Be That Way,0,0,1
it-aint-gonna-rain-no-more,It Ain't Gonna Rain No More,1,0,0
it-ain-t-gonna-worry-my-mind,It Ain't Gonna Worry My Mind,0,0,1
it-aint-gonna-worry-my-mind,It Ain’t Gonna Worry My Mind,0,0,1
it-ain-t-my-job-to-tote-your-monkey,It Ain't My Job To Tote Your Monkey,0,0,1
it-ain-t-no-big-thing,It Ain't No Big Thing,0,0,2
it-ain-t-no-record,It Ain't No Record,0,0,0
it-ain-t-nothin,It Ain't Nothin',0,0,1
it-ain-t-nothing-new,It Ain't Nothing New,0,0,0
it-ain-t-that-way,It Ain't That Way,0,0,0
i-take-a-lot-of-pride-in-what-i-am,I Take A Lot Of Pride In What I Am,0,0,1
i-take-it-on-home,I Take It On Home,0,0,1
i-take-the-chance,I Take The Chance,0,1,1
i-take-the-fifth,I Take The Fifth,0,0,0
i-talked-about-you-all-over-town,I Talked About You All Over Town,0,0,0
i-talk-to-jesus-every-day,I Talk To Jesus Every Day,0,0,1
i-talk-to-myself-about-you,I Talk To Myself About You,0,0,1
i-talk-to-the-waves-lyrics-chords,I Talk To The Waves Lyrics Chords,0,0,0
it-all-began-at-calvary,It All Began At Calvary,0,0,0
it-all-depends,It All Depends,0,0,3
it-all-depends-on-linda,It All Depends On Linda,0,0,1
it-all-depends-on-who-will-buy-the-wine,It All Depends On Who Will Buy The Wine,0,0,0
it-always-rains-on-me,It Always Rains On Me,0,0,0
it-always-will-be,It Always Will Be,0,0,1
it-amazes-me,It Amazes Me,0,0,3
i-taught-her-everything-she-knows,I Taught Her Everything She Knows,0,0,2
i-taught-her-everything-she-knows-1,I Taught Her Everything She Knows,0,0,2
it-came-upon-a-midnight-clear,It Came Upon a Midnight Clear,0,11,5
it-comes-and-goes,It Comes And Goes,0,1,4
it-costs-too-much-to-die,It Costs Too Much To Die,0,0,0
it-could-be-you-instead-of-him,It Could Be You (Instead Of Him),0,0,1
it-could-have-been-so-good,It Could Have Been So Good,0,0,0
it-could-have-been-ten-years-ago,It Could Have Been Ten Years Ago,0,0,0
it-couldn-t-have-been-any-better,It Couldn't Have Been Any Better,0,0,1
it-doesn-t-hurt-to-ask,It Doesn't Hurt To Ask,0,0,0
it-doesn-t-matter-anymore,It Doesn't Matter Anymore,0,2,5
it-doesn-t-matter-anymore-1,It Doesn't Matter Anymore,0,2,5
it-do-feel-good,It Do Feel Good,0,0,0
it-dont-feel-like-sinning-to-me,It Don’t Feel Like Sinning To Me,0,0,0
it-don-t-get-any-better-than-this,It Don't Get Any Better Than This,0,0,1
it-don-t-hurt-me-half-as-bad,It Don't Hurt Me Half As Bad,0,0,1
it-don-t-hurt-to-dream,It Don't Hurt To Dream,0,0,0
it-don-t-show-on-me,It Don't Show On Me,0,0,1
it-feels-better-now,It Feels Better Now,0,0,1
it-finally-happened,It Finally Happened,0,0,1
it-gets-late-so-early,It Gets Late So Early,0,0,0
it-gets-more-like-monday-everyday,It Gets More Like Monday Everyday,0,0,0
i-thank-god-for-you,I Thank God For You,0,0,1
i-thank-him-for-sending-me-you,I Thank Him For Sending Me You,0,0,1
i-thank-my-lucky-stars,I Thank My Lucky Stars,0,0,0
i-thank-you-lord,I Thank You Lord,0,0,1
it-happened-just-that-way,It Happened Just That Way,0,0,1
it-happened-last-night,It Happened Last Night,0,0,1
it-happens-every-time-i-think-of-you,It Happens Every Time (I Think Of You),0,0,0
it-hardly-hurts-anymore,It Hardly Hurts Anymore,0,0,0
i-think-i-like-it-here,I Think I Like It Here,0,0,0
i-think-ill-just-stay-here-and-drink,I Think I’ll Just Stay Here And Drink,0,0,1
i-think-i-ll-take-a-walk,I Think I'll Take A Walk,0,0,1
i-think-i-ll-wait-till-tomorrow,I Think I'll Wait Till Tomorrow,0,0,0
i-think-i-m-gonna-live-forever,I Think I'm Gonna Live Forever,0,0,1
i-think-ive-got-a-love-on-for-you,I Think I’ve Got A Love On For You,0,0,0
i-think-living-is-sweet,I Think Living Is Sweet,0,0,0
i-think-of-you,I Think of You,1,3,19
i-think-of-you-1,I Think of You,1,3,19
i-think-that-i-d-be-better-off,I Think That I'd Be Better Off,0,0,0
i-think-we-ve-let-it-slip-away-again,I Think We've Let It Slip Away Again,0,0,0
i-thought-about-you,I Thought About You,0,0,4
i-thought-about-you-lord,I Thought About You Lord,0,0,1
i-thought-i-d-heard-it-all,I Thought I'd Heard It All,0,0,0
i-thought-i-d-never-fall-in-love-again,I Thought I'd Never Fall In Love Again,0,1,0
i-thought-i-heard-you-calling-my-name,I Thought I Heard You Calling My Name,0,2,1
i-thought-it-was-you,I Thought It Was You,0,0,4
i-thought-of-god,I Thought Of God,0,0,1
i-thought-of-you,I Thought Of You,0,0,3
i-threw-away-the-rose,I Threw Away the Rose,0,1,1
i-threw-the-rest-away,I Threw The Rest Away,0,0,1
it-hurt-me-more,It Hurt Me More,0,0,0
it-hurt-me-so,It Hurt Me So,0,0,1
it-hurt-me-so-1,It Hurt Me So,0,0,1
it-hurts-as-much-in-texas,It Hurts As Much In Texas,0,0,1
it-hurts-so-much-to-see-you-go,It Hurts So Much To See You Go,0,0,1
it-hurts-to-know,It Hurts To Know,0,1,1
it-hurts-too-much-to-laugh,It Hurts Too Much To Laugh,0,0,0
it-is-no-secret,It Is No Secret,0,1,1
it-is-well-with-my-soul,It Is Well With My Soul,0,4,4
it-just-doesn-t-seem-to-matter,It Just Doesn't Seem To Matter,0,0,1
it-just-dont-matter-now,It Just Don’t Matter Now,0,0,1
it-just-don-t-take-me-long-to-say-goodbye,It Just Don't Take Me Long To Say Goodbye,0,0,1
it-just-helps-to-keep-the-hurt-from-hurtin,It Just Helps To Keep The Hurt From Hurtin',0,0,0
it-just-takes-practice,It Just Takes Practice,0,0,1
it-keeps-raining,It Keeps Raining,0,0,0
it-keeps-right-on-hurting,It Keeps Right on Hurting,0,0,0
it-keeps-slipping-my-mind,It Keeps Slipping My Mind,0,0,1
it-kinda-reminds-me-of-me,It Kinda Reminds Me Of Me,0,0,1
it-ll-be-easy,It'll Be Easy,0,0,0
it-ll-be-her,It'll Be Her,0,1,1
it-ll-be-me,It'll Be Me,0,0,4
it-ll-be-open-season-on-you,It'll Be Open Season On You,0,0,0
it-ll-take-a-while,It'll Take A While,0,0,0
it-looks-like-i-m-just-in-your-way,It Looks Like I'm Just in Your Way,0,0,1
it-looks-like-the-suns-gonna-shine,It Looks Like The Sun’s Gonna Shine,0,0,0
it-makes-me-want-to-cry,It Makes Me Want To Cry,0,0,1
it-makes-no-difference-now,It Makes no Difference Now,0,3,2
it-makes-you-happy,It Makes You Happy,0,1,1
it-may-be-silly-but-ain-t-it-fun,It May Be Silly But Ain't It Fun,0,0,0
it-meant-goodbye-to-me-when-you-said-hello-to-him,It Meant Goodbye To Me When You Said Hello To Him,0,0,1
it-might-be-jesus,It Might Be Jesus,0,0,0
it-might-take-a-while-but-i-ll-get-over-you,It Might Take a While But I'll Get over You,0,0,0
it-must-be-love,It Must Be Love,0,1,18
it-must-be-you,It Must Be You,0,1,4
it-must-have-been-the-mistletoe,It Must Have Been The Mistletoe,0,0,1
it-never-will-be-over-for-me,It Never Will Be Over For Me,0,0,1
i-told-a-lie-to-my-heart,I Told A Lie To My Heart,0,1,1
i-told-my-heart,I Told My Heart,0,0,1
i-told-my-world-to-go-away,I Told My World To Go Away,0,0,0
i-told-the-brook,I Told The Brook,0,0,1
i-told-them-all-about-you,I Told Them All About You,0,4,1
i-told-you-so,I Told You So,0,0,21
i-told-you-so-1,I Told You So,0,0,21
it-only-cost-a-dime,It Only Cost A Dime,0,0,0
it-only-happened-yesterday,It Only Happened Yesterday,0,0,0
it-only-happens-once-in-a-lifetime,It Only Happens Once In A Lifetime,0,0,0
it-only-hurts-for-a-little-while,It Only Hurts For A Little While,0,0,1
it-only-hurts-when-i-cry,"It Only Hurts When I Cry ,",0,0,0
it-only-rains-on-me,It Only Rains On Me,0,0,1
it-only-takes-one-bar-to-make-a-prison,It Only Takes One Bar (To Make A Prison),0,0,1
i-took-a-memory-for-lunch,I Took A Memory For Lunch,0,0,0
i-took-her-for-a-fool,I Took Her For A Fool,0,0,0
i-traded-my-heart-for-his-gold,I Traded My Heart For His Gold,0,0,0
i-traded-your-love,I Traded Your Love,0,0,0
it-rains-everywhere-i-go,It Rains Everywhere I Go,0,1,0
it-rains-just-the-same-in-missouri,It Rains Just The Same In Missouri,0,1,0
i-treat-her-like-a-baby,I Treat Her Like A Baby,0,0,0
i-tried,I Tried,0,0,13
i-truly-do,I Truly Do,0,0,0
i-truly-understand,I Truly Understand,1,6,1
i-try-to-think-about-elvi,I Try To Think About Elvi,0,0,0
it-s-a-beautiful-day,It's A Beautiful Day,0,0,14
it-s-a-beautiful-thing,It's A Beautiful Thing,0,0,2
it-s-a-big-old-heartache,It's A Big Old Heartache,0,0,0
it-s-about-time,It's About Time,0,5,31
it-s-about-time-1,It's About Time,0,5,31
it-s-a-cheating-situation,It's A Cheating Situation,0,0,0
it-s-a-cowboy-loving-night,It's A Cowboy Loving Night,0,0,0
it-s-a-freezing-in-el-paso,It's A Freezing In El Paso,0,0,0
it-s-a-good-thing-i-don-t-love-you,It's A Good Thing I Don't Love You,0,0,0
it-s-a-great-day-to-be-alive,It's A Great Day To Be Alive,0,0,1
its-a-great-life-if-you-dont-weaken,It’s A Great Life If You Don’t Weaken,0,0,0
it-s-a-heartache,It's A Heartache,0,0,3
it-s-a-little-more-like-heaven,It's a Little More Like Heaven,0,1,1
its-a-little-too-late-to-do-the-right-thing-now,It’s A Little Too Late To Do The Right Thing Now,0,0,0
it-s-all-between-the-lines,It's All Between the Lines,0,0,0
it-s-all-coming-back-to-me-now,It's All Coming Back To Me Now,0,0,2
it-s-all-going-to-pot,It's All Going To Pot,0,0,1
its-all-i-can-do,It’s All I Can Do,0,1,3
it-s-all-in-my-mind,It's All In My Mind,0,0,1
its-all-in-the-game,It’s All In The Game,0,0,3
it-s-all-in-the-movies,It's All In The Movies,0,0,1
it-s-all-my-fault,It's All My Fault,0,2,3
it-s-all-over,It's All Over,0,3,33
it-s-all-over-1,It's All Over,0,3,33
it-s-all-over-all-over-again,It's All Over (All Over Again),0,0,1
it-s-all-over-but-the-crying,It's All Over But The Crying,0,0,3
it-s-all-over-now,It's All Over Now,0,5,15
it-s-all-over-now-1,It's All Over Now,0,5,15
it-s-all-right-with-me,It's All Right With Me,0,1,5
it-s-all-wrong-but-it-s-all-right,It's All Wrong But It's All Right,0,1,1
it-s-all-your-fault,It's All Your Fault,0,0,5
its-all-your-fault,It’s All Your Fault,0,0,5
it-s-almost-like-you-re-here,It's Almost Like You're Here,0,0,0
it-s-almost-tomorrow,It's Almost Tomorrow,0,0,1
it-s-a-lonely-world,It's A Lonely World,0,0,1
it-s-a-long-lonely-highway,It's A Long Lonely Highway,0,0,0
it-s-a-long-long-ride,It's A Long Long Ride,0,0,1
its-a-long-long-road,It’s A Long Long Road,0,1,1
it-s-a-long-long-way-to-georgia,It's A Long Long Way To Georgia,0,0,1
it-s-a-long-long-way-to-the-top-of-the-world,It's A Long Long Way To The Top Of The World,0,2,1
it-s-a-long-rocky-road,It's A Long Rocky Road,0,0,1
it-s-a-long-way-down-from-riches-to-rags,It's A Long Way Down From Riches To Rags,0,0,0
it-s-a-long-way-from-heaven,It's A Long Way From Heaven,0,0,0
it-s-a-lovely-lovely-world,It's A Lovely Lovely World,0,0,1
it-s-alright,It's Alright,0,4,105
it-s-a-matter-of-time,It's A Matter of Time,0,0,2
it-s-a-mighty-thin-line-between-love-and-hate,It's A Mighty Thin Line Between Love And Hate,0,0,0
it-s-a-miracle-that-you-re-mine,It's A Miracle That You're Mine,0,0,1
it-s-a-monster-s-holiday-with-chords,It's A Monster's Holiday with chords,0,0,0
it-s-another-silent-night,It's Another Silent Night,0,0,1
it-s-another-world,It's Another World,0,1,0
it-s-a-pity-what-money-can-do,It's A Pity What Money Can Do,0,0,1
it-s-a-sin,It's A Sin,0,1,5
it-s-a-sin-to-tell-a-lie,It's a Sin to Tell a Lie,0,4,1
it-s-a-small-small-world,It's A Small Small World,0,0,0
it-s-a-small-thing,It's A Small Thing,0,0,0
its-a-small-world,It’s A Small World,0,0,4
it-s-a-woman-s-intuition,It's A Woman's Intuition,0,0,0
it-s-a-wonderful-world,It's A Wonderful World,0,0,3
it-s-baby-s-first-christmas,It's Baby's First Christmas,0,0,0
it-s-bad-when-it-s-that-a-way,It's Bad When It's That A Way,0,0,0
it-s-bad-when-you-re-caught-with-the-goods,It's Bad When You're Caught With The Goods,0,0,0
it-s-been-a-great-afternoon,It's Been a Great Afternoon,0,0,1
it-s-been-a-long-long-time,It's Been a Long Long Time,0,0,2
its-been-a-long-time,It’s Been a Long Time,0,0,14
its-been-so-long,It’s Been So Long,0,2,13
it-s-been-so-long-darling,It's Been So Long Darling,0,0,1
it-s-beginning-to-hurt,It's Beginning To Hurt,0,0,0
it-s-beginning-to-look-like-christmas,It's Beginning to Look Like Christmas,0,0,0
it-s-beginning-to-look-like-the-end,It's Beginning To Look Like The End,0,0,1
it-s-best-you-know,It's Best You Know,0,0,0
it-s-better-than-being-alone,It's Better Than Being Alone,0,0,0
it-s-better-than-going-home-alone,It's Better Than Going Home Alone,0,0,0
it-s-better-to-have-loved-a-little,It's Better To Have Loved A Little,0,0,1
it-scares-me,It Scares Me,0,0,1
it-scares-me-half-to-death,It Scares Me Half To Death,0,0,1
its-christmas,It’s Christmas,0,4,17
it-s-christmas-every-day-in-alaska,It's Christmas Every Day In Alaska,0,0,1
it-s-christmas-time,It's Christmas Time,0,4,15
it-s-christmas-time-again,It's Christmas Time Again,0,0,3
it-s-christmas-time-for-everyone-but-me,It's Christmas Time For Everyone But Me,0,0,1
it-s-christmas-time-in-the-valley,It's Christmas Time In The Valley,0,0,0
it-s-christmas-time-once-again,It's Christmas Time Once Again,0,0,0
it-s-cold-in-california,It's Cold In California,0,0,1
it-s-different-now,It's Different Now,0,0,3
it-s-doggone-tough-on-me,It's Doggone Tough On Me,0,0,0
it-s-driving-me-crazy,It's Driving Me Crazy,0,0,2
it-s-easier-said-than-done,It's Easier Said Than Done,0,0,0
it-s-easy-to-remember,It's Easy To Remember,0,0,2
it-seems-like-yesterday,It Seems Like Yesterday,0,0,1
it-s-enough-to-make-a-woman-lose-her-mind,It's Enough To Make A Woman Lose Her Mind,0,0,1
it-s-finally-friday,It's Finally Friday,0,0,0
it-s-five-o-clock-somewhere,It's Five O'Clock Somewhere,0,1,1
it-s-funny-what-a-fool-will-do,It's Funny What A Fool Will Do,0,0,0
it-s-gonna-be-one-of-those-days,It's Gonna Be One Of Those Days,0,0,0
it-s-gonna-rain-some-in-my-heart,It's Gonna Rain Some In My Heart,0,0,0
it-s-gonna-rain-today,It's Gonna Rain Today,0,1,0
it-s-gonna-take-a-little-bit-longer,It's Gonna Take A Little Bit Longer,0,0,1
it-s-goodbye-and-so-long-to-you,It's Goodbye And So Long To You,1,4,1
its-goodbye-and-so-long-to-you,It’s Goodbye and So Long to You,1,4,1
it-s-good-to-see-you,It's Good To See You,1,0,1
its-good-to-see-you,It’s Good To See You,1,0,1
it-s-gotta-be-love,It's Gotta Be Love,0,0,3
it-s-gotta-be-magic,It's Gotta Be Magic,0,0,1
it-s-got-you-all-over-it,It's Got You All Over It,0,0,0
its-grand-to-have-someone-to-love-you,It’s Grand To Have Someone To Love You,1,5,1
it-s-hard-to-be-a-cowboy-these-days,It's Hard To Be A Cowboy These Days,0,0,1
it-s-hard-to-be-humble,It's Hard to Be Humble,0,0,1
it-s-hard-to-keep-a-good-lie-down,It's Hard To Keep A Good Lie Down,0,0,0
it-s-hard-to-keep-this-ship-together,It's Hard To Keep This Ship Together,0,0,1
it-s-hard-to-kiss-the-lips-at-night,It's Hard To Kiss The Lips At Night,0,0,0
it-s-hard-to-love-a-hungry-worried-man,It's Hard To Love A Hungry Worried Man,0,0,0
it-s-hard-to-love-just-one,It's Hard To Love Just One,0,0,1
it-s-hard-to-tell-the-married-from-the-free,It's Hard To Tell The Married From The Free,0,0,0
it-should-be-easier-now,It Should Be Easier Now,0,0,1
it-should-have-been-easy,It Should Have Been Easy,0,1,1
it-should-have-been-love-by-now,It Should Have Been Love By Now,0,0,0
it-should-ve-been-me,It Should've Been Me,0,1,3
it-s-just-about-time,It's Just About Time,0,0,1
it-s-just-a-matter-of-making-up-my-mind,It's Just A Matter Of Making Up My Mind,0,0,0
it-s-just-a-matter-of-time,It's Just A Matter Of Time,0,0,5
it-s-just-my-luck,It's Just My Luck,0,0,0
it-s-just-not-christmas,It's Just Not Christmas,0,0,1
it-s-just-not-that-easy,It's Just Not That Easy,0,0,0
it-s-just-you-i-could-love-you-always,It's Just You (I Could Love You Always),0,0,0
it-s-late,It's Late,0,0,7
its-like-we-never-said-goodbye,It’s Like We Never Said Goodbye,0,0,0
it-s-lonely,It's Lonely,0,0,1
it-s-lonesome,It's Lonesome,0,0,0
it-s-me-again-lord,It's Me Again Lord,1,3,1
its-me-again-lord,It’s Me Again Lord,0,3,1
it-s-me-that-hurts-the-most,It's Me That Hurts The Most,0,0,0
it-s-midnight-cinderella,It's Midnight Cinderella,0,0,1
it-s-mighty-dark-to-travel,It's Mighty Dark To Travel,1,10,1
its-mighty-dark-to-travel,It’s Mighty Dark To Travel,1,10,1
it-s-my-fault,It's My Fault,0,0,6
it-s-my-lazy-day,It's My Lazy Day,0,0,1
it-s-my-lie,It's My Lie,0,0,0
it-s-my-life,It's My Life,0,1,30
it-s-my-love-and-i-m-gonna-give-it,It's My Love (And I'm Gonna Give It),0,0,0
it-s-my-party,It's My Party,0,0,6
it-s-my-pleasure,It's My Pleasure,0,0,1
it-s-my-time,It's My Time,0,1,8
it-s-my-way,It's My Way,0,0,4
its-never-gonna-be-the-same-again,It’s Never Gonna Be The Same Again,0,0,1
it-s-never-too-late,It's Never Too Late,1,7,16
its-never-too-late,It’s Never Too Late,1,7,16
it-s-nice-to-be-with-you,It's Nice To Be With You,0,0,1
its-no-sin,It’s No Sin,0,0,1
it-s-not-all-over,It's Not All Over,0,0,1
it-s-not-easy-being-fifteen,It's Not Easy Being Fifteen,0,0,0
it-s-not-for-me-to-understand,It's Not For Me To Understand,0,0,1
it-s-not-for-me-to-understand-1,It's Not For Me To Understand,0,0,1
it-s-not-love,It's Not Love,0,0,3
it-s-not-me,It's Not Me,0,0,8
it-s-not-my-fault,It's Not My Fault,0,0,7
it-s-not-over-if-i-m-not-over-you,It's Not Over (If I'm Not Over You),0,0,1
it-s-not-over-if-i-m-not-over-you-1,It's Not Over If I'm Not Over You,0,0,0
it-s-not-over-yet,It's Not Over Yet,0,0,5
it-s-not-supposed-to-be-that-way,It's Not Supposed To Be That Way,0,0,2
it-s-not-the-end-of-everything,It's Not The End Of Everything,0,0,1
its-not-the-miles-you-traveled,It’s Not The Miles You Traveled,0,0,0
it-s-not-the-moon-that-makes-the-difference,It's Not the Moon That Makes the Difference,0,0,0
its-not-the-wind,It’s Not The Wind,0,1,0
it-s-not-too-hard,It's Not Too Hard,0,0,1
it-s-not-what-you-give-lyrics-with-chords,It's Not What You Give Lyrics with Chords,0,0,0
its-now-or-never,It’s Now or Never,0,0,3
it-s-only-a-matter-of-wine,It's Only A Matter Of Wine,0,0,0
it-s-only-a-paper-moon,It's Only A Paper Moon,0,1,2
it-s-only-lonely-me,It's Only Lonely Me,0,0,1
it-s-only-love,It's Only Love,0,0,25
it-s-only-love-1,It's Only Love,0,0,25
it-s-only-love-2,It's Only Love,0,0,25
it-s-only-make-believe,It's Only Make Believe,0,1,6
it-s-only-over-for-you,It's Only Over For You,0,0,1
its-only-the-wind,It’s Only The Wind,0,0,0
it-s-only-you-that-i-love,It's Only You That I Love,0,0,0
it-s-our-anniversary,It's Our Anniversary,0,0,0
it-s-out-of-my-hands,It's Out Of My Hands,0,0,1
it-s-over,It's Over,0,6,94
it-s-over-1,It's Over,0,6,94
it-s-over-2,It's Over,0,6,94
it-s-over-over-nothing,It's Over Over Nothing,0,0,0
it-s-raining-all-over-the-world,It's Raining All Over The World,0,0,0
it-s-raining-here-this-morning,It's Raining Here This Morning,1,9,0
its-raining-here-this-morning,It’s Raining Here This Morning,1,9,0
it-s-sad-to-be-lonely-at-christmas,It's Sad To Be Lonely At Christmas,0,0,0
it-s-so-close-to-christmas-and-i-m-so-far-from-home,It's So Close To Christmas (And I'm So Far From Home),0,0,0
it-s-so-easy,It's So Easy,0,0,14
it-s-so-easy-1,It's So Easy,0,0,14
it-s-so-hard-to-say-i-love-you,It's So Hard To Say I Love You,0,0,0
its-so-long-and-goodbye-to-you,It’s So Long And Goodbye To You,1,0,0
it-s-still-the-greatest-story-ever-told,It's Still The Greatest Story Ever Told,0,0,0
it-s-still-there,It's Still There,0,0,1
it-s-such-a-pretty-world-today,It's Such A Pretty World Today,0,0,1
it-s-sure-been-fun,It's Sure Been Fun,0,0,1
it-started-all-over-again,It Started All Over Again,0,0,3
it-s-teardrop-time,It's Teardrop Time,0,0,1
it-s-tearing-this-old-heart-out-of-me,It's Tearing This Old Heart Out Of Me,0,0,0
its-that-time-of-the-night,It’s That Time Of The Night,0,0,0
it-s-the-age-that-makes-the-difference,It's The Age That Makes The Difference,0,0,1
it-s-the-bottle-talking,It's The Bottle Talking,0,0,0
it-s-the-goodbye-that-blows-me-away,It's The Goodbye That Blows Me Away,0,0,1
it-s-the-last-time-i-ll-ever-cheat-on-you,It's The Last Time I'll Ever Cheat On You,0,0,0
it-s-the-little-things,It's The Little Things,0,0,5
it-s-the-messiah,It's The Messiah,0,0,0
it-s-the-natural-thing-to-do,It's The Natural Thing To Do,0,0,1
it-s-the-wine-that-s-talking,It's The Wine That's Talking,0,0,0
it-s-the-world-gone-crazy,It's The World Gone Crazy,0,0,0
it-still-takes-a-wise-man-to-pray,It Still Takes A Wise Man To Pray,0,0,0
it-s-time-for-love,It's Time For Love,0,0,5
its-time-to-cross-that-bridge,It’s Time To Cross That Bridge,0,0,0
it-s-time-to-pay-the-fiddler,It's Time to Pay the Fiddler,0,0,1
it-s-time-you-learned-about-goodbye,It's Time You Learned About Goodbye,0,0,0
it-s-too-late,It's Too Late,0,4,52
its-too-late,It’s Too Late,0,4,52
its-too-late-now-to-worry-anymore,It’s Too Late Now To Worry Anymore,0,0,0
its-too-late-to-love-me-now,It’s Too Late To Love Me Now,0,1,0
it-s-too-late-to-stop-us-now,It's Too Late To Stop Us Now,0,0,0
it-s-too-much-like-lonesome,It's Too Much Like Lonesome,0,0,0
it-s-too-soon-to-know,It's Too Soon To Know,0,0,1
it-s-up-to-you,It's Up To You,0,0,30
it-sure-can-get-cold-in-des-moines,It Sure Can Get Cold In Des Moines,0,0,1
it-sure-helps-a-lot,It Sure Helps A Lot,0,0,0
it-sure-is-monday,It Sure Is Monday,0,0,1
it-sure-looks-lonesome-outside,It Sure Looks Lonesome Outside,0,0,0
it-sure-seemed-right,It Sure Seemed Right,0,0,1
it-sure-was-love,It Sure Was Love,0,0,0
it-s-written-all-over-your-face,It's Written All Over Your Face,0,0,1
it-s-written-all-over-your-face-1,It's Written All Over Your Face,0,0,1
it-s-wrong-to-love-you-but-i-do,It's Wrong To Love You But I Do,0,0,0
itsy-bitsy-teenie-weenie-yellow-polka-dot-bikini,Itsy Bitsy Teenie Weenie Yellow Polka Dot Bikini,0,0,2
its-you-i-love,It’s You I Love,0,0,2
it-s-your-fault-i-m-cheating,It's Your Fault I'm Cheating,0,0,0
it-s-your-heart-s-turn-to-break,It's Your Heart's Turn To Break,0,0,0
it-s-your-world,It's Your World,0,1,8
it-takes-all-kinds,It Takes All Kinds,0,0,2
it-takes-all-kinds-to-make-a-world,It Takes All Kinds To Make A World,0,0,0
it-takes-a-lot-of-money,It Takes A Lot Of Money,0,0,0
it-takes-believers-to-be-lovers,It Takes Believers To Be Lovers,0,0,0
it-takes-four-feet-to-make-a-yard,It Takes Four Feet To Make A Yard,0,0,0
it-takes-me-all-night-long,It Takes Me All Night Long,0,0,0
it-takes-one-to-know-one,It Takes One To Know One,1,5,3
it-takes-one-to-know-one-1,It Takes One To Know One,1,5,3
it-takes-people-like-you,It Takes People Like You,0,0,0
it-takes-so-long,It Takes So Long,0,0,2
it-took-a-miracle,It Took A Miracle,0,0,1
it-took-us-all-night-long-to-say-goodbye,It Took Us All Night Long To Say Goodbye,0,0,0
it-turns-me-inside-out,It Turns Me Inside Out,0,1,1
it-turns-me-inside-out-1,It Turns Me Inside Out,0,1,1
i-turn-my-mind-on-you,I Turn My Mind On You,0,0,0
i-turn-to-you,I Turn To You,0,0,7
it-was-almost-like-a-song,It Was Almost Like A Song,0,0,1
it-was-always-so-easy,It Was Always So Easy,0,0,0
it-was-always-you,It Was Always You,0,0,5
it-was-fun-while-it-lasted,It Was Fun While It Lasted,0,0,1
it-was-jesus,It Was Jesus,0,0,1
it-wasn-t-easy,It Wasn't Easy,0,0,1
it-wasn-t-god-who-made-honky-tonk-angels,It Wasn't God Who Made Honky Tonk Angels,0,1,1
it-was-so-easy-for-you-to-say-goodbye,It Was So Easy For You To Say Goodbye,0,0,0
it-was-time-for-me-to-move-on-anyway,It Was Time For Me To Move On Anyway,0,0,1
it-was-too-late,It Was Too Late,0,0,1
it-was-with-love,It Was With Love,0,0,1
it-was-worth-it-all,It Was Worth It All,0,0,1
it-will-come-to-pass,It Will Come To Pass,0,0,0
it-won-t-be-long,It Won't Be Long,0,3,12
it-won-t-be-me,It Won't Be Me,0,1,3
it-won-t-be-the-same-this-year,It Won't Be The Same This Year,0,1,1
it-won-t-hurt,It Won't Hurt,0,0,2
it-won-t-seem-like-christmas,It Won't Seem Like Christmas,0,3,0
it-wont-work-this-time,It Won’t Work This Time,1,2,1
it-would-be-a-doggone-lie,It Would Be A Doggone Lie,0,0,0
it-wouldnt-be-the-same-without-you,It Wouldn’t Be the Same Without You,0,0,1
it-wouldn-t-hurt-to-have-wings,It Wouldn't Hurt To Have Wings,0,0,0
it-wouldn-t-kill-me,It Wouldn't Kill Me,0,0,1
i-used-it-all-on-you,I Used It All On You,0,0,0
i-used-it-all-on-you-1,I Used It All On You,0,0,0
i-used-to-know-all-those-things,I Used To Know All Those Things,0,0,1
i-used-to-love-you,I Used To Love You,0,0,3
i-use-the-soap,I Use The Soap,0,0,1
i-ve-aged-twenty-years-in-five,I've Aged Twenty Years In Five,0,0,1
i-ve-already-loved-you-in-my-mind,I've Already Loved You In My Mind,0,0,1
ive-always-been-a-rambler,I’ve Always Been a Rambler,1,5,1
i-ve-always-been-crazy,I've Always Been Crazy,0,0,1
i-ve-always-been-honky-tonk-crazy,I've Always Been Honky Tonk Crazy,1,0,0
ive-been-all-around-this-world,I've Been All Around This World,1,7,1
ive-been-all-round-this-world,I’ve Been All Round This World,0,1,0
i-ve-been-alone-too-long,I've Been Alone Too Long,0,0,1
i-ve-been-a-long-time-leaving,I've Been A Long Time Leaving,0,0,1
i-ve-been-around-enough-to-know,I've Been Around Enough To Know,0,1,1
i-ve-been-around-love-long-enough,I've Been Around Love Long Enough,0,0,0
i-ve-been-calling,I've Been Calling,0,0,1
i-ve-been-down-that-road-before,I've Been Down That Road Before,0,0,1
i-ve-been-everywhere,I've Been Everywhere,0,2,2
i-ve-been-known-to-cry,I've Been Known To Cry,0,0,1
i-ve-been-loved-by-the-best,I've Been Loved By The Best,0,0,1
i-ve-been-loving-you-too-long,I've Been Loving You Too Long,0,0,2
i-ve-been-needing-someone-like-you,I've Been Needing Someone Like You,0,0,1
i-ve-been-searching,I've Been Searching,0,0,2
i-ve-been-so-wrong-for-so-long,I've Been So Wrong For So Long,0,0,1
i-ve-been-there-before,I've Been There Before,0,0,4
i-ve-been-to-calvary,I've Been To Calvary,0,0,0
i-ve-been-walkin,I've Been Walkin',0,0,0
i-ve-been-wrong-before,I've Been Wrong Before,0,0,1
i-ve-called-to-say-i-love-you-one-more-time,I've Called To Say I Love You One More Time,0,0,0
ive-carried-this-torch-much-too-long,I’ve Carried This Torch Much Too Long,0,0,0
i-ve-changed,I've Changed,0,0,5
i-ve-come-a-long-way-from-goodbye,I've Come A Long Way From Goodbye,0,0,1
i-ve-come-awful-close,I've Come Awful Close,0,0,0
i-ve-come-to-say-goodbye,I've Come To Say Goodbye,0,0,0
i-ve-convinced-everybody-but-me,I've Convinced Everybody But Me,0,0,0
i-ve-convinced-everybody-but-myself,I've Convinced Everybody But Myself,0,0,1
i-ve-cried-a-mile,I've Cried A Mile,0,0,0
ive-cried-my-last-tear-for-you,I’ve Cried My Last Tear For You,0,0,0
i-ve-cried-the-blue-right-out-of-my-eyes,I've Cried The Blue Right Out Of My Eyes,0,0,0
i-ve-decided-to-leave-here-forever,I've Decided To Leave Here Forever,0,0,0
ive-endured,I’ve Endured,1,11,1
i-ve-enjoyed-as-much-of-this-as-i-can-stand,I've Enjoyed As Much Of This As I Can Stand,0,0,1
i-ve-forgotten-you,I've Forgotten You,1,0,1
i-ve-forgotten-you-1,I've Forgotten You,0,0,1
ive-found-a-hiding-place,I’ve Found A Hiding Place,0,2,1
i-ve-given-bout-all-i-can-take,I've Given Bout All I Can Take,0,0,0
ive-got-a-bulldog,I’ve Got a Bulldog,1,2,0
ive-got-a-darling-for-a-wife,I’ve Got A Darling For A Wife,0,0,0
i-ve-got-a-date-with-a-teardrop-lyrics-chords,I've Got A Date With A Teardrop Lyrics Chords,0,0,0
i-ve-got-a-funny-feeling,I've Got A Funny Feeling,0,0,1
i-ve-got-a-good-thing-going,I've Got A Good Thing Going,0,0,1
i-ve-got-a-happy-heart,I've Got A Happy Heart,0,0,1
i-ve-got-a-heart-full-of-you,I've Got A Heart Full Of You,0,0,1
i-ve-got-all-the-heartaches-i-can-handle,I've Got All The Heartaches I Can Handle,0,0,0
i-ve-got-a-new-heartache,I've Got a New Heartache,0,2,1
i-ve-got-a-new-road-under-my-wheels,I've Got A New Road Under My Wheels,0,0,1
i-ve-got-a-picture-of-us-on-my-mind,I've Got A Picture Of Us On My Mind,0,0,0
i-ve-got-a-right-to-cry,I've Got A Right To Cry,0,0,0
i-ve-got-a-tangled-mind,I've Got a Tangled Mind,0,0,0
ive-got-a-thing-about-a-5-string,I’ve Got A Thing About A 5 String,0,0,0
i-ve-got-a-thing-about-trains,I've Got A Thing About Trains,0,0,1
i-ve-got-a-tiger-by-the-tail,I've Got a Tiger by the Tail,0,2,1
i-ve-got-a-weakness-for-cowboys,I've Got A Weakness For Cowboys,0,0,0
i-ve-got-a-winner-in-you,I've Got A Winner In You,0,0,1
i-ve-got-a-yearning,I've Got A Yearning,0,0,1
ive-got-bluegrass-on-my-mind,I’ve Got Bluegrass On My Mind,1,0,0
i-ve-got-five-dollars,I've Got Five Dollars,0,0,1
i-ve-got-it-again,I've Got It Again,0,0,0
i-ve-got-it-bad-for-you,I've Got It Bad For You,0,0,1
i-ve-got-it-made,I've Got It Made,0,0,2
i-ve-got-jesus-in-my-soul,I've Got Jesus In My Soul,0,0,1
i-ve-got-jesus-on-my-side,I've Got Jesus On My Side,0,0,0
i-ve-got-just-the-thing-for-you,I've Got Just The Thing For You,0,0,1
i-ve-got-mexico,I've Got Mexico,0,0,0
ive-got-my-baby-on-my-mind,I’ve Got My Baby On My Mind,0,0,1
i-ve-got-my-faults,I've Got My Faults,0,0,1
i-ve-got-my-fingers-crossed,I've Got My Fingers Crossed,0,0,1
i-ve-got-my-future-on-ice,I've Got My Future On Ice,0,3,0
i-ve-got-my-pride,I've Got My Pride,0,0,0
i-ve-got-no-use-for-the-women-yet,I've Got No Use For The Women Yet,0,0,0
i-ve-got-precious-memories,I've Got Precious Memories,0,0,0
i-ve-gotta-hang-my-hat-upon-the-wind,I've Gotta Hang My Hat Upon The Wind,0,0,0
i-ve-gotta-right-to-know,I've Gotta Right To Know,0,0,0
i-ve-gotta-walk-alone,I've Gotta Walk Alone,0,0,0
i-ve-gotten-used-to-the-cryin,I've Gotten Used To The Cryin',0,0,0
i-ve-got-texas-in-my-heart,I've Got Texas In My Heart,0,0,0
ive-got-that-old-feeling,I’ve Got That Old Feeling,1,2,1
i-ve-got-that-old-time-religion-in-my-heart,I've Got That Old Time Religion In My Heart,0,0,1
i-ve-got-the-heart-for-you,I've Got The Heart For You,1,0,0
i-ve-got-time-on-my-hands,I've Got Time On My Hands,0,0,0
i-ve-got-to-change,I've Got To Change,0,0,0
i-ve-got-to-have-you,I've Got To Have You,0,0,1
i-ve-got-to-hurry-hurry-hurry,I've Got To Hurry Hurry Hurry,0,0,0
i-ve-got-to-stop-loving-you,I've Got To Stop Loving You,0,0,0
i-ve-got-to-stop-lovin-you,I've Got To Stop Lovin' You,0,0,0
i-ve-got-what-it-takes,I've Got What It Takes,0,0,1
i-ve-got-you-on-my-mind-again,I've Got You On My Mind Again,0,0,1
i-ve-got-your-love-all-over-me,I've Got Your Love All Over Me,0,0,0
i-ve-got-you-to-thank-for-that,I've Got You To Thank For That,0,0,1
i-ve-had-a-beautiful-time,I've Had A Beautiful Time,0,0,0
i-ve-had-all-the-hurt-i-can-take,I've Had All The Hurt I Can Take,0,0,0
i-ve-had-choices,I've Had Choices,0,0,0
i-ve-had-you,I've Had You,0,0,1
i-ve-just-destroyed-the-world,I've Just Destroyed The World,0,0,1
i-ve-just-found-another-reason-for-loving-you,I've Just Found Another Reason For Loving You,0,0,0
i-ve-just-got-to-see-you-once-more,I've Just Got to See You Once More,0,1,1
i-ve-just-seen-the-rock-of-ages,I've Just Seen The Rock Of Ages,1,6,1
ive-just-seen-the-rock-of-ages,I’ve Just Seen The Rock Of Ages,1,6,1
i-ve-just-told-mama-goodbye,I've Just Told Mama Goodbye,0,0,1
i-ve-kissed-you-my-last-time,I've Kissed You My Last Time,0,0,0
i-ve-learned,I've Learned,0,0,1
i-ve-learned-to-live,I've Learned To Live,0,0,0
i-ve-learned-to-live-with-you-and-be-alone,I've Learned To Live With You And Be Alone,0,0,0
i-ve-learned-to-take-the-hurting,I've Learned To Take The Hurting,0,0,0
i-ve-lived-a-lie,I've Lived A Lie,0,0,0
i-ve-lived-a-lot-in-my-time,I've Lived A Lot In My Time,0,2,1
i-ve-lived-my-life,I've Lived My Life,0,1,1
i-ve-lost-my-heart-to-you,I've Lost My Heart To You,0,0,1
i-ve-lost-you,I've Lost You,1,7,2
ive-lost-you,I’ve Lost You,1,7,2
ive-lost-you-forever,I’ve Lost You Forever,1,1,0
i-ve-loved-and-lost-again,I've Loved and Lost Again,0,0,1
i-ve-loved-him-much-longer-than-you,I've Loved Him Much Longer Than You,0,0,0
i-ve-loved-i-ve-laughed-i-ve-cried,I've Loved I've Laughed I've Cried,0,0,0
i-ve-loved-you-all-over-the-world,I've Loved You All Over The World,0,0,1
i-ve-loved-you-all-over-the-world-1,I've Loved You All Over the World,0,0,1
i-ve-loved-you-forever-it-seems,I've Loved You Forever It Seems,0,0,0
i-ve-never-been-loved-before,I've Never Been Loved Before,0,0,0
i-ve-never-been-so-blue,I've Never Been So Blue,0,0,1
ive-never-been-so-lonesome-in-my-life,I’ve Never Been So Lonesome In My Life,1,0,0
i-ve-never-been-this-homesick-before,I've Never Been This Homesick Before,0,0,0
i-ve-never-had-a-thing-that-ain-t-been-used,I've Never Had A Thing That Ain't Been Used,0,0,0
i-ve-never-loved-anyone-more,I've Never Loved Anyone More,0,0,1
ive-never-seen-the-likes-of-you,I’ve Never Seen The Likes Of You,0,0,0
i-ve-never-stopped-dreaming-of-you,I've Never Stopped Dreaming Of You,0,0,1
i-ve-seen-that-look-on-me-a-thousand-times,I've Seen That Look On Me A Thousand Times,0,0,0
ive-still-got-ninety-nine,I’ve Still Got Ninety Nine,1,1,1
ive-still-got-some-hurting-to-do,I’ve Still Got Some Hurting To Do,0,0,0
i-ve-thought-of-leaving-you,I've Thought Of Leaving You,0,0,0
i-ve-turned-you-to-stone,I've Turned You To Stone,0,0,1
i-ve-waited-a-lifetime,I've Waited A Lifetime,0,0,0
i-ve-waited-all-my-life-for-you,I've Waited All My Life For You,0,0,1
i-ve-waited-as-long-as-i-can,I've Waited As Long As I Can,1,4,1
ive-waited-as-long-as-i-can,I’ve Waited As Long As I Can,1,4,1
ivory-tower,Ivory Tower,0,0,22
ivy-rose,Ivy Rose,0,0,1
i-waited-too-long,I Waited Too Long,0,0,2
i-wake-up-every-morning-with-a-smile-on-my-face,I Wake Up Every Morning With A Smile On My Face,0,0,0
i-walk-alone,I Walk Alone,0,0,18
i-walk-and-i-walk-and-i-walk,I Walk And I Walk And I Walk,0,0,0
i-walked-out-on-heaven,I Walked Out On Heaven,0,0,0
i-walk-the-line,I Walk The Line,1,6,2
i-wanna-be-a-christian-soldier,I Wanna Be A Christian Soldier,1,0,0
i-wanna-be-free,I Wanna Be Free,0,0,12
i-wanna-be-hugged-to-death-by-you,I Wanna Be Hugged To Death By You,0,0,0
i-wanna-be-there-when-the-lovin-starts,I Wanna Be There When The Lovin' Starts,0,0,0
i-wanna-come-back-to-you,I Wanna Come Back To You,0,0,0
i-wanna-come-over,I Wanna Come Over,0,0,0
i-wanna-feel-that-way-again,I Wanna Feel That Way Again,0,0,0
i-wanna-go-to-heaven,I Wanna Go To Heaven,0,0,0
i-wanna-go-to-santa-claus-land-tonight,I Wanna Go to Santa Claus Land Tonight,0,0,0
i-wanna-go-with-you,I Wanna Go With You,1,0,0
i-wanna-hear-it-from-you,I Wanna Hear It From You,0,0,0
i-wanna-know-i-m-goin-home,I Wanna Know I'm Goin' Home,0,0,0
i-wanna-live,I Wanna Live,0,0,7
i-wanna-play-house-with-you,I Wanna Play House With You,0,0,1
i-wanna-wake-up-with-you,I Wanna Wake Up With You,0,0,0
i-wanna-waltz,I Wanna Waltz,0,0,1
i-want-a-drink-of-that-water,I Want A Drink Of That Water,0,0,0
i-want-a-girl,I Want A Girl,1,0,1
i-want-a-son,I Want A Son,0,0,1
i-want-my-rib-back,I Want My Rib Back,0,1,0
i-want-no-one-but-you,I Want No One But You,0,0,0
i-want-some-more-of-this,I Want Some More Of This,0,0,0
i-want-that-feelin-again,I Want That Feelin' Again,0,0,1
i-want-the-lord-to-protect-my-soul,I Want the Lord to Protect My Soul,1,1,0
i-want-to-be-free,I Want To Be Free,0,0,5
i-want-to-be-like-jesus,I Want To Be Like Jesus,0,1,1
i-want-to-be-loved,I Want To Be Loved,1,4,6
i-want-to-be-more-like-jesus,I Want To Be More Like Jesus,0,0,1
i-want-to-be-sure,I Want To Be Sure,0,0,0
i-want-to-be-wanted,I Want To Be Wanted,0,1,1
i-want-to-be-with-you-always,I Want To Be With You Always,0,0,1
i-want-to-carry-your-sweet-memories,I Want To Carry Your Sweet Memories,0,0,0
i-want-to-do-thy-will-oh-lord,I Want To Do Thy Will Oh Lord,0,0,0
i-want-to-go-home-aka-sloop-john-b,I Want To Go Home (aka Sloop John B),0,0,0
i-want-to-go-somewhere,I Want To Go Somewhere,0,0,0
i-want-to-go-where-nobody-knows-me,I Want To Go (Where Nobody Knows Me),0,0,0
i-want-to-go-where-no-one-knows-me,I Want To Go Where No One Knows Me,0,0,0
i-want-to-go-with-you,I Want To Go With You,0,1,2
i-want-to-grow-old-with-you,I Want To Grow Old With You,0,1,1
i-want-to-hear-it-from-you,I Want To Hear It From You,0,0,4
i-want-to-know-more-about-my-jesus,I Want To Know More About My Jesus,0,0,0
i-want-to-know-you-before-we-make-love,I Want To Know You Before We Make Love,0,0,1
i-want-to-live-again,I Want To Live Again,0,0,1
i-want-to-live-again-1,I Want To Live Again,0,0,1
i-want-to-live-and-love,I Want To Live And Love,0,0,1
i-want-to-see-my-hometown,I Want To See My Hometown,0,0,0
i-want-to-stroll-over-heaven-with-you,I Want To Stroll Over Heaven With You,0,1,0
i-want-to-walk-you-home,I Want To Walk You Home,0,0,2
i-want-to-with-you,I Want To With You,0,0,0
i-want-you-back-again,I Want You Back Again,0,0,2
i-want-you-free,I Want You Free,0,0,0
i-want-you-i-need-you-i-love-you,I Want You I Need You I Love You,0,0,1
i-want-you-to-know,I Want You To Know,0,1,16
i-want-you-to-meet-my-friend,I Want You To Meet My Friend,0,1,1
i-want-you-with-me,I Want You With Me,0,0,3
i-was-a-fool,I Was A Fool,0,0,6
i-was-afraid-of-that,I Was Afraid Of That,0,0,0
i-was-born-about-ten-thousands-years-ago,I Was Born About Ten Thousands Years Ago,0,0,0
i-was-born-a-travelin-man,I Was Born A Travelin' Man,0,0,0
i-was-born-to-be-a-cowboy,I Was Born To Be A Cowboy,0,0,0
i-was-coming-home-to-you,I Was Coming Home To You,0,0,1
i-was-doing-her-wrong,I Was Doing Her Wrong,0,0,0
i-washed-my-face-in-the-morning-dew,I Washed My Face In The Morning Dew,1,6,1
i-was-just-walking-out-the-door,I Was Just Walking Out The Door,0,0,0
i-was-losing-you,I Was Losing You,0,0,0
i-wasn-t-even-in-the-running,I Wasn't Even In The Running,0,0,1
i-wasn-t-fooling-around,I Wasn't Fooling Around,0,1,1
i-wasn-t-man-enough,I Wasn't Man Enough,0,0,1
i-wasted-a-nickel-last-night,I Wasted A Nickel Last Night,0,0,0
i-wasted-my-tears,I Wasted My Tears,0,1,1
i-wasted-my-tears-when-i-cried-over-you,I Wasted My Tears When I Cried Over You,1,0,0
i-was-the-first-one,I Was The First One,0,0,2
i-was-the-first-one-to-know,I Was The First One To Know,0,0,0
i-was-the-one,I Was The One,0,0,4
i-was-there,I Was There,0,1,17
i-was-there-1,I Was There,0,1,17
i-was-there-when-it-happened,I Was There When It Happened,0,0,1
i-was-wrong,I Was Wrong,0,2,26
i-watched-an-angel-going-through-hell,I Watched An Angel (Going Through Hell),0,0,0
i-watched-my-dream-world-crumble-like-clay,I Watched My Dream World Crumble Like Clay,0,0,1
i-went-down-a-beggar-but-i-came-up-a-millionaire,I Went Down A Beggar But I Came Up A Millionaire,1,0,0
i-went-out-of-my-way,I Went Out Of My Way,0,0,1
i-went-to-your-wedding,I Went To Your Wedding,0,0,1
i-will,I Will,0,7,52
i-will-1,I Will,0,7,52
i-will-always,I Will Always,0,3,3
i-will-always-be-waiting-for-you,I Will Always Be Waiting For You,0,3,1
i-will-always-love-you,I Will Always Love You,0,3,7
i-will-arise,I Will Arise,0,2,1
i-will-be-home-again,I Will Be Home Again,0,0,1
i-will-cross-o-er-the-river,I Will Cross O'er the River,0,0,1
i-will-follow-you,I Will Follow You,0,2,14
i-will-forever-hate-roses,I Will Forever Hate Roses,0,1,1
i-will-glory-in-the-cross,I Will Glory In The Cross,0,0,1
i-will-miss-you-when-you-go,I Will Miss You When You Go,0,1,1
i-will-pilot-thee,I Will Pilot Thee,0,0,0
i-will-take-care-of-you,I Will Take Care Of You,0,0,2
i-will-trade-the-old-cross-for-a-crown,I Will Trade the Old Cross for a Crown,1,0,0
i-wished-upon-my-little-golden-horse-shoe,I Wished Upon My Little Golden Horse Shoe,0,0,0
i-wish-i-could-be,I Wish I Could Be,0,0,0
i-wish-i-could-fall-in-love-again,I Wish I Could Fall in Love Again,0,0,0
i-wish-i-could-fall-in-love-today,I Wish I Could Fall In Love Today,0,0,1
i-wish-i-could-love-that-much-again,I Wish I Could Love That Much Again,0,0,0
i-wish-i-could-say-no-to-you,I Wish I Could Say No To You,0,0,0
i-wish-i-could-say-the-same,I Wish I Could Say The Same,0,0,0
i-wish-i-could-write-you-a-song,I Wish I Could Write You A Song,0,0,1
i-wish-i-didnt-love-you-so,I Wish I Didn’t Love You So,0,0,1
i-wish-i-d-never,I Wish I'd Never,0,0,1
i-wish-i-felt-this-way-at-home,I Wish I Felt This Way At Home,0,1,1
i-wish-i-had-a-girl,I Wish I Had A Girl,0,0,1
i-wish-i-had-a-million-friends,I Wish I Had A Million Friends,0,0,1
i-wish-i-had-a-nickel,I Wish I Had a Nickel,0,2,1
i-wish-i-had-loved-her-that-way,I Wish I Had Loved Her That Way,0,0,1
i-wish-i-had-never-seen-sunshine,I Wish I Had Never Seen Sunshine,0,1,2
i-wish-i-had-something,I Wish I Had Something,0,0,1
i-wish-i-knew,I Wish I Knew,0,2,13
i-wish-i-loved-somebody-else,I Wish I Loved Somebody Else,0,0,1
i-wish-i-may-i-wish-i-might,I Wish I May I Wish I Might,0,0,0
i-wish-it-could-be-christmas-all-year-long,I Wish It Could Be Christmas All Year Long,0,0,0
i-wish-it-had-been-a-dream,I Wish It Had Been A Dream,0,1,2
i-wish-it-would-rain,I Wish It Would Rain,0,1,2
i-wish-i-was-a-mole-in-the-ground,I Wish I Was A Mole In The Ground,1,1,2
i-wish-i-was-crazy-again,I Wish I Was Crazy Again,0,0,2
i-wish-i-was-eighteen-again,I Wish I Was Eighteen Again,0,0,1
i-wish-i-was-santa-claus,I Wish I Was Santa Claus,0,0,0
i-wish-i-was-wrong,I Wish I Was Wrong,0,0,1
i-wish-somebody-loved-me,I Wish Somebody Loved Me,0,0,1
i-wish-that-i-could-hurt-that-way-again,I Wish That I Could Hurt That Way Again,0,0,1
i-wish-this-night-would-never-end,I Wish This Night Would Never End,0,0,0
i-wish-you-could-have-turned-my-head,I Wish You Could Have Turned My Head,0,0,0
i-wish-you-knew,I Wish You Knew,1,9,2
i-wish-you-love,I Wish You Love,0,2,4
i-wish-you-were-here-oh-my-darlin,I Wish You Were Here (Oh My Darlin'),0,0,0
i-wish-you-were-more-like-your-memory,I Wish You Were More Like Your Memory,0,0,0
i-wish-you-would-leave-me-alone,I Wish You Would Leave Me Alone,0,0,0
i-woke-up-from-dreaming,I Woke Up From Dreaming,0,0,1
i-woke-up-just-in-time,I Woke Up Just In Time,0,0,0
i-won-all-the-battles,I Won All The Battles,0,0,0
i-wonder,I Wonder,0,4,64
i-wonder-do-you-think-of-me,I Wonder Do You Think Of Me,1,0,1
i-wonder-how-it-is-in-colorado,I Wonder How It Is In Colorado,0,0,0
i-wonder-how-john-felt-when-he-baptized-jesus,I Wonder How John Felt (When He Baptized Jesus),0,0,1
i-wonder-how-the-old-folks-are-at-home,I Wonder How The Old Folks Are At Home,1,11,1
i-wonder-if-i-care-as-much,I Wonder If I Care As Much,0,1,1
i-wonder-if-i-ever-said-goodbye,I Wonder If I Ever Said Goodbye,0,0,0
i-wonder-if-she-knows,I Wonder If She Knows,0,0,1
i-wonder-if-the-angels-could-use-another-singer,I Wonder If The Angels Could Use Another Singer,0,0,0
i-wonder-if-they-ever-think-of-me,I Wonder If They Ever Think Of Me,0,0,1
i-wonder-if-you-feel-the-way-i-do,I Wonder if You Feel the Way I Do,0,4,1
i-wonder-if-you-know,I Wonder If You Know,1,1,0
i-wonder-if-you-told-her-about-me,I Wonder If You Told Her About Me,0,0,0
i-wonder-what-he-s-doing-tonight,I Wonder What He's Doing Tonight,0,0,0
i-wonder-what-shell-think-about-me-leaving,I Wonder What She’ll Think About Me Leaving,0,0,1
i-wonder-what-the-weather-s-like-in-charleston,I Wonder What The Weather's Like In Charleston,0,0,1
i-wonder-where-i-ll-find-you-at-tonight,I Wonder Where I'll Find You At Tonight,0,0,0
i-wonder-where-ill-find-you-at-tonight,I Wonder Where I’ll Find You At Tonight,0,0,0
i-wonder-where-we-d-be-tonight,I Wonder Where We'd Be Tonight,0,0,1
i-wonder-where-you-are-tonight,I Wonder Where You Are Tonight,1,26,2
i-wonder-where-you-are-tonight-1,I Wonder Where You Are Tonight,1,26,2
i-wonder-who-s-building-the-bridge,I Wonder Who's Building The Bridge,0,0,0
i-wonder-whos-kissing-him-now,I Wonder Who’s Kissing Him Now,0,0,0
i-wonder-who-s-missing-you-now,I Wonder Who's Missing You Now,0,0,0
i-wonder-why-i-worry-over-you,I Wonder Why I Worry Over You,0,0,2
i-wonder-why-you-said-goodbye,I Wonder Why You Said Goodbye,1,5,1
i-wonder-why-you-said-goodbye-1,I Wonder Why You Said Goodbye,1,5,1
i-won-t-be-back-tonight-1,I Won't Be Back Tonight,0,0,1
i-won-t-be-crying-anymore,I Won't Be Crying Anymore,0,0,0
i-won-t-be-hanging-around,I Won't Be Hanging Around,1,2,0
i-won-t-be-home-no-more,I Won't Be Home No More,0,0,1
i-won-t-be-needing-you,I Won't Be Needing You,0,0,1
i-won-t-be-sleeping-alone,I Won't Be Sleeping Alone,0,0,0
i-won-t-care-what-happens-to-me,I Won't Care What Happens To Me,0,0,0
i-won-t-cheat-on-you-again,I Won't Cheat On You Again,0,0,0
i-won-t-come-in-while-he-s-there,I Won't Come In While He's There,0,0,1
i-won-t-decorate-your-christmas-tree,I Won't Decorate Your Christmas Tree,0,0,0
i-won-t-forget-you,I Won't Forget You,0,0,6
i-won-t-gamble-with-your-love,I Won't Gamble With Your Love,0,1,0
i-won-t-get-over-losing-you,I Won't Get Over Losing You,0,0,0
i-won-t-get-over-you,I Won't Get Over You,0,0,0
i-won-t-give-up-on-you,I Won't Give Up On You,0,0,3
i-won-t-go-hunting-with-you-jake,I Won't Go Hunting With you Jake,0,0,0
i-won-t-have-to-cross-jordan-alone,I Won't Have to Cross Jordan Alone,0,1,2
i-won-t-have-to-worry-anymore,I Won't Have To Worry Anymore,0,0,0
i-wont-let-you-down,I Won’t Let You Down,0,1,15
i-won-t-live-that-long,I Won't Live That Long,0,0,0
i-won-t-mention-it-again,I Won't Mention it Again,0,0,1
i-won-t-need-you-anymore,I Won't Need You Anymore,0,0,0
i-wont-take-less-than-your-love,I Won’t Take Less Than Your Love,0,0,1
i-worship-you,I Worship You,0,1,6
i-would-crawl-all-the-way-to-the-river,I Would Crawl All The Way To The River,0,0,0
i-would-do-anything-for-you,I Would Do Anything For You,0,0,3
i-would-fly,I Would Fly,0,1,2
i-would-have-loved-you-all-night-long,I Would Have Loved You All Night Long,1,0,0
i-would-like-to-see-you-again,I Would Like To See You Again,0,0,1
i-wouldn-t-buy-a-used-car-from-him,I Wouldn't Buy A Used Car From Him,0,0,0
i-wouldn-t-change-a-thing-about-you,I Wouldn't Change A Thing About You,0,0,0
i-wouldn-t-change-you-if-i-could,I Wouldn't Change You If I Could,1,10,2
i-wouldn-t-have-missed-it-for-the-world,I Wouldn't Have Missed It For The World,0,0,1
i-wouldn-t-have-you-any-other-way,I Wouldn't Have You Any Other Way,0,0,1
i-wouldn-t-know-where-to-begin,I Wouldn't Know Where To Begin,0,0,1
i-wouldn-t-live-in-new-york-city,I Wouldn't Live In New York City,0,0,0
i-wouldnt-mind-dying,I Wouldn’t Mind Dying,1,0,0
i-wouldn-t-miss-it-for-the-world,I Wouldn't Miss It For The World,0,1,1
i-wouldn-t-take-a-million-dollars-for-a-single-maple-leaf,I Wouldn't Take A Million Dollars For A Single Maple Leaf,0,0,0
i-wouldn-t-take-her-to-a-dog-fight,I Wouldn't Take Her To A Dog Fight,0,0,0
i-wouldnt-take-nothing-for-my-journey-now,I Wouldn’t Take Nothing For My Journey Now,0,0,1
i-wouldnt-take-nothing-for-my-journey-now-1,I Wouldn’t Take Nothing For My Journey Now,0,0,1
i-wouldn-t-want-to-live,I Wouldn't Want To Live,0,0,0
i-wouldn-t-want-you-any-other-way,I Wouldn't Want You Any Other Way,0,0,1
i-wound-easy-but-i-heal-fast,I Wound Easy (But I Heal Fast),0,0,1
jack-daniels-if-you-please,Jack Daniels If You Please,0,0,0
jack-o-diamonds,Jack O' Diamonds,1,4,3
jackson,Jackson,1,7,9
jackson-aint-a-very-big-town,Jackson Ain’t A Very Big Town,0,0,1
jackson-s-breakdown,Jackson's Breakdown,0,0,0
jacksonville,Jacksonville,0,0,3
jacob-s-ladder,Jacob's Ladder,0,3,21
jacobs-ladder,Jacob’s Ladder,0,3,21
jacob-s-vision,Jacob's Vision,0,2,2
jacob-s-well,Jacob's Well,0,0,0
jailbreak,Jailbreak,1,1,13
jailhouse-rock,Jailhouse Rock,0,1,1
jamaica-farewell,Jamaica Farewell,0,0,3
jambalaya,Jambalaya,1,11,11
jane,Jane,0,0,37
janey,Janey,0,0,2
january-april-and-me,January April And Me,0,0,0
jason-s-farm,Jason's Farm,0,0,1
jealous-darling,Jealous Darling,0,0,0
jealous-heart,Jealous Heart,1,4,4
jealous-hearted-me,Jealous Hearted Me,0,2,0
jealous-lies,Jealous Lies,0,0,0
jealous-loving-heart,Jealous Loving Heart,0,0,1
jealously-insane,Jealously Insane,0,0,0
jealousy,Jealousy,0,3,91
jean,Jean,0,2,19
jeannie-and-johnny,Jeannie And Johnny,0,0,0
jeannie-marie-you-were-a-lady,Jeannie Marie You Were A Lady,0,0,0
jeannie-norman,Jeannie Norman,0,0,0
jeannie-s-afraid-of-the-dark,Jeannie's Afraid Of The Dark,0,2,1
jeannies-last-kiss,Jeannie’s Last Kiss,0,0,1
jenny,Jenny,0,2,59
jenny-baker,Jenny Baker,0,1,0
jenny-in-the-cotton-patch,Jenny in the Cotton Patch,0,2,0
jenny-lind,Jenny Lind,0,4,0
jenny-lou,Jenny Lou,0,0,0
jenny-lynn,Jenny Lynn,1,6,3
jerry-s-bar-and-grill,Jerry's Bar And Grill,0,0,0
jerusalem-ridge,Jerusalem Ridge,1,23,1
jerusalem-ridge-ensemble,Jerusalem Ridge (ensemble),1,0,0
jesse-james,Jesse James,1,23,13
jesus-and-the-atheist,Jesus And The Atheist,0,0,0
jesus-answers-my-prayers,Jesus Answers My Prayers,0,1,0
jesus-built-a-bridge-to-heaven,Jesus Built A Bridge To Heaven,0,1,0
jesus-cares-for-me,Jesus Cares For Me,0,0,0
jesus-cares-for-me-1,Jesus Cares For Me,0,0,0
jesus-cares-what-happens-to-me,Jesus Cares What Happens To Me,0,0,0
jesus-christ,Jesus Christ,0,0,10
jesus-christ-what-a-man,Jesus Christ What A Man,0,0,1
jesus-died-for-me,Jesus Died For Me,0,0,1
jesus-don-t-give-up-on-me,Jesus Don't Give Up On Me,0,0,1
jesus-don-t-turn-me-away,Jesus Don't Turn Me Away,0,0,1
jesus-hears-he-cares-he-can,Jesus Hears He Cares He Can,0,0,0
jesus-help-me-to-stand,Jesus Help Me To Stand,0,2,1
jesus-hold-my-hand,Jesus Hold My Hand,1,7,1
jesus-i-need-to-talk-to-you,Jesus I Need To Talk To You,0,0,0
jesus-is-a-cowboy,Jesus Is a Cowboy,0,0,0
jesus-is-a-good-ole-boy,Jesus Is A Good Ole Boy,0,0,0
jesus-is-all-i-need,Jesus Is All I Need,0,0,0
jesus-is-a-rock,Jesus is a Rock,0,0,0
jesus-is-a-soul-man,Jesus Is A Soul Man,0,0,1
jesus-is-a-soul-saving-man,Jesus Is A Soul Saving Man,0,0,1
jesus-is-calling,Jesus Is Calling,0,1,2
jesus-is-coming,Jesus Is Coming,0,3,2
jesus-is-coming-soon,Jesus Is Coming Soon,0,2,1
jesus-is-coming-soon-1,Jesus Is Coming Soon,0,2,1
jesus-is-knocking-at-the-door,Jesus Is Knocking at the Door,0,0,0
jesus-is-living-in-me,Jesus Is Living In Me,0,2,0
jesus-is-my-kind-of-people,Jesus Is My Kind Of People,0,0,1
jesus-is-the-best-thing-that-ever-happened-to-me,Jesus Is The Best Thing That Ever Happened To Me,0,0,0
jesus-is-the-only-one-that-loves-us,Jesus Is The Only One That Loves Us,0,0,1
jesus-it-s-me-again,Jesus It's Me Again,0,0,1
jesus-keep-me-near-the-cross,Jesus Keep Me Near The Cross,0,0,1
jesus-knows,Jesus Knows,0,0,1
jesus-living-next-to-me,Jesus Living Next To Me,0,0,0
jesus-loved-the-devil-out-of-me,Jesus Loved The Devil Out Of Me,0,0,0
jesus-loves-me,Jesus Loves Me,0,5,10
jesus-makes-house-calls,Jesus Makes House Calls,0,0,0
jesus-now-more-than-ever,Jesus Now More Than Ever,0,0,0
jesus-on-the-mainline,Jesus On The Mainline,1,4,2
jesus-our-savior,Jesus Our Savior,0,0,1
jesus-paid-it-all,Jesus Paid It All,0,1,4
jesus-put-a-yodel-in-my-soul,Jesus Put A Yodel In My Soul,0,0,0
jesus-remembered-me,Jesus Remembered Me,0,0,1
jesus-saved-me,Jesus Saved Me,0,0,1
jesus-savior-pilot-me,Jesus Savior Pilot Me,1,7,1
jesus-savior-pilot-me-1,Jesus Savior Pilot Me,1,7,1
jesus-take-another-look-at-me,Jesus Take Another Look At Me,0,0,0
jesus-take-hold,Jesus Take Hold,0,0,0
jesus-take-the-wheel,Jesus Take The Wheel,0,1,1
jesus-took-my-burden,Jesus Took My Burden,0,0,0
jesus-took-the-outlaw-out-of-me,Jesus Took The Outlaw Out Of Me,0,0,0
jesus-use-me,Jesus Use Me,0,0,0
jesus-walked-upon-the-water,Jesus Walked Upon The Water,0,0,0
jesus-wants-me,Jesus Wants Me,0,0,1
jesus-was-a-capricorn,Jesus Was A Capricorn,0,0,1
jesus-was-a-carpenter,Jesus Was A Carpenter,0,0,1
jesus-wept,Jesus Wept,0,0,7
jesus-will-save-your-soul,Jesus Will Save Your Soul,0,1,1
jilted-love,Jilted Love,0,0,0
jim-blakes-message,Jim Blake’s Message,0,0,0
jimbo-jenkins,Jimbo Jenkins,0,0,1
jim-bridger,Jim Bridger,0,0,1
jim-jack-and-rose,Jim Jack and Rose,0,0,0
jimmie-brown-the-newsboy,Jimmie Brown The Newsboy,1,13,0
jimmy-brown-the-news-boy,Jimmy Brown The News Boy,0,7,0
jimmy-brown-the-newsboy,Jimmy Brown the Newsboy,1,12,1
jimmy-johnson-pass-that-jug-around-the-hill,Jimmy Johnson Pass that Jug Around the Hill,0,0,0
jimmy-martinez,Jimmy Martinez,0,0,1
jimmy-was-a-drinking-kind-of-man,Jimmy Was A Drinking Kind Of Man,0,0,0
jingle-bell-rock,Jingle Bell Rock,0,2,3
jingle-bells,Jingle Bells,1,25,48
jinx-in-love,Jinx In Love,0,0,0
jo-and-the-cowboy,Jo And The Cowboy,0,0,1
joanna,Joanna,0,0,26
job-description,Job Description,0,1,1
jody-and-the-kid,Jody And The Kid,0,0,1
jody-like-a-melody,Jody Like A Melody,0,0,1
joe-and-mabel-s-12th-street-bar-and-grill,Joe and Mabel's 12th Street Bar And Grill,0,0,0
joe-knows-how-to-live,Joe Knows How To Live,0,1,0
joe-s-been-a-gettin-there,Joe's Been A Gettin' There,0,0,0
joe-smith,Joe Smith,0,0,0
joey,Joey,0,0,23
joey-s-back-in-town,Joey's Back In Town,0,0,0
john-boat-blues,John Boat Blues,0,0,0
john-browns-dream,John Brown's Dream,1,10,1
john-deere-tractor,John Deere Tractor,1,7,1
john-hardy,John Hardy,1,49,5
john-henry,John Henry,1,75,16
john-henry-1,John Henry,1,75,16
john-henry-blues,John Henry Blues,1,10,0
john-jacob-jingleheimer-schmidt,John Jacob Jingleheimer Schmidt,1,0,1
johnny-and-sally,Johnny And Sally,0,0,0
johnny-b-goode,Johnny B. Goode,0,4,2
johnny-freedom,Johnny Freedom,0,0,1
johnny-has-gone-for-soldier,Johnny Has Gone for Soldier,1,0,0
johnny-leary-s-polka,Johnny Leary's Polka,0,0,0
johnny-my-love-grandma-s-diary,Johnny My Love (Grandma's Diary),0,0,0
johnny-one-time,Johnny One Time,0,0,1
johnny-reb,Johnny Reb,0,1,1
johnny-snowman,Johnny Snowman,0,0,0
johnny-stole-a-ham,Johnny Stole a Ham,0,0,0
johnny-the-blacksmith,Johnny the Blacksmith,0,3,0
john-paul-jones,John Paul Jones,0,0,2
jolene,Jolene,1,8,13
jonah-and-the-whale,Jonah And The Whale,0,3,1
jones-on-the-jukebox,Jones On The Jukebox,0,0,0
jordan,Jordan,1,5,12
jordan-am-a-hard-road-to-travel,Jordan Am A Hard Road To Travel,1,9,0
joseph-and-mary-s-boy,Joseph And Mary's Boy,0,0,1
joseph-built-the-cradle,Joseph Built The Cradle,0,0,0
joshua,Joshua,1,5,14
josie,Josie,0,0,10
journey-my-baby-back-home,Journey My Baby Back Home,0,0,0
journey-s-end,Journey's End,1,4,44
journeys-end,Journey’s End,1,4,44
journey-to-my-savior-s-side,Journey to My Savior's Side,0,1,0
joy-bells-ringing-in-my-soul,Joy Bells Ringing In My Soul,0,0,0
joy-explosion,Joy Explosion,0,0,0
joyride,Joyride,0,0,33
joy-to-the-world,Joy To The World,1,23,39
joy-to-the-world-1,Joy To The World,1,23,39
jubilee-waltz,Jubilee Waltz,0,0,1
judge-my-soul-again,Judge My Soul Again,0,0,0
judge-of-hearts,Judge Of Hearts,0,0,1
judy,Judy,0,0,31
judy-1,Judy,0,0,31
judy-judy-judy,Judy Judy Judy,0,0,2
jukebox-argument,Jukebox Argument,0,0,0
jukebox-charlie,Jukebox Charlie,0,0,0
jukebox-cinderella,Jukebox Cinderella,0,0,0
jukebox-in-my-mind,Jukebox In My Mind,0,0,1
jukebox-man,Jukebox Man,0,0,0
juke-joint-johnny,Juke Joint Johnny,0,0,0
julianne,Julianne,0,2,4
julianne-flanagan,Julianne Flanagan,0,0,0
julie,Julie,0,2,33
julie-1,Julie,0,2,33
julie-2,Julie,0,2,33
julie-ann-come-on-home,Julie Ann Come On Home,1,0,0
july-you-re-a-woman,July You're A Woman,0,0,1
june-apple,June Apple,1,19,1
june-is-as-cold-as-december,June Is as Cold as December,0,0,1
june-or-september,June Or September,0,0,0
just-a-bend-of-the-road,Just A Bend Of The Road,0,0,1
just-about-that-time,Just About That Time,0,0,1
just-about-time,Just About Time,0,0,0
just-a-closer-walk-with-thee,Just a Closer Walk With Thee,1,10,7
just-across-the-bridge-of-gold,Just Across the Bridge of Gold,0,0,0
just-across-the-rio-grande,Just Across The Rio Grande,0,0,1
just-a-dream,Just A Dream,0,2,35
just-a-drink-away,Just A Drink Away,0,0,1
just-a-few-more-days,Just A Few More Days,0,0,2
just-a-foolish-notion,Just A Foolish Notion,0,0,0
just-a-girl-i-used-to-know,Just A Girl I Used To Know,0,1,0
just-aint,Just Ain’t,1,7,0
just-a-little-bit-sweet,Just A Little Bit Sweet,0,0,1
just-a-little-lonesome,Just A Little Lonesome,0,0,0
just-a-little-love,Just A Little Love,0,0,6
just-a-little-loving,Just a Little Loving,0,0,0
just-a-little-sunshine-in-the-rain,Just A Little Sunshine In The Rain,0,0,0
just-a-little-talk-with-jesus,Just a Little Talk With Jesus,1,20,1
just-a-little-thing,Just A Little Thing,0,0,1
just-a-little-too-much,Just A Little Too Much,0,1,1
just-a-little-while-ago,Just A Little While Ago,0,0,0
just-along-for-the-ride,Just Along For The Ride,0,0,1
just-a-memory,Just A Memory,0,2,13
just-an-old-faded-photograph,Just An Old Faded Photograph,0,0,0
just-an-old-flame,Just an Old Flame,0,0,1
just-an-old-love,Just An Old Love,0,0,0
just-another-broken-heart,Just Another Broken Heart,1,4,2
just-another-day,Just Another Day,1,0,49
just-another-lie,Just Another Lie,0,0,1
just-another-man,Just Another Man,0,0,2
just-another-woman-in-love,Just Another Woman In Love,0,0,1
just-any-day-now,Just Any Day Now,0,1,0
just-a-plain-old-country-boy,Just A Plain Old Country Boy,0,0,1
just-a-rose-will-do,Just A Rose Will Do,0,1,1
just-as-i-am,Just As I Am,0,3,9
just-as-i-am-1,Just As I Am,0,3,9
just-as-i-am-2,Just As I Am,0,3,9
just-a-simple-song,Just A Simple Song,0,0,1
just-ask-your-heart,Just Ask Your Heart,0,0,1
just-as-long-as-i-have-you,Just As Long As I Have You,0,0,1
just-as-soon-as-i-get-over-loving-you,Just As Soon As I Get Over Loving You,0,0,1
just-as-the-sun-went-down,Just as the Sun Went Down,1,0,0
just-a-strand-from-a-yellow-curl,Just A Strand From A Yellow Curl,0,3,0
just-at-dawn,Just At Dawn,0,0,1
just-because,Just Because,0,10,30
just-because-im-a-woman,Just Because I’m A Woman,0,1,1
just-because-it-feels-good,Just Because It Feels Good,0,0,0
just-before-the-battle-mother,Just Before The Battle Mother,0,1,2
just-between-the-two-of-us,Just Between the Two of Us,0,1,2
just-between-you-and-me,Just Between You and Me,0,2,4
just-beyond-the-moon,Just Beyond The Moon,0,0,0
just-biding-my-time,Just Biding My Time,0,0,0
just-call-me-lonesome,Just Call Me Lonesome,0,0,3
just-call-me-lonesome-1,Just Call Me Lonesome,0,0,3
just-can-t-live-that-fast,Just Can't Live That Fast,0,0,0
just-do-the-best-you-can,Just Do The Best You Can,0,0,0
just-dropped-in,Just Dropped In,0,0,0
just-enough-love-for-one-woman,Just Enough Love For One Woman,0,0,0
just-enough-to-keep-me-hanging-on,Just Enough To Keep Me Hanging On,0,0,0
just-enough-to-start-me-dreamin,Just Enough To Start Me Dreamin',0,0,1
just-for-old-time-sake,Just For Old Time Sake,0,0,0
just-for-the-love-of-it,Just For The Love Of It,0,0,1
just-for-the-record,Just For The Record,0,0,3
just-for-the-sake-of-the-thrill,Just For The Sake Of The Thrill,0,0,0
just-for-what-i-am,Just For What I Am,0,0,0
just-for-you,Just For You,0,4,49
just-for-you-1,Just For You,0,4,49
just-for-you-2,Just For You,0,4,49
just-for-you-3,Just For You,0,4,49
just-get-up-and-close-the-door,Just Get Up And Close The Door,0,0,0
just-give-me-love,Just Give Me Love,0,0,1
just-give-me-what-you-think-is-fair,Just Give Me What You Think Is Fair,0,0,1
just-good-ol-boys,Just Good Ol' Boys,0,0,0
just-hangin-on,Just Hangin’ On,0,0,0
just-how-bad-do-you-wanna-be-good,Just How Bad Do You Wanna Be Good,0,0,0
just-how-bad-do-you-wanna-feel-good,Just How Bad Do You Wanna Feel Good,1,0,0
just-how-little-i-know,Just How Little I Know,0,0,0
just-imagination,Just Imagination,0,0,0
just-in-case,Just In Case,0,2,10
just-in-case-1,Just In Case,0,2,10
just-in-case-2,Just In Case,0,2,10
just-in-case-3,Just In Case,0,2,10
just-in-time,Just In Time,0,2,14
just-in-time-1,Just In Time,0,2,14
just-in-time-2,Just In Time,0,2,14
just-in-time-lyrics-chords,Just In Time Lyrics chords,0,0,0
just-in-time-to-watch-love-die,Just In Time (To Watch Love Die),0,0,0
just-keep-a-moving,Just Keep A Moving,0,0,0
just-keep-on-thinking-of-me,Just Keep On Thinking Of Me,0,0,0
just-leave-me-alone,Just Leave Me Alone,0,0,2
just-leave-the-door-open,Just Leave The Door Open,0,0,0
just-let-me-know-lyrics-and-chords,Just Let Me Know Lyrics and Chords,0,0,0
just-let-me-make-believe,Just Let Me Make Believe,0,0,1
just-like-a-fool,Just Like A Fool,0,0,0
just-like-a-stranger,Just Like A Stranger,0,0,0
just-like-i-knew,Just Like I Knew,0,0,0
just-like-old-times,Just Like Old Times,0,0,6
just-like-that,Just Like That,0,0,21
just-like-walkin-in-the-sunshine,Just Like Walkin' In The Sunshine,0,0,0
just-like-your-daddy,Just Like Your Daddy,0,0,0
just-long-enough-to-say-goodbye,Just Long Enough To Say Goodbye,0,0,0
just-look-at-me,Just Look At Me,0,0,4
just-loving-you,Just Loving You,0,2,7
just-loving-you-1,Just Loving You,0,2,7
just-lovin-you,Just Lovin’ You,0,3,0
just-married,Just Married,0,0,7
just-married-lyrics-chords,Just Married Lyrics chords,0,0,0
just-now-thought-of-you,Just Now Thought Of You,0,0,0
just-one-drink-away,Just One Drink Away,0,0,0
just-one-look,Just One Look,0,0,7
just-one-more,Just One More,0,3,5
just-one-more-lie,Just One More Lie,0,0,1
just-one-more-soul,Just One More Soul,0,0,0
just-one-of-a-kind,Just One Of A Kind,0,2,0
just-one-teardrop,Just One Teardrop,1,2,0
just-one-time,Just One Time,0,1,4
just-out-of-reach,Just Out of Reach,0,0,8
just-outside-the-church,Just Outside The Church,0,0,0
just-over-in-the-gloryland,Just Over In The Gloryland,1,8,0
just-over-yonder,Just Over Yonder,0,1,0
just-partners,Just Partners,0,0,0
just-passin-through,Just Passin’ Through,0,1,1
just-plain-lonely,Just Plain Lonely,0,0,1
just-playin-possum,Just Playin' Possum,0,1,1
just-pretend,Just Pretend,0,0,5
just-put-a-ribbon-in-your-hair,Just Put A Ribbon In Your Hair,0,1,1
just-ridin-through,Just Ridin' Through,0,0,0
just-say-goodbye,Just Say Goodbye,0,0,5
just-someone-i-used-to-know,Just Someone I Used to Know,0,3,1
just-someone-i-used-to-know-1,Just Someone I Used to Know,0,3,1
just-take-a-moment,Just Take A Moment,0,0,1
just-the-other-side-of-nowhere,Just The Other Side Of Nowhere,0,1,1
just-the-other-side-of-nowhere-1,Just The Other Side Of Nowhere,0,1,1
just-the-two-of-us,Just The Two Of Us,0,3,12
just-the-way-that-i-am,Just The Way That I Am,0,0,0
just-thought-i-d-let-you-know,Just Thought I'd Let You Know,0,0,1
just-to-be-loved-by-you,Just To Be Loved By You,0,0,1
just-to-be-where-you-are,Just To Be Where You Are,0,0,0
just-to-ease-the-pain,Just To Ease The Pain,0,0,1
just-to-hold-a-little-hand,Just To Hold A Little Hand,0,0,0
just-to-hold-her,Just To Hold Her,0,0,0
just-to-love-a-girl-like-you,Just To Love A Girl Like You,0,0,0
just-too-tired-to-fight-it,Just Too Tired To Fight It,0,0,1
just-to-prove-my-love-for-you,Just To Prove My Love For You,0,0,0
just-to-satisfy-the-weakness-in-a-man,Just To Satisfy The Weakness In A Man,0,0,0
just-to-satisfy-you,Just To Satisfy You,0,0,1
just-treat-me-kind,Just Treat Me Kind,0,0,0
just-two-strangers-passing-in-the-night,Just Two Strangers Passing In The Night,0,0,0
just-waitin,Just Waitin',0,0,1
just-waiting-for-you,Just Waiting For You,0,0,0
just-wait-till-i-get-you-alone,Just Wait Till I Get You Alone,0,0,0
just-walk-a-little-closer,Just Walk A Little Closer,0,0,0
just-walking-in-the-rain,Just Walking in the Rain,0,0,0
just-what-i-had-in-mind,Just What I Had In Mind,0,0,0
just-what-i-ve-been-looking-for,Just What I've Been Looking For,0,0,2
just-when-i-needed-you,Just When I Needed You,1,12,1
just-when-i-needed-you-most,Just When I Needed You Most,0,3,1
just-who-is-to-blame,Just Who Is To Blame,0,0,1
just-wondering-why,Just Wondering Why,1,5,1
just-your-conscience,Just Your Conscience,0,0,0
kansas-city,Kansas City,0,3,12
kansas-city-blues,Kansas City Blues,0,1,3
kansas-city-song,Kansas City Song,0,0,1
kansas-city-star,Kansas City Star,0,1,1
kansas-city-stockyards,Kansas City Stockyards,0,0,0
kate,Kate,0,0,12
kathy-on-my-mind,Kathy On My Mind,0,0,0
katie-dear,Katie Dear,1,4,2
katy-brought-my-guitar-back-today,Katy Brought My Guitar Back Today,0,0,1
katy-cline,Katy Cline,1,7,1
katy-daley,Katy Daley,1,3,1
katy-daley-1,Katy Daley,1,3,1
katy-dear,Katy Dear,1,12,1
katy-hill,Katy Hill,1,38,1
katy-too,Katy Too,0,0,1
kaw-liga,Kaw-Liga,0,3,2
kaw-liga-1,Kaw-liga,0,3,2
kay,Kay,0,0,3
keep-a-knockin,Keep A Knockin',0,0,5
keep-a-memory,Keep A Memory,0,2,1
keeper-of-my-heart,Keeper Of My Heart,0,0,4
keeper-of-my-heart-1,Keeper Of My Heart,0,0,4
keeper-of-my-heart-2,Keeper Of My Heart,0,0,4
keeper-of-the-flame,Keeper Of The Flame,0,0,12
keeper-of-the-stars,Keeper Of The Stars,0,0,0
keeping-up-appearances,Keeping Up Appearances,0,0,2
keeping-up-with-the-joneses,Keeping Up With The Joneses,0,1,3
keepin-on,Keepin' On,0,0,0
keep-it-a-secret,Keep It a Secret,0,0,2
keep-it-between-the-lines,Keep It Between The Lines,0,1,1
keep-me-from-blowing-away,Keep Me From Blowing Away,0,4,0
keep-me-from-cryin-today,Keep Me From Cryin' Today,0,0,0
keep-my-love-with-you,Keep My Love With You,0,2,0
keep-my-memory-in-your-heart,Keep My Memory In Your Heart,0,0,0
keep-on-dreamin,Keep On Dreamin',0,0,2
keep-on-going,Keep On Going,0,1,10
keep-on-holding-to-those-nail-scarred-hands,Keep On Holding To Those Nail Scarred Hands,0,0,0
keep-on-loving-me,Keep On Loving Me,0,0,0
keep-on-lovin-you,Keep On Lovin' You,0,0,4
keep-on-rollin-down-the-line,Keep On Rollin' Down The Line,0,0,0
keep-on-telling-me-lies,Keep On Telling Me Lies,0,0,0
keep-on-the-firing-line,Keep On The Firing Line,1,6,1
keep-on-the-sunny-side,Keep On The Sunny Side,1,26,2
keep-the-change,Keep The Change,0,1,5
keep-the-lamp-on-sadie,Keep The Lamp On Sadie,0,0,1
keep-those-cards-and-letters-coming-in,Keep Those Cards And Letters Coming In,0,0,2
keep-your-change,Keep Your Change,0,0,0
keep-your-distance,Keep Your Distance,0,1,8
keep-your-lure-in-the-water,Keep Your Lure In The Water,0,1,0
keep-your-promise-willie-thomas,Keep Your Promise Willie Thomas,0,0,0
keith-s-waltz,Keith's Waltz,0,0,0
kenloch-jig,Kenloch Jig,0,0,0
kentucky,Kentucky,1,12,5
kentucky-bluebird,Kentucky Bluebird,1,0,1
kentucky-borderline,Kentucky Borderline,0,1,1
kentucky-gambler,Kentucky Gambler,0,2,1
kentucky-girl,Kentucky Girl,1,4,2
kentucky-homemade-christmas,Kentucky Homemade Christmas,0,0,1
kentucky-in-the-morning,Kentucky In The Morning,0,2,1
kentucky-limit,Kentucky Limit,1,0,0
kentucky-mandolin,Kentucky Mandolin,1,6,1
kentucky-mountain,Kentucky Mountain,0,1,1
kentucky-quadrille,Kentucky Quadrille,1,0,0
kentucky-rain,Kentucky Rain,0,0,1
kentucky-reel,Kentucky Reel,1,0,0
kentucky-waltz,Kentucky Waltz,1,19,1
kentucky-winder,Kentucky Winder,0,2,0
kentucky-woman,Kentucky Woman,0,0,1
kern-river,Kern River,0,0,1
kern-river-blues,Kern River Blues,0,0,0
keys-to-the-kingdom,Keys to the Kingdom,0,2,9
key-to-happiness,Key To Happiness,0,0,0
key-to-the-kingdom,Key To The Kingdom,0,1,4
kickin-in,Kickin' In,0,0,4
kickin-mule,Kickin’ Mule,1,4,1
kickin-our-hearts-around,Kickin' Our Hearts Around,0,0,1
kids-get-lonely,Kids Get Lonely,0,0,0
kids-of-the-baby-boom,Kids of the Baby Boom,0,1,1
kids-say-the-darnedest-things,Kids Say The Darnedest Things,0,0,0
kid-stuff,Kid Stuff,0,0,3
kildare-fancy,Kildare Fancy,0,0,1
kill-him-with-kindness,Kill Him With Kindness,0,0,0
killin-time,Killin' Time,1,0,4
kimberley-jim,Kimberley Jim,0,0,0
kinda-halfway-feel,Kinda Halfway Feel,0,0,1
king-and-queen,King And Queen,0,0,7
king-creole,King Creole,0,0,2
king-jesus,King Jesus,0,2,1
king-lear,King Lear,0,0,8
king-of-all-reels,King of all Reels,0,0,0
king-of-a-lonely-castle,King Of A Lonely Castle,0,0,1
king-of-california,King of California,1,3,3
king-of-country-music,King Of Country Music,0,0,1
king-of-fools,King Of Fools,0,0,12
king-of-fools-1,King Of Fools,0,0,12
king-of-kings,King Of Kings,0,0,29
king-of-the-mountain,King Of The Mountain,0,0,10
king-of-the-mountain-1,King Of The Mountain,0,0,10
king-of-the-road-1,King of the Road,0,3,8
king-pippin-polka,King Pippin Polka,0,0,0
kingston-girl,Kingston Girl,0,0,1
kin-to-the-wind,Kin To The Wind,0,0,1
kismet,Kismet,0,0,20
kiss-a-me-love-a-me,Kiss A Me Love A Me,0,0,0
kiss-an-angel-good-morning,Kiss an Angel Good Morning,0,0,0
kisses-don-t-lie,Kisses Don't Lie,0,0,3
kisses-never-lie,Kisses Never Lie,0,0,0
kissing-is-crime,Kissing Is Crime,0,0,0
kissing-you,Kissing You,0,0,6
kissing-your-picture,Kissing Your Picture,0,0,0
kiss-me-quick,Kiss Me Quick,0,4,8
kiss-on-the-door,Kiss on the Door,0,0,0
kiss-the-hurt-away,Kiss The Hurt Away,0,0,0
kiss-the-world-goodbye,Kiss The World Goodbye,0,0,3
kiss-your-man-good-bye,Kiss Your Man Good Bye,0,0,0
kitchen-girl,Kitchen Girl,1,4,1
kitty-puss,Kitty Puss,0,1,0
kitty-waltz,Kitty Waltz,0,1,1
knee-deep-in-loving-you,Knee Deep In Loving You,0,0,0
knee-deep-in-the-blues,Knee Deep in the Blues,0,3,1
kneel-and-let-the-lord-take-your-load,Kneel And Let The Lord Take Your Load,0,0,1
kneel-at-the-cross,Kneel At The Cross,1,5,2
kneel-at-the-feet-of-jesus,Kneel At The Feet Of Jesus,0,0,1
kneeling-drunkard-s-plea,Kneeling Drunkard's Plea,0,1,1
kneeling-drunkard-s-plea-1,Kneeling Drunkard's Plea,0,1,1
knew-all-along,Knew All Along,0,1,0
knickle-schottische,Knickle Schottische,0,0,0
knock-again-true-love,Knock Again True Love,0,0,1
knock-off-your-nagging,Knock Off Your Nagging,0,0,0
knock-three-times,Knock Three Times,0,1,2
known-only-to-him,Known Only To Him,0,0,1
knoxville-girl,Knoxville Girl,1,14,3
ko-ko-mo-i-love-you-so-counting-tears,Ko Ko Mo I Love You So Counting Tears,0,0,0
k-s-o-s,K-S-O-S,0,0,0
l-a-blues,L.A. Blues,0,0,2
labor-of-love,Labor Of Love,0,0,8
la-danse-de-mardi-gras,La Danse de Mardi Gras,1,1,2
ladies-choice,Ladies Choice,0,1,3
ladies-love,Ladies Love,0,0,0
ladies-love-outlaws,Ladies Love Outlaws,0,0,1
lady,Lady,0,2,85
lady-bug,Lady Bug,0,0,7
lady-douglas-s-reel,Lady Douglas's Reel,0,0,0
lady-harriot-leslies-waltz,Lady Harriot Leslies Waltz,0,0,0
lady-in-a-blue-mercedes,Lady In A Blue Mercedes,0,0,0
lady-lay-down,Lady Lay Down,0,0,1
lady-of-spain,Lady of Spain,1,6,2
lady-s-choice,Lady's Choice,0,0,1
lady-seymour-s-waltz,Lady Seymour's Waltz,0,0,0
ladys-man,Lady’s Man,0,1,2
lafayette-two-step,Lafayette Two-Step,0,0,0
laid-back-and-wasted,Laid Back And Wasted,0,0,1
laid-back-country-picker,Laid Back Country Picker,0,0,1
l-a-international-airport,L A International Airport,0,0,1
lake-arthur-stomp,Lake Arthur Stomp,0,0,0
la-la-blues,La La Blues,1,0,1
lamp-lighting-time-in-the-valley,Lamp Lighting Time In The Valley,1,3,0
lamplighting-time-in-the-valley,Lamplighting Time In The Valley,0,5,0
lana,Lana,0,0,9
land-called-love,Land Called Love,0,0,0
land-of-heaven,Land Of Heaven,0,0,0
land-of-my-boyhood-dreams,Land Of My Boyhood Dreams,0,0,1
land-of-the-navajo,Land Of The Navajo,1,5,1
language-of-love,Language Of Love,0,0,16
language-of-love-1,Language Of Love,0,0,16
last-best-place,Last Best Place,0,0,0
last-call-for-alcohol,Last Call For Alcohol,0,0,1
last-chance-for-happiness,Last Chance For Happiness,0,0,0
last-chance-to-pray,Last Chance To Pray,0,1,1
last-cheater-s-waltz,Last Cheater's Waltz,0,0,1
last-country-song,Last Country Song,0,0,1
last-cowboy-song,Last Cowboy Song,0,0,1
last-cup-of-coffee,Last Cup Of Coffee,0,0,2
last-guard,Last Guard,0,0,0
last-in-a-long-lonesome-line,Last In A Long Lonesome Line,0,1,0
lasting-love,Lasting Love,0,0,1
last-in-love,Last In Love,0,0,2
last-kiss,Last Kiss,0,0,27
last-mile-of-the-way,Last Mile Of The Way,0,0,2
last-move-for-me-the,"Last Move For Me, The",1,0,0
last-night,Last night,0,0,103
last-night-1,Last Night,0,0,103
last-night-about-this-time,Last Night About This Time,0,0,1
last-night-at-the-party,Last Night At The Party,0,0,0
last-night-every-night,Last Night Every Night,0,0,0
last-night-i-dreamed,Last Night I Dreamed,0,0,5
last-night-i-dreamed-of-heaven,Last Night I Dreamed Of Heaven,0,0,1
last-night-i-had-the-strangest-dream,Last Night I Had The Strangest Dream,0,0,2
last-night-i-laid-your-memory-to-rest,Last Night I Laid Your Memory To Rest,0,0,1
last-night-made-my-day,Last Night Made My Day,0,0,0
last-of-harris,Last of Harris,0,3,0
last-of-the-silver-screen-cowboys,Last Of The Silver Screen Cowboys,0,0,0
last-of-the-sunshine-cowboys,Last Of The Sunshine Cowboys,0,0,0
last-song-i-m-ever-gonna-sing,Last Song I'm Ever Gonna Sing,0,0,0
last-thing-i-needed-first-thing-this-morning,Last Thing I Needed First Thing This Morning,0,1,1
last-thing-on-my-mind,Last Thing On My Mind,1,19,5
last-thing-on-my-mind-1,Last Thing On My Mind,1,19,5
last-time-i-saw-him,Last Time I Saw Him,0,0,1
last-train,Last Train,0,3,39
last-train-from-poor-valley,Last Train From Poor Valley,1,4,1
last-train-to-glory,Last Train To Glory,0,0,0
last-train-to-heaven,Last Train To Heaven,0,0,3
last-word-in-jesus-is-us,Last Word In Jesus Is Us,0,0,0
late-last-night,Late Last Night,1,9,14
late-love-of-mine,Late Love Of Mine,0,0,1
laughing-on-the-outside,Laughing On The Outside,0,0,1
laugh-the-years-away,Laugh The Years Away,0,1,0
laura-what-s-he-got-that-i-ain-t-got,Laura What's He Got That I Ain't Got,0,0,0
lavender-blue,Lavender Blue,0,0,1
lawdy-miss-clawdy,Lawdy Miss Clawdy,0,0,1
lay-back-lover,Lay Back Lover,0,0,1
lay-down-beside-me,Lay Down Beside Me,0,1,3
lay-down-beside-me-1,Lay Down Beside Me,0,1,3
lay-me-down-and-love-the-world-away,Lay Me Down (And Love The World Away),0,0,1
lay-me-down-look,Lay Me Down Look,0,0,0
lay-my-head-beneath-the-rose,Lay My Head Beneath The Rose,1,0,0
lay-some-happiness-on-me,Lay Some Happiness On Me,0,0,1
lazarus,Lazarus,0,1,35
lazarus-and-the-rich-man,Lazarus And The Rich Man,0,1,1
lazy-john,Lazy John,1,5,1
lazy-lady,Lazy Lady,0,0,2
lead-me-father,Lead Me Father,0,0,2
lead-me-gently-home,Lead Me Gently Home,0,0,0
lead-me-guide-me,Lead Me Guide Me,0,0,1
lead-me-home,Lead Me Home,0,1,4
lead-me-on,Lead Me On,0,5,15
lead-me-to-calvary,Lead Me To Calvary,0,0,0
lead-me-to-that-rock,Lead Me To That Rock,0,0,1
lead-on,Lead On,0,0,4
lead-us-back-to-your-love,Lead Us Back To Your Love,0,0,0
leaf-of-love,Leaf Of Love,0,0,1
leah,Leah,0,0,8
leake-county-two-step,Leake County Two-Step,0,1,0
leaning-on-the-everlasting-arm,Leaning On The Everlasting Arm,0,2,0
leaning-on-the-old-top-rail,Leaning On The Old Top Rail,0,0,0
leaning-to-lean,Leaning To Lean,0,0,0
lean-on-me,Lean on Me,0,1,26
learn-from-a-fool,Learn From A Fool,0,0,1
learning-the-game,Learning The Game,0,0,2
learning-to-live-again,Learning To Live Again,0,0,2
learning-to-live-without-you,Learning To Live Without You,0,0,1
learn-to-let-it-go,Learn To Let It Go,0,0,1
least-of-all-you,Least Of All You,0,0,0
leather-britches,Leather Britches,1,28,1
leave-a-light-on,Leave A Light On,0,2,12
leave-all-the-heartache-to-me,Leave All The Heartache To Me,0,0,0
leave-him-in-the-longyard,Leave Him In The Longyard,0,0,1
leave-it-there,Leave It There,0,4,2
leave-me,Leave Me,0,0,16
leave-me-alone,Leave Me Alone,0,3,106
leave-me-alone-with-the-blues,Leave Me Alone With The Blues,0,0,1
leave-me-something-to-remember-you-by,Leave Me Something To Remember You By,0,0,1
leave-me-the-radio,Leave Me the Radio,0,0,0
leave-me-tomorrow-but-love-me-tonight,Leave Me Tomorrow But Love Me Tonight,0,0,0
leave-my-baby-alone,Leave My Baby Alone,0,0,1
leave-my-woman-alone,Leave My Woman Alone,0,1,2
leave-well-enough-alone,Leave Well Enough Alone,0,2,1
leavin,Leavin’,0,1,14
leavin-as-fast-as-i-can-crawl,Leavin' As Fast As I Can Crawl,0,0,0
leavin-fever,Leavin' Fever,0,0,0
leaving-and-saying-goodbye,Leaving and Saying Goodbye,0,0,0
leaving-eyes,Leaving Eyes,0,0,0
leaving-london,Leaving London,0,2,2
leaving-louisiana-in-the-broad-daylight,Leaving Louisiana In The Broad Daylight,0,1,1
leaving-on-a-jet-plane,Leaving On A Jet Plane,0,1,1
leaving-on-a-jet-plane-1,Leaving On A Jet Plane,0,1,1
leaving-on-your-mind,Leaving on Your Mind,0,0,0
leaving-something-left-to-do,Leaving Something Left To Do,0,0,0
leavin-on-my-mind,Leavin' On My Mind,0,0,1
leavin-s-been-comin-for-a-long-long-time,Leavin's Been Comin' (For A Long Long Time),0,0,0
leavin-s-not-the-only-way-to-go,Leavin's Not The Only Way To Go,0,0,1
leavin-town,Leavin' Town,0,3,5
led-by-the-master-s-hand,Led By The Master's Hand,0,2,2
led-out-of-bondage,Led Out Of Bondage,0,0,0
lee-highway-blues,Lee Highway Blues,1,32,1
left-my-gal-in-the-mountains,Left My Gal In The Mountains,1,0,0
left-over-biscuits,Left Over Biscuits,0,2,1
left-over-corner-of-your-heart,Left Over Corner Of Your Heart,0,0,1
left-over-feelings,Left Over Feelings,0,0,1
left-to-right,Left To Right,0,0,3
left-to-right-or-right-to-wrong,Left To Right Or Right To Wrong,0,0,0
lefty-left-us-lonely,Lefty Left Us Lonely,0,0,0
lefty-s-gone,Lefty's Gone,0,0,0
lefty-s-old-guitar,Lefty's Old Guitar,0,0,1
legend-in-my-mind,Legend in My Mind,0,0,0
legend-of-the-rebel-soldier,Legend Of The Rebel Soldier,1,5,1
legend-of-the-robin-s-red-breast,Legend Of The Robin's Red Breast,0,0,0
leggett-s-reel,Leggett's Reel,0,0,0
lemon-tree,Lemon Tree,0,0,9
leona,Leona,0,0,6
leona-1,Leona,0,0,6
leonard,Leonard,0,0,6
leroy-the-redneck-reindeer,Leroy The Redneck Reindeer,0,0,0
les-marionnettes,Les Marionnettes,1,0,5
less-and-less,Less And Less,0,0,3
less-of-me,Less Of Me,0,1,3
lessons-in-love,Lessons In Love,0,0,5
lessons-learned,Lessons Learned,0,1,8
lessons-learned-1,Lessons learned,0,1,8
let-fantasy-live,Let Fantasy Live,0,0,1
let-forgiveness-in,Let Forgiveness In,0,0,0
let-go-and-let-jesus,Let Go And Let Jesus,0,0,0
let-go-of-the-stone,Let Go Of The Stone,0,0,1
let-her-fly,Let Her Fly,0,1,1
let-her-go-god-bless-her,Let Her Go God Bless Her,0,1,1
let-her-in,Let Her In,0,1,4
let-him-know,Let Him Know,0,0,3
let-it-be-christmas-everywhere,Let It Be Christmas Everywhere,0,0,0
let-it-be-love,Let It Be Love,0,0,2
let-it-be-me,Let It Be Me,0,7,16
let-it-be-you,Let It Be You,0,1,3
let-it-go,Let It Go,0,7,161
let-it-show,Let It Show,0,0,4
let-it-snow,Let It Snow,0,6,8
let-me-be-the-first-to-go,Let Me Be The First To Go,0,1,0
let-me-be-the-first-to-know,Let Me Be the First to Know,0,1,3
let-me-be-the-first-to-know-1,Let Me Be The First To Know,0,1,3
let-me-be-the-judge,Let Me Be The Judge,0,0,0
let-me-be-the-one,Let Me Be The One,0,1,18
let-me-be-the-one-1,Let Me Be The One,0,1,18
let-me-be-there,Let Me Be There,0,0,1
let-me-be-your-baby,Let Me Be Your Baby,0,0,0
let-me-be-your-friend,Let Me Be Your Friend,1,4,1
let-me-be-your-teddy-bear,Let Me Be Your Teddy Bear,0,1,0
let-me-call-you-sweetheart,Let Me Call You Sweetheart,0,0,3
let-me-count-the-ways,Let Me Count The Ways,0,0,4
let-me-fly-low,Let Me Fly Low,1,4,1
let-me-give-her-the-flowers,Let Me Give Her The Flowers,0,0,0
let-me-go-lover,Let Me Go Lover,0,0,1
let-me-go-set-me-free,Let Me Go (Set Me Free),0,0,1
let-me-go-you-re-hurtin-me,Let Me Go You're Hurtin' Me,0,0,0
let-me-hear-from-you,Let Me Hear From You,0,0,0
let-me-hear-you-say-i-love-you,Let Me Hear You Say I Love You,0,0,0
let-me-help-you-forget,Let Me Help You Forget,0,0,0
let-me-in,Let Me In,0,2,67
let-me-live-again,Let Me Live Again,0,0,1
let-me-live-a-little,Let Me Live A Little,0,0,0
let-me-live-in-the-light-of-his-love,Let Me Live In The Light Of His Love,0,0,0
let-me-live-in-your-world,Let Me Live In Your World,0,0,1
let-me-live-with-love-and-die-with-you,Let Me Live With Love And Die With You,0,0,0
let-me-love-you-just-a-little,Let Me Love You Just A Little,0,0,0
let-me-love-you-one-more-time,Let Me Love You One More Time,1,4,2
let-me-remember,Let Me Remember,0,0,1
let-me-rest,Let Me Rest,0,2,3
let-me-stay-awhile,Let Me Stay Awhile,0,0,1
let-me-stay-in-your-arms,Let Me Stay In Your Arms,0,0,1
let-me-take-that-heartache-off-your-hands,Let Me Take That Heartache (Off Your Hands),0,0,0
let-me-talk-to-you,Let Me Talk to You,0,0,2
let-me-tell-you-about-mary,Let Me Tell You About Mary,0,0,1
let-me-tell-you-my-mind,Let Me Tell You My Mind,0,0,1
let-me-try,Let Me Try,0,0,5
let-me-walk-lord-by-your-side,Let Me Walk Lord By Your Side,1,10,1
let-me-whisper,Let Me Whisper,1,2,0
let-me-whisper-darling-one-more-time,Let Me Whisper Darling One More Time,0,0,1
let-my-life-be-a-light,Let My Life Be A Light,0,0,0
let-my-love-be-your-pillow,Let My Love Be Your Pillow,0,0,0
let-my-love-in,Let My Love In,0,0,1
let-old-mother-nature-have-her-way,Let Old Mother Nature Have Her Way,0,1,1
let-s-all-go-down-to-the-river,Let's All Go Down to the River,0,3,0
let-s-all-help-the-cowboys-sing-the-blues,Let's All Help The Cowboys Sing The Blues,0,0,0
let-s-be-alone-together,Let's Be Alone Together,0,0,0
lets-be-lovers-again,Let’s Be Lovers Again,0,2,1
let-s-build-a-world-together,Let's Build A World Together,0,0,1
let-s-fall-to-pieces-together,Let's Fall To Pieces Together,0,0,0
let-s-get-back-to-me-and-you,Let's Get Back To Me And You,0,1,1
let-s-get-drunk-and-be-somebody,Let's Get Drunk And Be Somebody,0,0,1
let-s-get-over-them-together,Let's Get Over Them Together,0,0,0
let-s-give-it-up-or-get-it-on,Let's Give It Up Or Get It On,0,0,0
let-s-go-all-the-way,Let's Go All The Way,0,0,4
let-s-go-all-the-way-tonight,Let's Go All The Way Tonight,0,0,0
let-s-go-fishing-boys,Let's Go Fishing Boys,0,0,0
let-s-go-to-church-next-sunday-morning,Let's Go To Church Next Sunday Morning,0,0,0
lets-go-to-the-fair,Let’s Go To The Fair,1,1,0
lets-have-a-party,Let’s Have A Party,0,1,9
let-s-jump-the-broomstick,Let's Jump The Broomstick,0,0,1
let-s-just-be-lovers-and-leave-love-alone,Let's Just Be Lovers And Leave Love Alone,0,0,0
lets-just-praise-the-lord,Let’s Just Praise The Lord,0,0,0
let-s-keep-it-that-way,Let's Keep It That Way,0,0,1
let-s-leave-the-lights-on-tonight,Let's Leave The Lights On Tonight,0,0,0
let-s-live-a-little-before-we-say-goodbye,Let's Live A Little Before We Say Goodbye,0,0,0
let-s-live-for-tonight,Let's Live For Tonight,0,2,1
let-s-love-the-bad-times-away,Let's Love The Bad Times Away,0,1,1
let-s-make-a-memory,Let's Make A Memory,0,0,2
let-s-make-a-nice-memory,Let's Make A Nice Memory,0,0,0
let-s-make-memories-tonight,Let's Make Memories Tonight,0,0,1
lets-make-memories-tonight,Let’s Make Memories Tonight,0,0,1
let-s-make-sure-we-kiss-goodbye,Let's Make Sure We Kiss Goodbye,0,1,1
let-s-meet-by-the-river,Let's Meet By The River,0,0,0
let-somebody-else-drive,Let Somebody Else Drive,0,0,1
lets-part-the-best-of-friends,Let’s Part The Best Of Friends,0,2,1
let-s-pretend,Let's Pretend,0,0,25
let-s-pretend-1,Let's Pretend,0,0,25
let-s-pretend-we-re-kids-again,Let's Pretend We're Kids Again,0,0,0
lets-pretend-were-not-married,Let’s Pretend We’re Not Married,0,0,0
let-s-put-christ-back-into-christmas,Let's Put Christ Back Into Christmas,0,0,0
lets-put-it-back-together-again,Let’s Put It Back Together Again,0,0,0
let-s-put-love-back-to-work,Let's Put Love Back To Work,0,2,0
let-s-put-our-love-in-motion,Let's Put Our Love In Motion,0,0,1
let-s-put-our-world-back-together,Let's Put Our World Back Together,0,0,1
let-s-put-out-the-fire,Let's Put Out The Fire,0,0,0
let-s-regain-the-garden,Let's Regain The Garden,0,0,0
lets-say-goodbye-like-we-said-hello,Let’s Say Goodbye Like We Said Hello,0,3,1
let-s-take-a-cold-shower,Let's Take A Cold Shower,0,0,0
let-s-talk-about-love,Let's Talk About Love,0,1,5
let-s-talk-it-over-again,Let's Talk It Over Again,0,0,0
let-s-talk-the-whole-thing-over,Let's Talk The Whole Thing Over,0,0,0
let-s-think-about-living,Let's Think About Living,0,0,1
let-s-try-again,Let's Try Again,0,0,9
let-s-wait-a-little-longer,Let's Wait A Little Longer,0,0,1
let-s-walk-away-strangers,Let's Walk Away Strangers,0,0,1
let-s-witness-for-the-lord,Let's Witness For The Lord,0,0,0
let-s-work-together,Let's Work Together,0,0,1
letter-after-letter,Letter After Letter,0,0,0
letter-and-a-ring,Letter And A Ring,0,0,0
letter-edged-in-black,Letter Edged In Black,1,10,2
letter-edged-in-black-1,Letter Edged In Black,1,10,2
letter-from-my-darlin,Letter From My Darlin,1,17,0
letter-from-my-darling,Letter From My Darling,1,19,0
letters-have-no-arms,Letters Have no Arms,1,5,1
letter-to-heaven,Letter To Heaven,0,1,2
let-the-children-pick-the-flowers,Let The Children Pick The Flowers,0,0,0
let-the-chips-fall,Let The Chips Fall,0,0,1
let-the-church-roll-on,Let The Church Roll On,1,12,2
let-the-cowboy-dance,Let The Cowboy Dance,0,1,0
let-the-four-winds-blow,Let The Four Winds Blow,0,0,2
let-the-four-winds-choose,Let The Four Winds Choose,0,0,1
let-the-good-times-roll,Let The Good Times Roll,0,0,11
let-the-harvest-go-to-seed,Let The Harvest Go To Seed,1,4,1
let-the-jukebox-keep-on-playing,Let The Jukebox Keep On Playing,0,0,1
let-the-light-shine-on-you,Let The Light Shine On You,0,0,0
let-the-little-bird-fly,Let The Little Bird Fly,0,0,2
let-the-little-girl-dance,Let The Little Girl Dance,0,0,2
let-them-talk,Let Them Talk,0,0,6
let-the-music-lift-you-up,Let The Music Lift You Up,0,0,1
let-the-phone-just-keep-on-ringing,Let The Phone Just Keep On Ringing,0,0,0
let-there-be-peace,Let There Be Peace,0,1,2
let-there-be-peace-on-earth,Let There Be Peace On Earth,0,1,1
let-there-be-woman,Let There Be Woman,0,0,0
let-the-rest-of-the-world-go-by,Let The Rest Of The World Go By,0,3,2
let-the-sad-times-roll,Let The Sad Times Roll,0,0,0
let-the-walls-come-down,Let the Walls Come Down,0,0,1
let-the-whole-world-sing-it-with-me,Let The Whole World Sing It With Me,0,0,0
let-the-world-keep-on-a-turning,Let the World Keep on a Turning,0,0,0
let-those-brown-eyes-smile-at-me,Let Those Brown Eyes Smile At Me,0,2,1
letting-go,Letting Go,0,3,101
let-trouble-be-you,Let Trouble Be You,0,0,1
let-us-pray,Let Us Pray,0,0,10
let-us-travel-travel-on,Let Us Travel Travel On,1,4,1
let-your-love-fall-back-on-me,Let Your Love Fall Back On Me,0,0,0
let-your-love-flow,Let your love flow,0,2,4
let-your-lovin-do-your-talkin,Let Your Lovin' Do Your Talkin',0,0,0
liberty,Liberty,1,24,55
liberty-two-step,Liberty Two-Step,1,0,0
lies,Lies,0,2,133
lies-can-t-hide-what-s-on-my-mind,Lies Can't Hide What's On My Mind,0,0,1
life,Life,0,1,238
life-can-be-beautiful,Life Can Be Beautiful,0,0,2
life-don-t-have-to-be-so-hard,Life Don't Have To Be So Hard,0,0,0
life-gets-away,Life Gets Away,0,0,1
life-goes-on,Life Goes On,0,2,98
life-in-the-old-farm-town,Life In The Old Farm Town,0,0,0
life-keeps-bringing-me-down,Life Keeps Bringing Me Down,0,0,0
life-of-a-poor-boy,Life Of A Poor Boy,0,0,0
life-of-sorrow,Life Of Sorrow,1,4,1
life-of-the-party,Life Of The Party,0,4,14
life-of-the-party-1,Life Of The Party,0,4,14
life-or-love,Life Or Love,0,2,1
life-rides-the-train,Life Rides The Train,0,1,1
life-s-gone-and-slipped-away,Life's Gone and Slipped Away,0,0,0
life-s-highway,Life's Highway,0,5,2
life-s-like-poetry,Life's Like Poetry,0,1,1
life-s-little-ups-and-downs,Life's Little Ups And Downs,0,0,0
life-s-railway-to-heaven,Life's Railway to Heaven,1,18,2
life-s-too-long-to-live-like-this,Life's Too Long (To Live Like This),0,1,0
lifestyles-of-the-not-so-rich-and-famous,Lifestyles Of The Not So Rich And Famous,0,0,0
life-to-go,Life To Go,0,2,1
life-turned-him-that-way,Life Turned Him That Way,0,0,0
lift-ring-pull-open,Lift Ring Pull Open,0,0,0
light-at-the-end-of-the-tunnel,Light At The End Of The Tunnel,0,0,8
light-at-the-end-of-the-tunnel-1,Light At The End Of The Tunnel,0,0,8
light-at-the-river,Light at the River,1,8,1
lighter-shade-of-blue,Lighter Shade Of Blue,0,0,2
lightning-express,Lightning Express,0,1,2
light-of-a-clear-blue-morning,Light Of A Clear Blue Morning,0,1,1
light-on-my-feet-and-ready-to-fly,Light On My Feet And Ready To Fly,1,0,0
lights-of-las-cruces,Lights of Las Cruces,0,0,0
lights-on-the-hill,Lights On The Hill,0,1,3
light-up-the-candles,Light Up The Candles,0,0,1
like-a-child-in-the-rain,Like A Child In The Rain,1,1,0
like-a-first-time-thing,Like A First Time Thing,0,0,0
like-a-fool,Like A Fool,0,3,6
like-a-rolling-stone,Like a Rolling Stone,1,1,2
like-a-songbird-that-has-fallen,Like a Songbird That Has Fallen,1,0,1
like-children-i-have-known,Like Children I Have Known,0,0,0
like-old-times-again-lyrics-and-chords,Like Old Times Again Lyrics and Chords,0,0,0
like-she-s-not-yours,Like She's Not Yours,0,0,1
likes-of-me,Likes Of Me,1,5,1
like-someone-in-love,Like Someone In Love,0,0,5
like-strangers,Like Strangers,0,0,1
like-water-into-wine,Like Water Into Wine,0,1,0
like-you,Like You,0,0,18
lillie-s-white-lies,Lillie's White Lies,0,0,0
lilly-of-the-valley,Lilly Of The Valley,0,1,1
lily-dale,Lily Dale,1,4,2
lily-marlene,Lily Marlene,0,1,0
lily-of-the-valley,Lily Of The Valley,0,0,16
limehouse-blues,Limehouse Blues,1,13,1
lincoln-park-inn,Lincoln Park Inn,0,0,0
linda,Linda,0,3,58
linda-lou,Linda Lou,0,2,1
linda-on-my-mind,Linda On My Mind,0,0,1
linger-awhile,Linger Awhile,0,0,1
lingering-memories,Lingering Memories,0,0,2
ling-ting-tong,Ling-Ting-Tong,0,0,1
lion-in-the-winter-lyrics-and-chords,Lion In The Winter Lyrics and Chords,0,0,0
lips-speak-up,Lips Speak Up,0,0,0
lipstick-on-your-collar,Lipstick On Your Collar,0,1,1
liquor-to-like-her,Liquor To Like Her,0,0,0
listen,Listen,0,1,80
listening-to-the-wind,Listening To The Wind,0,2,0
listenin-to-the-rain,Listenin' To The Rain,1,0,0
listen-they-re-playing-my-song,Listen They're Playing My Song,0,0,1
listen-to-me,Listen To Me,0,0,26
listen-to-my-heart,Listen To My Heart,0,0,10
listen-to-the-mockingbird,Listen to the Mockingbird,1,14,1
listen-to-the-radio,Listen To The Radio,0,3,5
little-angels,Little Angels,0,1,4
little-angel-with-a-dirty-face,Little Angel With A Dirty Face,0,0,0
little-annie,Little Annie,1,4,2
little-arrows-lyrics-chords,Little Arrows Lyrics Chords,0,0,0
little-at-a-time,Little At A Time,0,9,6
little-baby,Little Baby,0,2,10
little-baby-in-a-manger-i-love-you,Little Baby In A Manger (I Love You),0,0,0
little-baggy-britches,Little Baggy Britches,0,0,0
little-band-of-gold,Little Band Of Gold,0,0,1
little-beggarman,Little Beggarman,1,4,2
little-benny,Little Benny,0,1,0
little-bessie,Little Bessie,1,11,2
little-bird,Little Bird,1,10,63
little-birdie,Little Birdie,1,24,3
little-bit-here-a-little-bit-there,Little Bit Here (A Little Bit There),0,0,1
little-bit-of-the-rain,Little Bit Of The Rain,0,0,0
little-bitty,Little Bitty,0,1,1
little-bitty-crack-in-her-heart,Little Bitty Crack In Her Heart,0,0,0
little-black-book,Little Black Book,0,0,5
little-black-pony,Little Black Pony,1,1,0
little-black-train-the,"Little Black Train, The",1,0,0
little-blossom,Little Blossom,1,4,3
little-boy-blue,Little Boy Blue,0,1,13
little-boy-blue-1,Little Boy Blue,0,1,13
little-brown-jug,Little Brown Jug,1,10,7
little-by-little,Little By Little,0,0,35
little-cabin-home-on-the-hill,Little Cabin Home On The Hill,1,22,1
little-children,Little Children,0,0,4
little-christmas-angel,Little Christmas Angel,0,0,1
little-community-church,Little Community Church,1,6,1
little-country-church,Little Country Church,0,0,1
little-country-preacher,Little Country Preacher,1,2,1
little-cowboy-lullaby,Little Cowboy Lullaby,0,0,1
little-darling-pal-of-mine,Little Darling Pal Of Mine,1,11,1
little-delta-church,Little Delta Church,0,0,1
little-drummer-boy,Little Drummer Boy,0,9,11
little-dutch-girl,Little Dutch Girl,0,2,0
little-eyes-that-look-at-me,Little Eyes That Look At Me,0,0,0
little-georgia-rose,Little Georgia Rose,1,13,0
little-girl,Little Girl,0,7,62
little-girl-and-the-dreadful-snake,Little Girl And The Dreadful Snake,1,8,1
little-girl-gone,Little Girl Gone,0,0,0
little-girl-in-tennessee,Little Girl In Tennessee,0,6,0
little-girl-that-played-upon-my-knee-the,"Little Girl That Played Upon My Knee, The",1,0,0
little-glass-of-wine,Little Glass Of Wine,1,8,1
little-grave-in-georgia,Little Grave in Georgia,0,1,0
little-green-valley,Little Green Valley,0,4,1
little-gypsy-girl-the,"Little Gypsy Girl, The",1,0,0
little-hollywood-girl,Little Hollywood Girl,0,0,1
little-is-much,Little Is Much,0,0,0
little-joe,Little Joe,1,11,10
little-joe-the-wrangler,Little Joe The Wrangler,0,2,1
little-left-of-center,Little Left Of Center,0,0,0
little-liza-jane,Little Liza Jane,1,5,7
little-log-cabin-by-the-sea,Little Log Cabin By The Sea,0,0,1
little-log-cabin-in-the-lane,Little Log Cabin in the Lane,1,1,0
little-log-hut-in-the-lane,Little Log Hut In The Lane,1,2,1
little-maggie,Little Maggie,1,54,5
little-maggie-1,Little Maggie,1,54,5
little-man,Little Man,0,1,30
little-miss-heartache,Little Miss Heartache,0,0,0
little-moses,Little Moses,0,4,1
little-mountain-church-house,Little Mountain Church House,0,2,0
little-old-band-of-gold,Little Old Band of Gold,0,0,1
little-old-church-in-the-valley,Little Old Church In The Valley,0,1,0
little-old-heartache-maker-me,Little Old Heartache Maker Me,0,0,0
little-old-heartbreaker-you,Little Old Heartbreaker You,0,0,0
little-old-log-cabin-in-the-lane,Little Old Log Cabin In The Lane,1,8,1
little-ole-wine-drinker-me,Little Ole Wine Drinker Me,0,0,1
little-orphan-annie,Little Orphan Annie,0,0,2
little-paper-boy,Little Paper Boy,0,3,1
little-pedro,Little Pedro,0,0,1
little-poplar-log-house-on-the-hill,Little Poplar Log House On The Hill,1,0,0
little-rabbit,Little Rabbit,1,7,1
little-rich-girl,Little Rich Girl,0,0,1
little-robin,Little Robin,0,1,1
little-rock,Little Rock,0,0,7
little-rock-n-roll-and-some-country-blues,Little Rock'n Roll And Some Country Blues,0,0,0
little-rosewood-casket,Little Rosewood Casket,1,7,1
little-sadie,Little Sadie,1,24,3
little-sandy-sleighfoot,Little Sandy Sleighfoot,0,0,0
little-satchel,Little Satchel,0,4,0
little-shirt-my-mother-made-for-me,Little Shirt My Mother Made For Me,0,0,1
little-sister,Little Sister,0,1,35
little-sparrow,Little Sparrow,0,4,3
little-stranger-in-a-manger,Little Stranger (In A Manger),0,0,1
little-stream-of-whiskey,Little Stream Of Whiskey,0,4,0
little-things,Little Things,0,4,57
little-things-1,Little Things,0,4,57
little-things-mean-a-lot,Little Things Mean A Lot,0,1,2
little-ways,Little Ways,0,0,1
little-white-church,Little White Church,1,19,1
little-white-washed-chimney,Little White Washed Chimney,1,4,1
litttle-community-church-house,Litttle Community Church House,1,0,0
live-a-little,Live A Little,0,0,5
live-and-learn,Live And Learn,0,0,16
live-and-learn-1,Live And Learn,0,0,16
live-and-let-live,Live And Let Live,1,18,12
live-and-let-live-and-be-happy,Live And Let Live And Be Happy,0,0,0
live-forever,Live Forever,1,0,31
live-in-my-heart,Live In My Heart,0,0,0
liverpool-hornpipe,Liverpool Hornpipe,1,2,1
lives-like-mine,Lives Like Mine,0,0,0
live-until-i-die,Live Until I Die,0,0,1
live-with-jesus,Live With Jesus,0,0,0
living,Living,0,0,20
living-alone,Living Alone,0,0,5
living-and-learning,Living And Learning,0,1,1
living-and-living-well,Living And Living Well,0,0,1
living-as-strangers,Living As Strangers,0,0,0
living-every-man-s-dream-lyrics-and-chords,Living Every Man's Dream Lyrics and Chords,0,0,0
living-for-the-night,Living For The Night,0,0,3
living-in-the-kingdom-of-god,Living in the Kingdom of God,0,1,0
living-in-the-promiseland,Living In The Promiseland,0,0,1
living-in-the-shadow-of-his-memory,Living In The Shadow Of His Memory,0,0,0
living-in-the-shadow-of-the-past,Living In The Shadow Of The Past,0,0,0
living-in-the-west,Living In The West,0,0,0
living-legend,Living Legend,0,0,5
living-like-a-fool,Living Like A Fool,0,2,0
living-like-there-s-no-tomorrow,Living Like There's No Tomorrow,0,0,0
living-my-lifetime-for-you,Living My Lifetime For You,0,0,0
living-on-memories-of-you,Living On Memories Of You,0,1,1
living-proof,Living Proof,0,0,17
living-proof-1,Living Proof,0,0,17
living-the-life-of-a-dog,Living the Life of a Dog,0,0,0
living-together-alone,Living Together Alone,0,0,0
living-too-close-to-the-ground,Living Too Close To The Ground,0,0,1
living-without-you,Living Without You,0,3,13
living-with-the-shades-pulled-down,Living With The Shades Pulled Down,0,2,1
livin-in-black-and-white,Livin' In Black And White,0,0,0
livin-in-god-s-country,Livin' In God's Country,0,0,0
livin-in-these-troubled-times,Livin' In These Troubled Times,0,0,1
livin-on-love,Livin' On Love,0,1,4
liza-jane,Liza Jane,1,16,3
loaded-with-love,Loaded With Love,0,0,0
load-the-wagon,load the wagon,1,1,0
loafers-glory,Loafer’s Glory,0,1,1
lobby-of-your-heart,Lobby of Your Heart,0,0,0
lobo-the-hobo,Lobo The Hobo,0,0,0
local-flowers,Local Flowers,0,0,1
local-memory,Local Memory,0,0,1
lock-stock-and-teardrops,Lock Stock And Teardrops,0,0,1
log-cabin-in-the-lane,Log Cabin In The Lane,1,16,0
logger-s-breakdown,Logger's Breakdown,0,0,0
lola-mae,Lola Mae,0,0,0
lola-s-love,Lola's Love,0,0,0
lolene,Lolene,0,0,0
lo-lenna,Lo Lenna,0,0,0
london-leaves,London Leaves,0,0,0
lone-gone-lonesome-blues,Lone Gone Lonesome Blues,0,0,0
loneliest-star-in-texas,Loneliest Star In Texas,0,0,0
loneliness,Loneliness,0,1,92
loneliness-in-ruby-s-eyes,Loneliness In Ruby's Eyes,0,0,1
loneliness-is-eating-me-alive,Loneliness Is Eating Me Alive,0,0,1
lonely,Lonely,0,1,147
lonely-1,Lonely,0,1,147
lonely-at-the-top,Lonely at the Top,0,1,7
lonely-avenue,Lonely Avenue,0,0,2
lonely-blue-boy,Lonely Blue Boy,0,0,2
lonely-boy,Lonely Boy,0,0,22
lonely-broken-heart,Lonely Broken Heart,0,0,0
lonely-christmas,Lonely Christmas,0,0,6
lonely-christmas-again,Lonely Christmas Again,0,0,1
lonely-christmas-call,Lonely Christmas Call,0,0,1
lonely-christmas-eve,Lonely Christmas Eve,0,0,2
lonely-coming-down,Lonely Coming Down,0,0,0
lonely-corner,Lonely Corner,0,0,1
lonely-days-and-nights-more-lonely,Lonely Days And Nights More Lonely,0,0,0
lonely-days-lonely-nights,Lonely Days Lonely Nights,0,1,2
lonely-girl,Lonely Girl,0,0,32
lonely-girl-1,Lonely Girl,0,0,32
lonely-is-another-state,Lonely Is Another State,0,0,1
lonely-is-everything,Lonely Is Everything,0,0,1
lonely-little-robin,Lonely Little Robin,0,1,0
lonely-man,Lonely Man,0,0,32
lonely-me,Lonely Me,0,0,2
lonely-moon,Lonely Moon,0,2,5
lonely-mound-of-clay,Lonely Mound Of Clay,0,2,1
lonely-music,Lonely Music,0,0,1
lonely-night,Lonely Night,0,2,24
lonely-nights,Lonely Nights,0,1,24
lonely-people,Lonely People,0,0,13
lonely-people-1,Lonely People,0,0,13
lonely-quit-knockin-at-my-door,Lonely Quit Knockin’ at My Door,0,0,0
lonely-rain,Lonely Rain,0,0,1
lonely-river,Lonely River,0,1,4
lonely-street,Lonely Street,0,1,10
lonely-thing-called-me,Lonely Thing Called Me,0,0,0
lonely-tombs,Lonely Tombs,0,3,0
lonely-too-long,Lonely Too Long,0,2,7
lonely-too-long-1,Lonely Too Long,0,2,7
lonelyville,Lonelyville,0,0,2
lonely-weekends,Lonely Weekends,0,1,1
lonely-wine,Lonely Wine,0,0,1
lonely-women,Lonely Women,0,0,4
lonely-world,Lonely World,0,0,7
lone-pilgrim,Lone Pilgrim,1,6,2
lonesome,Lonesome,1,4,24
lonesome-and-blue,Lonesome And Blue,1,9,3
lonesome-and-heartbroken,Lonesome And Heartbroken,0,0,0
lonesome-blues,Lonesome Blues,0,3,2
lonesome-depot,Lonesome Depot,1,0,0
lonesome-dove,Lonesome Dove,0,4,7
lonesome-feeling,Lonesome Feeling,1,2,4
lonesome-fiddle-blues,Lonesome Fiddle Blues,1,10,1
lonesome-fiddle-man,Lonesome Fiddle Man,0,0,0
lonesome-for-you,Lonesome For You,1,7,3
lonesome-for-you-darling,Lonesome For You Darling,1,1,0
lonesome-guitar,Lonesome Guitar,0,0,0
lonesome-hearted-blues,Lonesome Hearted Blues,0,4,2
lonesome-here-without-you,Lonesome Here Without You,1,1,0
lonesome-homesick-blues,Lonesome Homesick Blues,1,2,1
lonesome-is-the-mother-of-soul,Lonesome Is The Mother Of Soul,0,0,1
lonesome-joe,Lonesome Joe,0,0,1
lonesome-letter-blues,Lonesome Letter Blues,0,0,0
lonesome-moonlight-waltz,Lonesome Moonlight Waltz,1,10,1
lonesome-night,Lonesome Night,0,4,1
lonesome-number-one,Lonesome Number One,0,1,1
lonesome-old-home,Lonesome Old Home,0,2,0
lonesome-old-homesick-blues,Lonesome Old Homesick Blues,1,0,0
lonesome-old-house,Lonesome Old House,0,0,1
lonesome-old-song,Lonesome Old Song,0,1,0
lonesome-old-town,Lonesome Old Town,0,0,2
lonesome-on-ry-and-mean,Lonesome On'ry And Mean,0,1,1
lonesome-out-tonight,Lonesome Out Tonight,0,0,0
lonesome-pine,Lonesome Pine,1,6,8
lonesome-pines,Lonesome Pines,0,0,0
lonesome-pine-special,Lonesome Pine Special,1,5,1
lonesome-record,Lonesome Record,0,0,0
lonesome-river-the,"Lonesome River, The",1,0,0
lonesome-road-blues,Lonesome Road Blues,1,36,6
lonesome-road-blues-1,Lonesome Road Blues,1,36,6
lonesome-roads,Lonesome Roads,0,0,1
lonesome-rodeo-cowboy,Lonesome Rodeo Cowboy,0,0,0
lonesome-tears,Lonesome Tears,0,0,2
lonesome-town,Lonesome Town,0,1,7
lonesome-truck-driver-blues,Lonesome Truck Driver Blues,1,0,0
lonesome-valley,Lonesome Valley,1,5,5
lonesome-waltz,Lonesome Waltz,0,0,1
lonesome-without-you-delmore-brothers,Lonesome Without You – Delmore Brothers,1,0,0
lonesome-without-you-stanleys,Lonesome Without You – Stanleys,1,0,0
lone-star-beer-and-bob-wills-music,Lone Star Beer And Bob Wills Music,0,0,0
lone-star-blues,Lone Star Blues,0,0,1
lone-star-christmas,Lone Star Christmas,0,0,0
lone-star-lonely,Lone Star Lonely,0,0,1
lone-star-love,Lone Star Love,0,0,0
lone-star-state-of-mind,Lone Star State Of Mind,0,1,2
long-ago-is-gone,Long Ago Is Gone,0,0,1
long-ago-there-was-born,Long Ago There Was Born,0,0,0
long-and-lonesome-ride-to-dalhart,Long And Lonesome Ride To Dalhart,0,0,0
long-arm-of-the-law,Long Arm Of The Law,0,1,2
long-as-were-dreaming,Long As We’re Dreaming,0,0,1
long-black-limousine,Long Black Limousine,0,3,2
long-black-train,Long Black Train,0,1,5
long-black-veil,Long Black Veil,1,15,2
long-black-veil-around-her-heart,Long Black Veil Around Her Heart,0,0,0
long-canyon-christmas,Long Canyon Christmas,0,0,0
long-distance-lover,Long Distance Lover,0,0,7
long-distance-memory,Long Distance Memory,0,0,0
long-gone,Long Gone,1,17,41
long-gone-2,Long Gone,1,17,41
long-gone-blues,Long Gone Blues,0,0,1
long-gone-lonesome-blues,Long Gone Lonesome Blues,1,0,1
long-hard-road,Long Hard Road,0,3,3
longing-for-love,Longing for Love,0,0,0
longing-for-old-virginia,Longing For Old Virginia,1,0,0
longing-to-hold-you-again,Longing To Hold You Again,0,0,1
long-journey-home,Long Journey Home,1,27,2
long-journey-home-1,Long Journey Home,1,27,2
long-legged-guitar-picking-man,Long Legged Guitar Picking Man,0,0,0
long-line-of-empties,Long Line Of Empties,0,0,0
long-line-of-love,Long Line Of Love,0,2,1
long-lonesome-highway,Long Lonesome Highway,0,3,1
long-lonesome-journey,Long Lonesome Journey,0,0,1
long-long-ago,Long Long Ago,0,0,8
long-long-friendship,Long Long Friendship,0,0,0
long-long-road-to-travel-alone,Long Long Road to Travel Alone,0,0,0
long-long-texas-road,Long Long Texas Road,0,0,1
long-long-train,Long Long Train,0,0,0
longneck-bottle,Longneck Bottle,0,0,1
longnecks-and-rednecks,Longnecks And Rednecks,0,0,0
long-on-lonely-short-on-pride,Long On Lonely (Short On Pride),0,0,0
long-shadow,Long Shadow,0,1,4
long-time-gone,Long Time Gone,0,3,19
long-time-gone-1,Long Time Gone,0,3,19
long-time-to-forget,Long Time To Forget,0,0,1
long-time-travelin,Long Time Travelin’,1,0,1
long-way-back-to-love,Long Way Back To Love,0,0,0
long-way-home,Long Way Home,0,3,82
long-way-to-go,Long Way To Go,0,2,26
long-white-cadillac,Long White Cadillac,0,0,1
lonnie-s-breakdown,Lonnie's Breakdown,0,0,0
look-a-here,Look A Here,0,0,0
look-around-you,Look Around You,0,0,4
look-at-me,Look At Me,0,2,39
look-at-miss-ohio,Look At Miss Ohio,1,2,1
look-at-the-one-who-s-been-looking-at-you,Look At The One (Who's Been Looking At You),0,0,0
look-at-us,Look At Us,0,1,4
look-away-from-the-cross,Look Away From The Cross,1,0,0
look-behind-you,Look Behind You,0,0,4
look-down-that-lonesome-road,Look Down That Lonesome Road,1,6,1
look-for-me,Look For Me,0,1,2
look-for-me-1,Look For Me,0,1,2
look-for-me-at-jesus-feet,Look For Me At Jesus' Feet,0,0,0
look-for-me-ill-be-there,Look For Me (I’ll Be There),0,1,0
look-heart-no-hands,Look Heart No Hands,0,0,1
look-how-this-world-has-made-a-change,Look How This World Has Made A Change,1,0,0
lookin-for-love,Lookin' For Love,0,0,8
looking-at-a-heart-that-needs-a-home,Looking At A Heart That Needs A Home,0,0,1
looking-back-to-see,Looking Back To See,0,1,1
looking-for-the-stone,Looking for the Stone,0,1,0
looking-for-tomorrow,Looking For Tomorrow,0,0,1
looking-for-ways,Looking For Ways,0,0,0
looking-for-you,Looking For You,0,1,18
looking-in-the-eyes-of-love,Looking In The Eyes Of Love,0,2,2
looking-out-my-back-door,Looking Out My Back Door,0,2,0
looking-out-my-window-through-the-pain,Looking Out My Window Through The Pain,0,0,0
looking-out-my-window-through-the-pain-1,Looking Out My Window Through The Pain,0,0,0
looking-over-our-shoulder,Looking Over Our Shoulder,0,0,0
look-into-my-teardrops,Look into my Teardrops,0,0,1
look-of-a-lady-in-love,Look Of A Lady In Love,0,0,0
look-of-lovin-in-his-eyes,Look Of Lovin' In His Eyes,0,0,0
look-on-and-cry,Look On and Cry,1,3,0
look-on-the-good-side,Look On The Good Side,0,0,0
looks-like-this-is-gonna-be-my-day,Looks Like This Is Gonna Be My Day,0,0,0
look-up-look-down-that-lonesome-road,Look Up Look Down That Lonesome Road,1,0,0
look-what-followed-me-home,Look What Followed Me Home,0,0,2
look-what-followed-me-home-1,Look What Followed Me Home,0,0,2
look-what-followed-me-home-tonight,Look What Followed Me Home Tonight,0,0,0
look-what-the-dog-drug-in,Look What The Dog Drug In,0,0,0
look-what-thoughts-done-to-me,Look What Thoughts Done To Me,0,0,0
look-what-thoughts-will-do,Look What Thoughts Will Do,0,0,1
look-what-trouble-left-behind,Look What Trouble Left Behind,0,0,0
look-what-you-re-doing,Look What You're Doing,0,0,1
look-what-youve-done,Look What You’ve Done,0,0,13
look-who-i-m-cheating-on-tonight,Look Who I'm Cheating On Tonight,0,0,1
look-who-s-back-from-town,Look Who's Back From Town,0,0,0
look-who-s-blue,Look Who's Blue,0,0,1
look-whos-needin-who,Look Who’s Needin’ Who,1,0,0
look-who-s-talking,Look Who's Talking,0,0,4
loosen-up-my-strings,Loosen Up My Strings,0,0,1
loose-talk,Loose Talk,0,2,3
lord-build-me-a-cabin-in-gloryland,Lord Build Me A Cabin In Gloryland,0,0,0
lord-don-t-forsake-me,Lord Don't Forsake Me,0,2,0
lord-don-t-let-her-go,Lord Don't Let Her Go,0,0,0
lord-have-mercy-on-a-country-boy,Lord Have Mercy on a Country Boy,0,0,1
lord-help-me-be-as-thou,Lord Help Me Be As Thou,0,0,0
lord-help-me-be-the-kind-of-person,Lord Help Me Be the Kind of Person,0,0,1
lord-i-do-believe,Lord I Do Believe,0,0,0
lord-if-i-make-it-to-heaven,Lord If I Make It To Heaven,0,0,0
lord-i-hope-this-day-is-good,Lord I Hope This Day Is Good,0,3,1
lord-i-m-coming-home,Lord I'm Coming Home,0,11,3
lord-im-coming-home,Lord I’m Coming Home,0,11,3
lord-im-in-your-care,Lord I’m In Your Care,1,0,0
lord-i-need-you-again-today,Lord I Need You Again Today,0,0,0
lord-is-it-i,Lord Is It I,0,0,2
lord-is-that-me,Lord Is That Me,0,0,1
lord-it-s-just-another-hill,Lord It's Just Another Hill,0,1,0
lord-i-ve-tried-everything-but-you,Lord I've Tried Everything But You,0,0,0
lord-i-want-to-go-to-heaven,Lord I Want To Go To Heaven,0,2,0
lord-lead-me-on,Lord Lead Me On,1,4,1
lord-let-a-lie-come-true,Lord Let A Lie Come True,0,0,0
lord-macdonald,Lord MacDonald,0,0,0
lord-protect-my-soul,Lord Protect My Soul,1,5,1
lord-she-sure-is-good-at-lovin-me,Lord She Sure Is Good At Lovin' Me,0,1,0
lord-you-ve-been-mighty-good-to-me,Lord You've Been Mighty Good To Me,0,0,1
lorena,Lorena,1,13,6
lorene,Lorene,0,3,4
lorene-1,Lorene,0,3,4
loser-friendly,Loser Friendly,0,0,0
loser-makin-good,Loser Makin' Good,0,0,0
loser-s-lounge,Loser's Lounge,0,0,1
losing-my-mind,Losing My Mind,0,0,23
losing-you,Losing You,1,7,43
losing-you-1,Losing You,0,7,43
losing-you-just-dawned-on-me-today,Losing You Just Dawned On Me Today,0,0,0
losing-your-love,Losing Your Love,0,1,4
losing-your-love-1,Losing Your Love,0,1,4
lost,Lost,1,6,366
lost-along-the-way,Lost Along The Way,0,0,3
lost-forever-in-your-kiss,Lost Forever In Your Kiss,0,1,1
lost-her-love-on-our-last-date,Lost Her Love On Our Last Date,0,0,0
lost-highway,Lost Highway,1,7,11
lost-highway-saloon,Lost Highway Saloon,0,0,0
lost-his-love-on-our-last-date,Lost His Love On Our Last Date,0,0,0
lost-indian,Lost Indian,1,28,1
lost-in-the-feeling,Lost In The Feeling,0,0,1
lost-in-the-fifties-tonight,Lost In The Fifties Tonight,0,0,0
lost-in-the-shuffle,Lost In The Shuffle,0,2,7
lost-john,Lost John,1,11,2
lost-river,Lost River,0,4,1
lost-soldier-son,Lost Soldier Son,1,1,0
lost-to-a-stranger,Lost To A Stranger,0,3,0
lots-of-luck,Lots Of Luck,0,0,1
lotta-lovin,Lotta Lovin',0,0,1
loud-music-and-strong-wine,Loud Music And Strong Wine,0,0,0
louis-collins,Louis Collins,1,6,1
louise,Louise,1,6,64
louisiana-belle,Louisiana Belle,0,0,0
louisiana-man,Louisiana Man,0,0,5
louisiana-saturday-night,Louisiana Saturday Night,0,2,2
louisville,Louisville,0,0,3
lous-got-the-flu,Lou’s Got The Flu,0,0,1
lovable-you,Lovable You,0,0,0
love-aint-gonna-die,Love Ain’t Gonna Die,0,0,0
love-ain-t-never-gonna-be-no-better,Love Ain't Never Gonna Be No Better,0,0,0
love-ain-t-such-an-easy-thing-to-find,Love Ain't Such An Easy Thing To Find,0,0,1
love-and-learn,Love And Learn,0,1,5
love-and-pearl-and-me,Love And Pearl And Me,0,0,0
love-and-wealth,Love And Wealth,1,12,1
love-as-long-as-we-can,Love As Long As We Can,0,0,1
love-at-11-years-old,Love At 11 Years Old,0,0,0
love-at-first-sight,Love At First Sight,0,0,26
love-bug,Love Bug,0,4,10
love-builds-the-bridges,Love Builds The Bridges,0,0,0
love-burning-down,Love Burning Down,0,0,0
love-came-pouring-down,Love Came Pouring Down,0,0,0
love-can-make-or-break-a-heart,Love Can Make Or Break A Heart,0,0,0
love-can-t-ever-get-better-than-this,Love Can't Ever Get Better Than This,0,1,0
love-can-t-wait,Love Can't Wait,0,0,2
love-caught-up-to-me,Love Caught Up To Me,0,0,0
love-comes-from-the-other-side-of-town,Love Comes From The Other Side Of Town,0,0,1
love-coming-down,Love Coming Down,0,0,1
love-couldn-t-be-any-better,Love Couldn't Be Any Better,0,0,0
loved-and-wanted,Loved And Wanted,0,0,0
love-didn-t-drive-my-good-woman-wild,Love Didn't Drive My Good Woman Wild,0,0,0
love-died-tonight,Love Died Tonight,0,0,0
love-does-it-every-time,Love Does It Every Time,0,0,0
love-don-t-care,Love Don't Care,0,0,1
love-don-t-care-whose-heart-it-breaks,Love Don't Care (Whose Heart It Breaks),0,0,0
love-don-t-get-no-better-than-this,Love Don't Get No Better Than This,0,0,1
love-dont-grow-on-trees,Love Don’t Grow On Trees,0,0,0
love-don-t-hurt-every-time,Love Don't Hurt Every Time,0,0,1
love-don-t-live-here-anymore,Love Don't Live Here Anymore,0,2,4
love-fever,Love Fever,0,0,6
love-finds-its-own-way,Love Finds Its Own Way,0,0,1
love-for-an-angel,Love For An Angel,1,0,0
love-gets-all-over-me,Love Gets All Over Me,0,0,0
love-grown-cold,Love Grown Cold,1,5,0
love-has-a-friend,Love Has A Friend,0,0,0
love-has-a-mind-of-its-own,Love Has A Mind Of Its Own,0,0,2
love-has-finally-come-my-way,Love Has Finally Come My Way,0,0,0
love-has-no-pride,Love Has No Pride,1,2,1
love-have-mercy-on-us,Love Have Mercy On Us,0,1,1
love-hope-and-faith,Love Hope and Faith,0,0,0
love-i-couldn-t-give,Love I Couldn't Give,0,0,0
love-inflation,Love Inflation,0,0,2
love-is,Love Is,0,1,47
love-is-a-fire,Love Is A Fire,0,0,4
love-is-a-good-thing,Love Is A Good Thing,0,0,3
love-is-a-hurting-game,Love Is A Hurting Game,0,0,0
love-is-all-we-need,Love Is All We Need,0,0,9
love-is-a-two-way-street,Love Is A Two Way Street,0,0,1
love-is-burnin,Love Is Burnin',0,0,0
love-is-everything,Love Is Everything,0,0,8
love-is-like-a-butterfly,Love Is Like A Butterfly,0,1,1
love-is-like-an-echo,Love Is Like An Echo,0,0,1
love-is-never-easy,Love Is Never Easy,0,0,1
love-is-no-excuse,Love Is No Excuse,0,0,1
love-is-not-for-me,Love Is Not For Me,0,0,2
love-isn-t-love-till-you-give-it-away,Love Isn't Love (Till You Give It Away),0,0,0
love-is-on-a-roll,Love Is On A Roll,0,0,1
love-is-on-the-way,Love Is On The Way,0,0,6
love-is-strange,Love Is Strange,0,1,6
love-is-the-answer,Love Is The Answer,0,0,20
love-is-the-foundation,Love Is The Foundation,0,0,1
love-is-the-last-thing-to-go,Love Is The Last Thing To Go,0,0,1
love-is-the-look-you-re-looking-for-lyrics-and-chords,Love Is The Look You're Looking For Lyrics and Chords,0,0,0
love-is-the-way,Love Is The Way,0,0,4
love-is-thin-ice,Love Is Thin Ice,0,0,1
love-is-what-life-s-all-about,Love Is What Life's All About,0,0,0
love-is-where-you-find-it,Love Is Where You Find It,0,0,2
love-is-worth-living,Love Is Worth Living,0,1,1
love-keeps-hanging-on,Love Keeps Hanging On,0,0,1
loveless-love,Loveless Love,0,0,2
love-lessons,Love Lessons,0,0,1
love-letters,Love Letters,0,2,29
love-letters-in-the-sand,Love Letters in the Sand,0,3,1
love-letters-straight-from-your-heart,Love Letters Straight From Your Heart,0,0,0
love-lifted-me,Love Lifted Me,0,3,6
love-looks-good-on-you,Love Looks Good On You,0,0,1
love-looks-good-on-you-1,Love Looks Good On You,0,0,1
love-love-love,Love Love Love,0,1,46
love-love-love-1,Love Love Love,0,1,46
love-love-love-2,Love Love Love,0,1,46
l-o-v-e-love-lyrics-chords,L-o-v-e Love Lyrics Chords,0,0,0
lovely-place-to-cry,Lovely Place To Cry,0,0,1
love-makes-the-world-go-around,Love Makes The World Go Around,0,0,0
love-makes-the-world-go-round,Love Makes The World Go Round,0,0,9
love-may-find-you,Love May Find You,0,0,0
love-me,Love me,0,0,108
love-me-1,Love Me,0,0,108
love-me-a-little-bit-more,Love Me A Little Bit More,0,0,1
love-me-and-make-it-all-better,Love Me And Make It All Better,0,0,0
love-me-as-you-d-love-the-rain,Love Me As You'd Love The Rain,0,1,1
love-me-back-to-heaven,Love Me Back To Heaven,0,0,0
love-me-darling-just-tonight,Love Me Darling Just Tonight,1,3,1
love-me-darlin-just-tonight,Love Me Darlin’ Just Tonight,0,1,0
love-me-like-there-s-no-tomorrow,Love Me Like There's No Tomorrow,0,0,1
love-me-like-you-love-me,Love Me Like You Love Me,0,0,0
love-me-like-you-used-to,Love Me Like You Used To,0,1,3
love-me-love-me,Love Me Love Me,0,0,9
love-me-love-me-honey-do,Love Me Love Me Honey Do,0,0,0
love-me-now-hurt-me-later,Love Me Now Hurt Me Later,0,0,0
love-me-one-more-time,Love Me One More Time,1,3,0
love-me-or-leave-me-alone,Love Me Or Leave Me Alone,0,3,4
love-me-over-again,Love Me Over Again,0,0,1
love-me-song,Love Me Song,0,0,0
love-me-tender,Love Me Tender,0,1,9
love-me-tender-1,Love Me Tender,0,1,9
love-me-tonight,Love Me Tonight,0,0,15
love-me-tonight-1,Love Me Tonight,0,0,15
love-me-to-pieces,Love Me To Pieces,0,0,1
love-me-when-you-can,Love Me When You Can,0,0,1
love-me-with-all-your-heart,Love Me With All Your Heart,0,0,2
love-my-life-away,Love My Life Away,0,0,1
love-never-broke-anyone-s-heart,Love Never Broke Anyone's Heart,0,1,1
love-of-a-woman,Love Of A Woman,0,1,9
love-of-my-life,Love Of My Life,0,1,51
love-of-the-common-people,Love Of The Common People,0,0,1
love-of-the-mountains,Love Of The Mountains,1,7,1
love-oh-love-please-come-home,Love Oh Love Please Come Home,1,0,0
love-on-arrival-loa,Love On Arrival (LOA,0,0,0
love-on-my-mind,Love On My Mind,0,0,4
love-or-hate,Love Or Hate,0,0,0
love-or-something-like-it,Love Or Something Like It,0,0,1
love-or-spite,Love Or Spite,0,0,0
love-out-loud,Love Out Loud,0,0,1
love-overdue,Love Overdue,0,0,1
love-please-come-home,Love Please Come Home,1,24,1
lover-by-appointment,Lover by Appointment,0,0,0
lover-doll,Lover Doll,0,0,1
lover-in-disguise,Lover In Disguise,0,0,0
love-rolled-away-the-stone,Love Rolled Away The Stone,0,0,1
lover-please,Lover Please,0,0,3
lover-s-clown,Lover's Clown,0,0,0
lovers-farewell,Lover’s Farewell,1,4,2
lovers-friends-and-strangers,Lovers Friends And Strangers,0,0,1
lover-s-knot,Lover's Knot,0,0,1
lovers-lane,Lover’s Lane,1,8,10
lover-s-live-longer,Lover's Live Longer,0,0,0
lovers-quarrel,Lover’s Quarrel,0,2,2
lovers-return,Lover’s Return,0,4,0
loversville,Loversville,0,0,0
lovers-waltz,Lover's Waltz,1,0,1
love-s-all-over,Love's All Over,0,1,1
love-s-a-woman-s-job,Love's A Woman's Job,0,0,0
loves-been-good-to-me,Loves Been Good To Me,0,0,0
love-s-endless-war,Love's Endless War,0,0,1
love-s-game-of-let-s-pretend,Love's Game Of Let's Pretend,0,0,0
love-s-gonna-happen-to-me,Love's Gonna Happen To Me,0,0,0
loves-gonna-make-it-alright,Love’s Gonna Make It Alright,0,0,0
love-s-got-a-hold-on-you,Love's Got A Hold On You,0,1,1
love-she-can-t-live-without,Love She Can't Live Without,0,0,1
love-should-be-easy,Love Should Be Easy,0,0,2
lovesick-and-sorrow,Lovesick And Sorrow,1,0,0
lovesick-blues,Lovesick Blues,1,4,1
loves-made-a-fool-of-you,Love’s Made A Fool Of You,0,0,1
love-s-not-everything-lyrics-and-chords,Love's Not Everything Lyrics and Chords,0,0,0
love-s-not-love-till-you-give-it-away,Love's Not Love (Till You Give It Away),0,0,1
love-s-old-sweet-song,Love's Old Sweet Song,0,0,2
love-somebody,Love Somebody,1,21,17
love-someone-like-me,Love Someone Like Me,0,2,1
love-song,Love Song,0,1,180
love-song-for-jackie,Love Song For Jackie,0,0,1
love-song-for-you,Love Song For You,0,0,1
love-song-of-the-waterfall,Love Song Of The Waterfall,0,0,1
love-star,Love Star,0,0,2
love-s-the-answer,Love's The Answer,0,0,1
love-sure-is-beautiful,Love Sure Is Beautiful,0,0,0
love-takes-a-long-time-to-die,Love Takes A Long Time To Die,0,0,0
love-takes-care-of-me,Love Takes Care Of Me,0,0,0
love-that-can-t-be,Love That Can't Be,0,0,0
love-the-second-time-around,Love The Second Time Around,0,0,1
love-the-world-away,Love The World Away,0,0,1
love-thief,Love Thief,0,0,4
love-thy-neighbor,Love Thy Neighbor,0,3,2
love-to-remember,Love To Remember,0,1,1
love-unending,Love Unending,0,0,1
love-walked-out-long-before-she-did,Love Walked Out Long Before She Did,0,0,0
love-was-in-the-room,Love Was In The Room,0,0,0
love-was-right-here-all-the-time,Love Was Right Here All The Time,0,0,1
love-was-what-we-had,Love Was What We Had,0,0,1
love-while-you-can,Love While You Can,0,0,1
love-will-roll-the-clouds-away,Love Will Roll the Clouds Away,1,1,0
love-will-turn-you-around,Love Will Turn You Around,0,0,1
love-with-feeling,Love With Feeling,0,1,1
love-without-end-amen,Love Without End Amen,0,0,1
love-without-mercy,Love Without Mercy,0,0,1
love-without-you,Love Without You,0,0,1
love-won-t-let-us-say-goodbye,Love Won't Let Us Say Goodbye,0,0,0
love-you-ain-t-seen-the-last-of-me,Love You Ain't Seen The Last Of Me,0,0,0
love-you-all-to-pieces,Love You All to Pieces,0,0,0
love-you-like-it-s-our-last-time,Love You Like It's Our Last Time,1,0,0
loving-a-memory,Loving A Memory,0,0,1
loving-an-angel-everyday,Loving An Angel Everyday,0,0,0
loving-arms,Loving Arms,0,1,5
loving-arms-and-lying-eyes,Loving Arms And Lying Eyes,0,0,0
loving-blind,Loving Blind,0,0,1
loving-god-loving-each-other,Loving God Loving Each Other,0,0,0
loving-her-was-easier,Loving Her Was Easier,0,0,0
loving-her-will-make-you-lose-your-mind,Loving Her Will Make You Lose Your Mind,0,0,0
loving-on-back-streets,Loving on Back Streets,0,0,0
loving-on-borrowed-time,Loving On Borrowed Time,0,0,2
loving-only-me,Loving Only Me,0,0,0
loving-sweethearts,Loving Sweethearts,1,1,0
loving-the-fool-out-of-me,Loving The Fool Out Of Me,0,0,0
loving-time-of-the-year,Loving Time of the Year,0,0,1
loving-you,Loving You,0,1,63
loving-you-1,Loving You,0,1,63
loving-you-2,Loving You,0,1,63
loving-you-again,Loving You Again,0,2,1
loving-you-could-never-be-better,Loving You Could Never Be Better,0,0,2
loving-you-feeling-again,Loving You Feeling Again,0,0,0
loving-you-is-music-to-my-mind,Loving You Is Music To My Mind,0,0,1
loving-you-loving-me,Loving You Loving Me,0,0,2
loving-you-then-losing-you,Loving You Then Losing You,0,0,0
loving-you-too-well,Loving You Too Well,1,6,1
lovin-is-livin,Lovin' Is Livin',0,0,0
lovin-lies,Lovin' Lies,0,1,1
lovin-on,Lovin’ On,0,0,1
lovin-pains,Lovin' Pains,0,0,1
lovin-understandin-man,Lovin' Understandin' Man,0,0,1
lovin-up-a-storm,Lovin' Up A Storm,0,0,1
lovin-you-comes-so-natural,Lovin' You Comes So Natural,0,0,0
lovin-you-is-worth-it,Lovin' You Is Worth It,0,0,1
lovin-you-the-way-i-do,Lovin' You The Way I Do,0,0,0
low-and-lonely,Low And Lonely,1,4,1
low-as-a-man-can-go,Low As A Man Can Go,0,0,0
low-dog-blues,Low Dog Blues,0,0,1
low-down-blues,Low Down Blues,0,2,3
lower-on-the-hog,Lower On The Hog,0,3,1
lower-than-lonesome,Lower Than Lonesome,0,0,0
lowest-valley-the,"Lowest Valley, The",0,0,0
lowlands,Lowlands,1,5,13
lucille,Lucille,0,0,18
lucille-1,Lucille,0,0,18
luckenback-texas,Luckenback Texas,0,0,0
luckiest-heartache-in-town,Luckiest Heartache In Town,0,0,1
luckiest-man,Luckiest Man,1,1,2
lucky-arms,Lucky Arms,0,0,1
lucky-dog,Lucky Dog,0,1,3
lucky-in-love,Lucky in Love,0,0,5
lucky-ladies,Lucky Ladies,0,0,1
lucky-lucky-someone-else,Lucky Lucky Someone Else,0,0,0
lucky-me,Lucky Me,0,0,18
lucky-old-colorado,Lucky Old Colorado,0,0,1
lucky-ol-me-you,Lucky Ol' Me You,0,0,0
lucy,Lucy,0,1,60
lucy-lee,Lucy Lee,0,0,0
lucy-long,Lucy Long,0,0,2
lucy-needs-a-friend,Lucy Needs A Friend,0,0,0
lullaby-in-the-cradle,Lullaby In The Cradle,0,0,0
lullabys-legends-and-lies,Lullabys Legends And Lies,0,0,1
lullaby-to-a-little-girl,Lullaby To A Little Girl,0,0,0
lullaby-waltz,Lullaby Waltz,0,0,0
lullaby-yodel,Lullaby Yodel,0,1,1
lulu-walls,Lulu Walls,0,2,2
luther-played-the-boogie,Luther Played The Boogie,0,0,1
luxury-liner,Luxury Liner,1,5,1
lyin-eyes,Lyin' Eyes,0,1,2
lying-again,Lying Again,0,0,6
lying-again-1,Lying Again,0,0,6
lying-comes-so-easy-to-your-lips,Lying Comes So Easy To Your Lips,0,0,0
lying-in-her-arms,Lying In Her Arms,0,0,1
lying-time-again-chords,Lying Time Again chords,0,0,0
lying-to-myself,Lying To Myself,0,0,2
mabel-henry-s-fling,Mabel Henry's Fling,0,0,0
macarthur-s-hand,MacArthur's Hand,0,0,0
made-for-loving-you,Made For Loving You,0,1,1
made-for-the-blues,Made For The Blues,0,0,1
made-in-japan,Made In Japan,0,0,5
made-to-love,Made To Love,0,0,4
mad-mad-world,Mad Mad World,0,0,5
magdalene,Magdalene,1,3,17
maggie,Maggie,0,3,21
maggie-s-dream,Maggie's Dream,0,0,1
maggies-farm,Maggie’s Farm,1,8,1
magic-carpet,Magic Carpet,0,0,9
magic-isles,Magic Isles,0,0,1
maiden-s-prayer-1,Maiden's Prayer,1,21,4
mailman-bring-me-no-more-blues,Mailman Bring Me No More Blues,0,0,1
mail-myself-to-you,Mail Myself to You,1,0,1
main-street,Main Street,0,0,12
mairis-wedding,Mairi's Wedding,1,0,1
maitland-black-boy,Maitland Black Boy,0,0,0
make-a-dream-come-true,Make A Dream Come True,0,0,0
make-a-little-love-each-day,Make A Little Love Each Day,0,0,0
make-believe-it-s-your-first-time,Make Believe It's Your First Time,0,0,1
make-it-like-the-first-time,Make It Like The First Time,0,0,0
make-me-an-offer,Make Me An Offer,0,0,2
make-me-a-pallet-on-the-floor,Make Me a Pallet on the Floor,1,5,1
make-me-a-pallet-on-your-floor,Make Me a Pallet on Your Floor,1,3,2
make-me-feel-like-a-woman-wants-to-feel,Make Me Feel Like A Woman Wants To Feel,0,0,1
make-me-live-again,Make Me Live Again,0,0,1
make-memories-with-me,Make Memories With Me,0,0,1
make-me-one-more-memory,Make Me One More Memory,0,0,0
make-me-over,Make Me Over,0,0,3
make-me-wonderful-in-her-eyes,Make Me Wonderful In Her Eyes,0,0,0
make-my-heart-die-away,Make My Heart Die Away,0,0,0
make-my-life-with-you,Make My Life With You,0,0,1
make-no-mistake-she-s-mine,Make No Mistake She's Mine,0,0,0
make-room-for-the-blues,Make Room For The Blues,0,1,0
make-room-in-your-heart-for-a-memory,Make Room In Your Heart For A Memory,0,0,0
makes-me-wonder-if-i-ever-said-goodbye,Makes Me Wonder If I Ever Said Goodbye,0,1,1
make-sure-you-ve-got-it-all,Make Sure You've Got It All,0,0,1
make-that-one-for-the-road-a-cup-of-coffee,Make That One For The Road A Cup Of Coffee,0,0,0
make-the-waterwheel-roll,Make The Waterwheel Roll,0,0,0
make-the-world-go-away,Make the World Go Away,0,4,1
makeup-and-faded-blue-jeans,Makeup And Faded Blue Jeans,0,0,0
make-up-your-mind,Make Up Your Mind,0,1,31
making-believe,Making Believe,1,3,1
making-everything-perfect,Making Everything Perfect,0,1,0
making-excuses,Making Excuses,0,0,1
making-heartaches,Making Heartaches,0,0,0
making-memories,Making Memories,0,1,4
making-memories-1,Making Memories,0,1,4
making-memories-of-us,Making Memories Of Us,0,0,2
making-plans,Making Plans,1,9,8
makin-love-and-makin-out,Makin' Love And Makin' Out,0,0,1
makin-promises,Makin' Promises,0,0,1
malabar-mansion,Malabar Mansion,0,0,1
malena,Malena,0,1,7
mama-bake-a-pie-daddy-kill-a-chicken,Mama Bake A Pie (Daddy Kill A Chicken),0,0,1
mama-bear,Mama Bear,0,0,0
mama-come-get-your-baby-boy,Mama Come Get Your Baby Boy,0,0,0
mama-company,Mama Company,0,0,0
mama-dont-allow,Mama Don’t Allow,1,8,0
mama-don-t-cry-for-me,Mama Don't Cry For Me,0,0,1
mama-he-s-crazy,Mama He's Crazy,0,1,1
mama-kiss-the-hurt-away,Mama Kiss The Hurt Away,0,0,1
mama-liked-the-roses,Mama Liked The Roses,0,0,1
mama-say-a-prayer,Mama Say A Prayer,0,1,1
mama-s-baby,Mama's Baby,0,0,1
mama-s-been-on-her-knees,Mama's Been On Her Knees,0,0,0
mama-s-bible,Mama's Bible,0,0,1
mama-s-face,Mama's Face,0,0,1
mama-s-family-bible,Mama's Family Bible,0,0,1
mama-s-hands,Mama's Hands,0,0,1
mamas-hungry-eyes,Mama's Hungry Eyes,1,0,0
mama-sold-roses,Mama Sold Roses,0,0,0
mamas-prayer,Mama’s Prayer,0,0,2
mama-s-rockin-chair,Mama's Rockin' Chair,0,0,0
mama-s-table,Mama's Table,0,0,0
mama-s-teaching-angels-how-to-sing,Mama's Teaching Angels How To Sing,1,0,0
mama-take-me-home,Mama Take Me Home,0,0,1
mama-tried,Mama Tried,1,7,3
mama-you-d-have-been-proud-of-me-lyrics-and-chords,Mama You'd Have Been Proud Of Me Lyrics and Chords,0,0,0
man-ain-t-made-of-stone,Man Ain't Made Of Stone,0,0,0
man-and-wife-time,Man And Wife Time,0,0,0
mandrake,Mandrake,0,0,12
man-from-bowling-green,Man From Bowling Green,0,0,1
man-from-galilee,Man From Galilee,0,2,1
man-gave-names-to-all-the-animals,Man Gave Names to All the Animals,1,0,1
man-has-cried,Man Has Cried,0,0,0
manhattan-kansas,Manhattan Kansas,0,0,2
man-in-black,Man In Black,0,0,13
man-in-black-is-wearing-white,Man In Black Is Wearing White,0,0,0
man-in-the-little-white-suit,Man In The Little White Suit,0,0,0
man-in-the-middle-the,"Man In The Middle, The",0,0,0
man-in-the-moon,Man In The Moon,0,3,23
man-man-mr-sandman,Man Man Mr. Sandman,0,0,0
man-must-hide-to-cry,Man Must Hide To Cry,0,0,0
man-of-constant-sorrow,Man of Constant Sorrow,1,23,5
man-of-galilee,Man Of Galilee,0,3,0
mansion-on-the-hill,Mansion On The Hill,1,11,4
mansion-over-the-hilltop,Mansion Over the Hilltop,0,1,1
mansions-for-me,Mansions For Me,1,5,1
man-that-s-satisfied,Man That's Satisfied,0,0,0
man-that-you-once-knew,Man That You Once Knew,0,0,1
man-walks-among-us,Man Walks Among Us,0,0,1
man-without-a-home,Man Without A Home,0,0,0
man-with-the-bag,Man With The Bag,0,0,0
man-with-the-blues,Man With The Blues,0,1,1
many-christmases-ago,Many Christmases Ago,0,0,1
many-mansions,Many Mansions,0,0,2
many-tears-ago,Many Tears Ago,0,0,2
many-tears-ago-1,Many Tears Ago,0,0,2
manzanita,Manzanita,1,2,2
maple-on-the-hill,Maple on the Hill,1,14,2
maple-street-memories,Maple Street Memories,0,0,0
maple-sugar-sweetheart,Maple Sugar Sweetheart,0,2,0
marching-for-jesus,Marching For Jesus,0,0,0
marching-jaybird,Marching Jaybird,0,2,1
marching-through-georgia,Marching Through Georgia,1,5,2
march-winds-gonna-blow-my-blues-all-away,March Winds Gonna Blow My Blues All Away,1,0,0
mardi-gras-in-new-orleans,Mardi Gras In New Orleans,0,0,3
margarets-waltz,Margaret's Waltz,1,1,2
margie,Margie,0,1,7
margravine-s-waltz-the,Margravine's Waltz (The),0,0,0
maria,Maria,0,2,107
maria-elena,Maria Elena,0,1,4
maria-is-a-mystery,Maria Is A Mystery,0,0,0
marie,Marie,0,2,78
marie-laveau,Marie Laveau,0,0,7
marina-del-rey,Marina Del Rey,0,0,3
marking-time,Marking Time,0,0,3
marmaduke-s-hornpipe,Marmaduke's Hornpipe,0,1,0
marriage-on-the-rocks,Marriage On The Rocks,0,0,2
marriage-vows,Marriage Vows,0,0,1
married-but-not-to-each-other,Married But Not To Each Other,0,0,0
married-by-the-bible,Married by the Bible,0,0,0
marshmallow-world,Marshmallow World,0,1,1
martha-white-theme,Martha White Theme,1,6,0
mary-ann,Mary Ann,1,5,16
mary-claire-melvina-rebecca-jane,Mary Claire Melvina Rebecca Jane,0,0,0
mary-did-you-know,Mary Did You Know,0,7,0
mary-don-t-you-weep-for-me,Mary Don't You Weep For Me,1,0,0
mary-in-the-morning,Mary In The Morning,0,0,2
mary-of-the-wild-moor,Mary Of The Wild Moor,1,10,2
mary-s-christmas,Mary's Christmas,0,1,1
mary-s-little-boy-child,Mary's Little Boy Child,0,0,1
mary-s-sweet-smile,Mary's Sweet Smile,0,0,0
mason-dixon-schottische-the,Mason-Dixon Schottische (The),0,0,0
matamoros,Matamoros,0,0,1
matchbox,Matchbox,0,0,10
mathilda,Mathilda,0,0,12
matterhorn,Matterhorn,1,9,7
matthew-twenty-four,Matthew Twenty Four,0,4,1
matty-groves,Matty Groves,1,5,2
maureen,Maureen,0,1,16
maybe-baby,Maybe Baby,0,1,7
maybe-by-then,Maybe By Then,0,0,1
maybe-if-i-close-my-eyes,Maybe If I Close My Eyes,0,0,0
maybe-if-i-close-my-eyes-it-will-go-away,Maybe If I Close My Eyes (It Will Go Away),0,0,0
maybe-i-just-crossed-your-mind,Maybe I Just Crossed Your Mind,0,0,0
maybe-i-just-don-t-know,Maybe I Just Don't Know,0,0,1
maybe-i-should-have-been-listening,Maybe I Should Have Been Listening,0,0,0
maybe-i-should-leave,Maybe I Should Leave,0,0,1
maybe-i-should-stay-here,Maybe I Should Stay Here,0,1,0
maybellene,Maybellene,1,5,2
maybe-love-will-save-the-day,Maybe Love Will Save The Day,0,0,0
maybe-love-will-save-the-day-1,Maybe Love Will Save The Day,0,0,0
maybe-next-christmas,Maybe Next Christmas,0,0,0
maybe-that-s-all-it-takes,Maybe That's All It Takes,0,0,1
maybe-then-i-ll-be-over-you,Maybe Then I'll Be Over You,0,0,1
maybe-tomorrow,Maybe Tomorrow,0,0,50
maybe-you-heard,Maybe You Heard,0,0,1
maybe-you-ll-see-santa-claus,Maybe You'll See Santa Claus,0,0,1
maybe-you-should-know,Maybe You Should Know,0,0,2
may-god-be-with-you,May God Be With You,0,0,1
may-the-bird-of-paradise,May The Bird Of Paradise,0,0,0
may-the-force-be-with-you-always,May The Force Be With You Always,0,0,1
may-you-never,May You Never,0,1,2
may-you-never-be-alone,May You Never Be Alone,0,1,2
mccann-s-irish-reel,McCann's Irish Reel,0,0,0
mcmichen-s-reel,McMichen's Reel,0,4,0
me-against-the-night,Me Against The Night,0,0,0
me-and-bobby-mcgee,Me and Bobby McGee,0,3,1
me-and-god,Me And God,0,2,0
me-and-jesus,Me and Jesus,0,4,2
me-and-jimmie-rodgers,Me And Jimmie Rodgers,0,0,1
me-and-little-andy,Me And Little Andy,0,1,1
me-and-mine,Me And Mine,0,0,3
me-and-my-baby-doin-the-bunny-hop,Me and My Baby Doin' the Bunny Hop,0,0,0
me-and-my-broken-heart,Me And My Broken Heart,0,0,1
me-and-my-neighbor,Me And My Neighbor,0,0,0
me-and-my-uncle,Me and My Uncle,1,2,1
me-and-paul,Me And Paul,0,2,1
me-and-the-i-r-s,Me and the I.R.S.,0,0,0
me-and-you-and-a-dog-named-boo,Me And You And A Dog Named Boo,0,0,1
meanest-jukebox-in-town,Meanest Jukebox In Town,0,0,0
mean-eyed-cat,Mean Eyed Cat,0,0,1
mean-little-mama,Mean Little Mama,0,0,1
mean-mama-blues,Mean Mama Blues,0,1,2
mean-mother-blues,Mean Mother Blues,1,2,1
mean-old-bed-bug-blues,Mean Old Bed Bug Blues,0,0,0
mean-son-of-a-gun,Mean Son Of A Gun,0,0,1
meant-to-be,Meant To Be,0,3,32
meanwhile,Meanwhile,0,0,27
meanwhile-down-at-joe-s,Meanwhile Down At Joe's,0,0,0
mean-woman-blues,Mean Woman Blues,0,0,5
mean-woman-with-the-green-eyes,Mean Woman With The Green Eyes,0,0,0
meat-and-potato-man,Meat And Potato Man,0,1,1
medals-for-mothers,Medals For Mothers,0,3,1
medals-for-mothers-1,Medals For Mothers,0,3,1
medicine-springs,Medicine Springs,1,4,1
meeting-in-the-air,Meeting In The Air,0,3,1
meet-me-at-the-altar,Meet Me At The Altar,0,0,0
meet-me-at-the-creek,Meet Me at the Creek,1,1,1
meet-me-by-the-moonlight,Meet Me By The Moonlight,1,4,0
meet-me-in-heaven,Meet Me In Heaven,0,2,1
meet-me-in-montana,Meet Me In Montana,0,0,0
meet-me-on-the-corner,Meet Me On The Corner,0,0,4
meet-me-under-the-mistletoe,Meet Me Under The Mistletoe,0,0,1
melba-from-melbourne,Melba From Melbourne,0,0,1
melody-of-love,Melody Of Love,0,3,5
melted-down-memories,Melted Down Memories,0,0,0
melva-s-wine,Melva's Wine,0,0,1
memorabilia,Memorabilia,0,0,6
memories,Memories,0,7,352
memories-1,Memories,0,7,352
memories-always-linger-on,Memories Always Linger On,0,0,0
memories-an-old-picture-and-a-ring,Memories An Old Picture And A Ring,0,0,0
memories-are-made-of-this,Memories Are Made Of This,0,0,2
memories-are-made-of-this-1,Memories Are Made Of This,0,0,2
memories-can-t-kiss-me-goodnight,Memories Can't Kiss Me Goodnight,0,0,0
memories-cover-everything-i-own,Memories Cover Everything I Own,1,0,0
memories-from-the-past,Memories From The Past,0,0,1
memories-made-this-house,Memories Made This House,0,0,0
memories-of-mother-and-dad,Memories Of Mother And Dad,1,11,1
memories-of-mother-stanleys,Memories Of Mother – Stanleys,1,0,0
memories-of-old-santa-fe,Memories Of Old Santa Fe,0,0,0
memories-of-the-past,Memories Of The Past,0,3,4
memories-of-us,Memories Of Us,0,0,3
memories-to-burn,Memories to Burn,0,0,1
memory,Memory,0,1,126
memory-eraser,Memory Eraser,0,0,0
memory-is-a-flower,Memory Is A Flower,0,0,0
memory-killer,Memory Killer,0,0,0
memory-lane,Memory Lane,0,1,48
memory-maker,Memory Maker,0,0,1
memory-maker-1,Memory Maker,0,0,1
memory-number-one,Memory Number One,0,0,0
memory-of-you,Memory Of You,0,13,12
memory-that-bad,Memory That Bad,0,0,0
memphis,Memphis,1,10,20
memphis-special,Memphis Special,1,0,1
memphis-tennessee,Memphis Tennessee,0,7,6
men,Men,0,0,14
mendocino-county-line,Mendocino County Line,0,0,1
mental-journey,Mental Journey,0,0,0
mental-revenge,Mental Revenge,0,1,1
mention-my-name,Mention My Name,0,3,1
mention-my-name-in-sheboygan,Mention My Name In Sheboygan,0,0,1
men-with-broken-hearts,Men With Broken Hearts,0,1,1
mercury-blues,Mercury Blues,0,1,3
mercy,Mercy,0,2,103
mercy-now,Mercy Now,0,0,1
mercy-of-a-letter,Mercy Of A Letter,0,0,0
merle-and-me,Merle And Me,0,0,0
merry-christmas-and-a-happy-new-year,Merry Christmas And A Happy New Year,0,0,1
merry-christmas-from-our-house-to-yours,Merry Christmas From Our House To Yours,0,0,1
merry-christmas-polka,Merry Christmas Polka,0,0,2
merry-christmas-to-me,Merry Christmas To Me,0,1,1
merry-christmas-to-you-from-me,Merry Christmas To You From Me,0,0,1
merry-christmas-to-you-from-me-1,Merry Christmas To You From Me,0,0,1
merry-christmas-we-must-be-having-one,Merry Christmas We Must Be Having One,0,0,0
merry-christmas-wherever-you-are,Merry Christmas Wherever You Are,0,0,0
merry-go-round-world,Merry-Go-Round World,0,0,0
merry-texas-christmas-you-all,Merry Texas Christmas You All,0,1,0
messin-with-my-mind,Messin' With My Mind,0,0,3
methodist-pie,Methodist Pie,1,2,2
me-today-her-tomorrow,Me Today Her Tomorrow,0,0,0
me-too,Me Too,0,0,11
mexicali-blues,Mexicali Blues,1,1,1
mexicali-rose,Mexicali Rose,0,1,3
mexican-joe,Mexican Joe,0,0,1
mexican-love-songs,Mexican Love Songs,0,0,0
mexican-minutes,Mexican Minutes,0,0,1
mexico-rain,Mexico Rain,0,0,1
miami-my-amy,Miami My Amy,0,0,1
miami-snow,Miami Snow,0,0,0
michael,Michael,0,2,23
mickey-gilley,Mickey Gilley,0,0,0
middle-age-crazy,Middle Age Crazy,0,0,1
midnight,Midnight,0,8,136
midnight-angel,Midnight Angel,0,2,4
midnight-angel-1,Midnight Angel,0,2,4
midnight-blues,Midnight Blues,0,1,16
midnight-cowboy,Midnight Cowboy,0,0,6
midnight-date,Midnight Date,0,0,0
midnight-flyer,Midnight Flyer,0,4,7
midnight-in-heaven,Midnight In Heaven,0,0,0
midnight-in-montgomery,Midnight In Montgomery,0,1,1
midnight-love,Midnight Love,0,0,7
midnight-lovers,Midnight Lovers,0,0,1
midnight-me-and-the-blues,Midnight Me and the Blues,0,0,0
midnight-memories,Midnight Memories,0,0,6
midnight-moonlight,Midnight Moonlight,1,13,4
midnight-oil,Midnight Oil,0,0,12
midnight-on-the-highway,Midnight On The Highway,1,2,1
midnight-on-the-stormy-deep,Midnight On The Stormy Deep,1,11,2
midnight-on-the-water,Midnight on the Water,1,8,2
midnight-rider,Midnight Rider,1,5,6
midnight-shift,Midnight Shift,0,0,3
midnight-storm,Midnight Storm,0,3,3
midnight-sun,Midnight Sun,0,1,57
midnight-tears,Midnight Tears,0,1,0
midnight-till-dawn,Midnight Till Dawn,0,0,0
midnight-train,Midnight Train,1,11,26
midnight-train-2,Midnight Train,1,11,26
midnight-turning-day-blues,Midnight Turning Day Blues,0,0,0
midnight-turning-day-blues-blue-yodel-6,Midnight Turning Day Blues (Blue Yodel #6),0,0,0
mid-the-green-fields-of-virginia,Mid The Green Fields Of Virginia,0,2,1
mighty-dark-to-travel,Mighty Dark To Travel,1,14,0
mighty-day,Mighty Day,0,0,1
mighty-everglades,Mighty Everglades,0,0,1
mighty-good,Mighty Good,0,0,1
mile-long-train,Mile Long Train,0,0,0
miles-and-miles-of-texas,Miles and Miles of Texas,0,1,0
miles-in-memories,Miles In Memories,0,0,0
military-schottische,Military Schottische,0,0,0
milk-and-cookies,Milk And Cookies,0,0,6
milk-cow-blues,Milk Cow Blues,1,6,3
milky-white-way,Milky White Way,0,0,4
millers-cave,Millers Cave,1,0,0
millionaire,Millionaire,0,1,24
million-shades-of-blue,Million Shades Of Blue,0,0,1
millions-of-roses,Millions Of Roses,0,0,0
milwaukee-blues,Milwaukee Blues,1,7,1
milwaukee-here-i-come,Milwaukee Here I Come,0,5,1
mind-your-own-business,Mind Your Own Business,0,2,7
mine,Mine,0,2,69
mine-all-mine,Mine All Mine,0,1,14
miner-s-prayer,Miner's Prayer,1,4,1
miners-prayer,Miner’s Prayer,0,4,1
mining-for-coal,Mining For Coal,0,0,1
miracles,Miracles,0,0,50
mirror-mirror-on-the-wall,Mirror Mirror On The Wall,0,0,2
mirrors-don-t-lie,Mirrors Don't Lie,0,1,0
misery,Misery,0,1,86
misery-and-gin,Misery and Gin,0,0,1
misery-in-my-soul,Misery In My Soul,0,0,0
misery-known-as-heartache,Misery Known As Heartache,0,0,0
misery-loves-company,Misery Loves Company,0,0,15
misery-river,Misery River,1,0,0
miss-emilys-picture,Miss Emily’s Picture,0,0,1
miss-gayton-s-hornpipe,Miss Gayton's Hornpipe,0,0,0
missing-her-blues,Missing Her Blues,0,0,0
missing-her-is-easier-this-way,Missing Her Is Easier This Way,0,0,0
missing-in-action,Missing In Action,0,1,5
missing-persons,Missing Persons,0,0,9
missing-you,Missing You,0,2,120
missing-you-1,Missing You,0,2,120
missing-you-just-started-hittin-home,Missing You Just Started Hittin' Home,0,0,0
missing-you-missing-me,Missing You Missing Me,0,0,2
missing-you-was-all-i-did-today-lyrics-chords,Missing You Was All I Did Today Lyrics chords,0,0,0
mission-of-love,Mission Of Love,0,0,0
mission-of-love-1,Mission Of Love,0,0,0
mississippi,Mississippi,1,5,31
mississippi-breakdown,Mississippi Breakdown,0,1,1
mississippi-delta-blues,Mississippi Delta Blues,0,0,1
mississippi-river-blues,Mississippi River Blues,0,0,2
mississippi-river-let-your-water-flow,Mississippi River Let Your Water Flow,1,0,0
mississippi-river-raft,Mississippi River Raft,1,0,0
mississippi-sawyer,Mississippi Sawyer,1,22,1
mississippi-square-dance-part-2,Mississippi Square Dance--Part 2,1,0,0
mississippi-waltz,Mississippi Waltz,1,5,1
miss-marcy,Miss Marcy,0,0,0
miss-mcleod-s-reel,Miss McLeod's Reel,1,1,0
miss-memory,Miss Memory,0,0,0
miss-molly,Miss Molly,0,2,2
missouri-hornpipe,Missouri Hornpipe,0,0,0
missouri-moon,Missouri Moon,0,1,1
missouri-mud-the,Missouri Mud (The),1,0,0
missouri-mule,Missouri Mule,0,0,0
missouri-spotted-pony,Missouri Spotted Pony,1,0,0
miss-the-mississippi-and-you,Miss The Mississippi And You,0,2,1
miss-you,Miss You,0,0,87
mistakes,Mistakes,0,0,29
mistakes-1,Mistakes,0,0,29
mistakes-i-made-yesterday,Mistakes I Made Yesterday,0,0,0
mister-blues,Mister Blues,0,0,2
mister-can-you-spare-a-dime,Mister Can You Spare A Dime,0,0,0
mister-joe-henry-s-happy-hand-clappin,Mister Joe Henry's Happy Hand Clappin',0,0,0
mister-professor,Mister Professor,0,0,0
mister-teardrop,Mister Teardrop,0,0,1
mist-over-tennessee,Mist Over Tennessee,1,0,1
misty,Misty,0,5,27
misty-1,Misty,0,5,27
misty-blue,Misty Blue,0,0,7
misty-memories,Misty Memories,0,0,0
misty-morning-rain,Misty Morning Rain,0,0,2
mixing-memories,Mixing Memories,0,0,0
moanin,Moanin',0,0,8
moaning-the-blues,Moaning The Blues,0,0,1
mobile-bay,Mobile Bay,0,0,4
mocassin-two-step,Mocassin Two-Step,0,0,0
mockingbird-hill,Mockingbird Hill,0,1,0
model-church,Model Church,1,8,0
modern-day-don-juan,Modern Day Don Juan,0,0,0
modern-day-romance,Modern Day Romance,0,1,1
moffet-oklahoma,Moffet Oklahoma,0,0,0
mohair-sam,Mohair Sam,0,0,1
moldavian-schottische,Moldavian Schottische,0,0,0
molly-and-tenbrooks,Molly And Tenbrooks,1,28,3
molly-ann,Molly Ann,0,0,0
molly-bloom,Molly Bloom,1,4,2
molly-darling,Molly Darling,0,3,1
mom,Mom,0,0,23
mom-and-dad-s-waltz,Mom and Dad's Waltz,0,3,2
moment-of-forever,Moment Of Forever,0,0,1
moments-to-remember,Moments to Remember,0,0,3
momma-tried,Momma Tried,0,0,0
mommy-for-a-day,Mommy For A Day,0,0,1
mommy-look-santa-is-crying,Mommy Look Santa Is Crying,0,0,0
mommy-please-stay-home-with-me,Mommy Please Stay Home With Me,0,3,1
mommy-will-my-doggie-understand,Mommy Will My Doggie Understand,0,0,0
mona,Mona,0,0,30
mona-lisa,Mona Lisa,0,0,60
mona-lisa-lost-her-smile,Mona Lisa Lost Her Smile,0,0,1
monday-morning-church,Monday Morning Church,0,2,1
monday-morning-secretary,Monday Morning Secretary,0,0,0
money-cannot-make-the-man,Money Cannot Make The Man,0,0,1
money-can-t-buy-happiness,Money Can't Buy Happiness,0,0,1
money-in-the-bank,Money In The Bank,1,3,4
money-marbles-and-chalk,Money Marbles And Chalk,0,1,1
money-or-love,Money Or Love,0,0,2
money-to-burn,Money To Burn,0,2,9
money-tree,Money Tree,0,0,7
monkey-the-engineer,Monkey & the Engineer,1,0,0
monroe-s-hornpipe,Monroe's Hornpipe,1,10,1
montana-cowboy,Montana Cowboy,1,4,1
montana-cowgirl,Montana Cowgirl,0,0,0
montana-song,Montana Song,0,0,0
montego-bay,Montego Bay,0,0,4
month-of-sundays,Month Of Sundays,0,1,9
moody-blue,Moody Blue,0,0,1
moody-woman,Moody Woman,0,0,1
moondreams,Moondreams,0,0,2
moon-girl,Moon Girl,0,0,1
moonland,Moonland,0,0,2
moonlight-and-roses,Moonlight and Roses,0,0,3
moonlight-and-skies,Moonlight And Skies,0,0,1
moonlight-lounge,Moonlight Lounge,0,0,1
moonlight-mississippi,Moonlight Mississippi,0,0,1
moonlight-mountain-lyrics-chords,Moonlight Mountain Lyrics chords,0,0,0
moonlight-on-my-cabin,Moonlight On My Cabin,0,0,0
moonlight-on-the-colorado,Moonlight On The Colorado,0,0,1
moonlight-swim,Moonlight Swim,0,0,1
moon-river,Moon River,0,5,6
moonshiner,Moonshiner,1,9,8
morals-of-a-man,Morals Of A Man,0,0,0
more,More,0,0,77
more-and-more,More And More,0,2,16
more-from-habit-than-desire,More From Habit Than Desire,0,0,0
more-love,More Love,0,1,11
more-often-than-once-in-a-while,More Often Than Once In A While,1,1,0
more-pretty-girls-than-one,More Pretty Girls Than One,1,27,1
more-than-a-name-on-the-wall,More Than A Name On The Wall,0,1,0
more-than-anything-in-this-world,More Than Anything In This World,0,0,1
more-than-a-poor-boy-can-give,More Than A Poor Boy Can Give,0,0,1
more-than-i-can-say,More Than I Can Say,0,1,6
more-than-my-old-guitar,More Than My Old Guitar,0,0,1
more-than-we-deserve,More Than We Deserve,0,0,0
more-than-words-can-ever-tell,More Than Words Can Ever Tell,0,0,0
more-than-yesterday,More Than Yesterday,0,0,1
more-to-love-than-this,More To Love Than This,0,0,0
morning,Morning,0,1,117
morning-comes-too-early,Morning Comes Too Early,0,0,0
morning-paper,Morning Paper,0,0,1
mornin-ride,Mornin' Ride,0,0,1
most-of-all,Most Of All,0,2,11
most-of-all-1,Most Of All,0,2,11
most-of-all-2,Most of All,0,2,11
most-of-all-3,Most Of All,0,2,11
most-of-all-why,Most Of All Why,0,1,1
most-of-the-time,Most Of The Time,0,0,7
most-of-the-time-1,Most of the Time,0,0,7
most-of-the-time-2,Most Of The Time,0,0,7
most-richly-blessed,Most Richly Blessed,0,0,1
motel-matches,Motel Matches,0,0,1
motel-time-again,Motel Time Again,0,0,1
mother-and-daddy-are-gone,Mother And Daddy Are Gone,1,3,0
mother-called-my-name-in-prayer,Mother Called My Name In Prayer,0,0,0
mother-call-my-name-in-prayer,Mother Call My Name In Prayer,0,1,0
mother-is-gone,Mother Is Gone,0,1,1
motherless-children,Motherless Children,0,4,10
m-o-t-h-e-r-lyrics-chords,M-O-T-H-E-R Lyrics Chords,0,0,0
mother-no-longer-awaits-me-at-home,Mother No Longer Awaits Me At Home,1,3,1
mother-of-a-honky-tonk-girl,Mother Of A Honky Tonk Girl,0,0,1
mother-pal-and-sweetheart,Mother Pal And Sweetheart,0,0,0
mothers-and-daddys,Mothers And Daddys,0,0,0
mother-s-birthday-song,Mother's Birthday Song,0,0,0
mothers-footsteps-guide-me-on,Mother’s Footsteps Guide Me On,1,1,0
mother-s-mansion-is-higher-than-mine,Mother's Mansion Is Higher Than Mine,0,2,0
mother-s-not-dead,Mother's Not Dead,1,9,0
mothers-only-sleeping,Mother’s Only Sleeping,1,8,1
mother-s-prayer,Mother's Prayer,1,4,4
mothers-prayer,Mother’s Prayer,1,4,4
mother-the-queen-of-my-heart,Mother The Queen Of My Heart,0,1,1
mother-went-a-walkin,Mother Went A Walkin',0,0,1
motorcycle-cowboy,Motorcycle Cowboy,0,0,0
mountain-cabin-home,Mountain Cabin Home,1,0,0
mountain-dew,Mountain Dew,1,15,2
mountain-dew-1,Mountain Dew,1,15,2
mountain-high-valley-low,Mountain High Valley Low,0,1,2
mountain-jig-quadrille,Mountain Jig Quadrille,0,0,0
mountain-laurel,Mountain Laurel,0,3,2
mountain-music,Mountain Music,0,1,3
mountain-of-love,Mountain Of Love,0,0,5
mountain-of-love-1,Mountain Of Love,0,0,5
mountain-road,Mountain Road,0,3,2
mountain-rosa-lee,Mountain Rosa Lee,1,5,1
mountains-of-tennessee-the,"Mountains Of Tennessee, The",1,0,0
mountain-song,Mountain Song,1,3,24
move-down-the-line,Move Down The Line,0,0,1
move-it-on-over,Move It On Over,1,5,3
move-on-in-and-stay,Move On In And Stay,0,0,0
move-to-town-in-the-fall,Move To Town In The Fall,0,0,0
move-up-a-little-closer,Move Up A Little Closer,0,0,0
mozart-s-waltz,Mozart's Waltz,0,0,0
mr-and-mrs-santa-claus,Mr. And Mrs. Santa Claus,0,0,1
mr-and-mrs-snowman,Mr. and Mrs. Snowman,0,0,1
mr-and-mrs-used-to-be,Mr. And Mrs. Used To Be,0,0,0
mr-blue,Mr. Blue,0,0,10
mr-bojangles,Mr. Bojangles,1,7,1
mr-christmas,Mr. Christmas,0,0,0
mr-coachman,Mr. Coachman,0,1,0
mr-cool,Mr. Cool,0,0,8
mr-d-j,Mr. D.J.,0,0,1
mr-engineer,Mr. Engineer,1,4,1
mr-heartache,Mr. Heartache,0,0,3
mr-jones,Mr. Jones,0,0,15
mr-jukebox,Mr. Jukebox,0,1,0
mr-lonely,Mr. Lonely,0,0,9
mr-lovemaker,Mr. Lovemaker,0,0,0
mr-man-in-the-moon,Mr. Man In The Moon,0,2,0
mr-midnight,Mr. Midnight,0,1,3
mr-mistletoe,Mr. Mistletoe,0,0,1
mr-moon,Mr. Moon,0,1,8
mr-moonlight,Mr. Moonlight,0,0,4
mr-peepers,Mr. Peepers,0,0,1
mr-peters,Mr. Peters,0,0,0
mr-record-man,Mr. Record Man,0,0,1
mr-right,Mr. Right,0,0,13
mr-sandman,Mr. Sandman,0,1,6
mr-santa,Mr. Santa,0,0,0
m-r-s-degree,M.R.S. Degree,0,0,1
mr-shorty,Mr. Shorty,0,0,1
mrs-jones-your-daughter-cried-all-night,Mrs. Jones Your Daughter Cried All Night,0,0,1
mr-songman,Mr. Songman,0,0,1
mrs-robinson,Mrs. Robinson,1,4,3
mrs-santa-claus,Mrs. Santa Claus,0,0,2
mr-ting-a-ling-steel-guitar-man,Mr. Ting-A-Ling (Steel Guitar Man),0,0,0
much-beyond-compare,Much Beyond Compare,0,0,0
much-too-young-to-die,Much Too Young To Die,0,0,0
much-too-young-to-feel-this-damn-old,Much Too Young (To Feel This Damn Old),0,0,1
muddy-water,Muddy Water,1,7,14
mud-fence,Mud Fence,0,0,0
mud-on-the-wheel,Mud on the Wheel,0,0,0
mule-skinner-blues,Mule Skinner Blues,1,21,0
mule-skinner-blues-blue-yodel-no-8,Mule Skinner Blues (Blue Yodel No. 8),1,9,0
multiply-the-heartaches,Multiply The Heartaches,0,0,1
murder-on-music-row,Murder On Music Row,0,2,1
music-making-mama-from-memphis,Music Making Mama From Memphis,0,0,0
music-to-the-man,Music To The Man,0,0,0
must-i-believe,Must I Believe,0,0,1
must-ve-had-a-ball,Must've Had A Ball,0,1,1
must-you-throw-dirt-in-my-face,Must You Throw Dirt In My Face,0,2,0
my-aching-heart,My Aching Heart,1,4,2
my-adobe-hacienda,My Adobe Hacienda,0,1,1
my-america,My America,0,0,5
my-angel-judy,My Angel Judy,0,0,0
my-anna-maria,My Anna Maria,0,0,0
my-arms-stay-open-late,My Arms Stay Open Late,0,0,1
my-babe,My Babe,0,1,7
my-baby-ain-t-my-baby-no-more,My Baby Ain't My Baby No More,0,0,0
my-baby-and-my-wife,My Baby And My Wife,0,0,0
my-baby-don-t-dance-to-nothing-but-ernest-tubb,My Baby Don't Dance To Nothing But Ernest Tubb,0,0,0
my-baby-don-t-love-me-anymore,My Baby Don't Love Me Anymore,0,0,0
my-baby-left-her-jingling-john-for-folding-fred,My Baby Left Her Jingling John for Folding Fred,0,0,0
my-baby-left-me,My Baby Left Me,0,0,6
my-baby-lied-to-me,My Baby Lied To Me,0,0,0
my-baby-no-esta-aqui,My Baby No Esta Aqui,0,0,0
my-baby-s-gone,My Baby's Gone,1,16,17
my-babys-gone,My Baby’s Gone,1,16,17
my-baby-s-gone-1,My Baby's Gone,1,16,17
my-baby-sings-the-blues,My Baby Sings The Blues,0,0,1
my-baby-s-just-like-money,My Baby's Just Like Money,0,1,1
my-baby-s-not-here,My Baby's Not Here,0,0,0
my-baby-turns-the-lights-on-uptown,My Baby Turns The Lights On Uptown,0,0,1
my-baby-used-to-be-that-way,My Baby Used To Be That Way,0,0,0
my-best-to-you,My Best To You,0,0,0
my-best-to-you-1,My Best To You,0,0,0
my-better-years,My Better Years,1,3,1
my-big-iron-skillet,My Big Iron Skillet,0,0,1
my-big-truck-drivin-man,My Big Truck Drivin' Man,0,0,0
my-blue-eyed-jane,My Blue Eyed Jane,0,1,1
my-blue-heaven,My Blue Heaven,0,4,3
my-blue-ridge-mountain-boy,My Blue Ridge Mountain Boy,0,1,1
my-blue-river-rose,My Blue River Rose,0,0,0
my-blues-will-pass,My Blues Will Pass,0,0,0
my-blue-tears,My Blue Tears,0,2,1
my-brand-of-blues,My Brand Of Blues,0,0,0
my-broken-heart-belongs-to-you,My Broken Heart Belongs To You,0,0,0
my-brothers-bride,My Brother’s Bride,1,1,0
my-brown-eyed-darlin,My Brown Eyed Darlin’,1,0,0
my-brown-eyed-darling,My Brown-Eyed Darling,1,0,0
my-bucket-s-got-a-hole-in-it,My Bucket's Got A Hole In It,0,2,1
my-buddy,My Buddy,0,0,4
my-cabin-in-caroline,My Cabin In Caroline,1,11,1
my-carolina-sunshine-girl,My Carolina Sunshine Girl,0,3,1
my-cathedral,My Cathedral,0,0,1
my-christmas-dream,My Christmas Dream,0,0,0
my-christmas-prayer,My Christmas Prayer,0,0,2
my-clinch-mountain-home,My Clinch Mountain Home,0,1,1
my-cold-cold-heart-is-melted-now,My Cold Cold Heart Is Melted Now,0,0,0
my-confessions,My Confessions,0,0,0
my-cup-runneth-over,My Cup Runneth Over,0,1,2
my-daddy-doll,My Daddy Doll,0,0,1
my-daddy-is-only-a-picture,My Daddy Is Only A Picture,0,0,0
my-darlings-last-goodbye,My Darling’s Last Goodbye,1,3,1
my-darling-you-know-that-i-love-you,My Darling You Know That I Love You,1,0,0
my-darlins-in-heaven,My Darlin’s In Heaven,1,0,0
my-days-all-end-in-why,My Days All End In Why,0,0,0
my-days-are-darker-than-your-nights,My Days Are Darker Than Your Nights,0,0,0
my-day-won-t-be-complete,My Day Won't Be Complete,0,0,0
my-dear-companion,My Dear Companion,0,3,1
my-dear-old-southern-home,My Dear Old Southern Home,1,5,0
my-deceitful-heart,My Deceitful Heart,0,3,1
my-dixie-darling,My Dixie Darling,0,2,0
my-dixie-home,My Dixie Home,1,8,0
my-dream-boat-is-drifting,My Dream Boat Is Drifting,0,0,0
my-dream-came-true,My Dream Came True,0,0,0
my-dreams-lyrics-chords,My Dreams Lyrics chords,0,0,0
my-ears-should-burn-when-fools-are-talked-about,My Ears Should Burn When Fools Are Talked About,0,0,0
my-ecstasy,My Ecstasy,0,0,1
my-elusive-dreams,My Elusive Dreams,0,0,1
my-everlasting-love,My Everlasting Love,0,0,3
my-eyes-are-jealous,My Eyes Are Jealous,0,0,0
my-eyes-are-on-the-prize,My Eyes Are On The Prize,0,0,0
my-eyes-can-only-see-as-far-as-you,My Eyes Can Only See As Far As You,0,0,1
my-fate-is-in-your-hands,My Fate Is In Your Hands,0,0,1
my-father-s-house,My Father's House,0,2,2
my-father-s-son,My Father's Son,0,2,6
my-favorite-lies,My Favorite Lies,0,0,1
my-favorite-memory,My Favorite Memory,0,3,1
my-favorite-sin,My Favorite Sin,0,0,0
my-filipino-baby,My Filipino Baby,0,0,0
my-filipino-rose,My Filipino Rose,0,0,1
my-first-country-song,My First Country Song,0,0,1
my-first-day-without-her,My First Day Without Her,0,0,1
my-first-day-without-you,My First Day Without You,0,0,1
my-first-night-without-you,My First Night Without You,0,0,1
my-first-payday,My First Payday,0,0,0
my-first-reaction,My First Reaction,0,0,0
my-first-taste-of-texas,My First Taste Of Texas,0,0,0
my-florida-sunshine,My Florida Sunshine,0,2,1
my-forever-friend,My Forever Friend,0,0,1
my-friend-on-the-right-lyrics-chords,My Friend On The Right Lyrics chords,0,0,0
my-friends-are-gonna-be-strangers,My Friends Are Gonna Be Strangers,0,0,0
my-friend-the-jukebox,My Friend The Jukebox,0,0,0
my-front-door-is-open,My Front Door Is Open,0,0,1
my-get-up-and-go-has-got-up-and-went,My Get Up And Go Has Got Up And Went,1,0,0
my-girl-josephine,My Girl Josephine,0,0,1
my-god-and-i,My God And I,0,0,2
my-god-is-real,My God Is Real,0,0,0
my-grandfather-s-clock,My Grandfather's Clock,1,4,2
my-greatest-memories,My Greatest Memories,0,0,0
my-greatest-weakness,My Greatest Weakness,0,0,1
my-hands-are-clean,My Hands Are Clean,0,0,0
my-hands-are-tied,My Hands Are Tied,0,1,7
my-hang-up-is-you,My Hang Up Is You,0,0,0
my-happiness,My Happiness,0,1,5
my-happiness-goes-off,My Happiness Goes Off,0,0,0
my-heart,My Heart,0,1,32
my-heart-belongs-to-you,My Heart Belongs To You,0,1,5
my-heart-cant-stop-loving-you,My Heart Can’t Stop Loving You,0,1,0
my-heart-cracked-but-it-did-not-break,My Heart Cracked (But It Did Not Break),0,0,1
my-heart-cries-for-you,My Heart Cries For You,0,0,2
my-heart-echoes,My Heart Echoes,0,0,0
my-heart-gets-all-the-breaks,My Heart Gets All The Breaks,0,0,1
my-heart-has-a-mind-of-its-own,My Heart Has A Mind Of Its Own,0,0,1
my-heart-has-a-mind-of-its-own-1,My Heart Has a Mind of Its Own,0,0,1
my-heart-has-finally-said-goodbye,My Heart Has Finally Said Goodbye,0,0,0
my-heart-is-a-house,My Heart Is A House,0,0,1
my-heart-is-an-open-book,My Heart Is An Open Book,0,0,2
my-heart-is-a-playground,My Heart Is A Playground,0,0,1
my-heart-is-bleeding,My Heart Is Bleeding,0,0,1
my-heart-is-broken-in-three,My Heart Is Broken In Three,0,0,0
my-heart-is-in-your-hands,My Heart Is in Your Hands,0,0,0
my-heart-keeps-telling-me,My Heart Keeps Telling Me,0,0,0
my-heart-or-my-mind,My Heart Or My Mind,0,0,0
my-heart-s-bouquet,My Heart's Bouquet,0,0,1
my-hearts-deep-in-the-heart-of-texas,My Heart’s Deep In The Heart Of Texas,0,0,0
my-heart-skips-a-beat,My Heart Skips A Beat,0,0,2
my-heart-s-like-a-welcome-mat,My Heart's Like A Welcome Mat,0,0,1
my-heart-s-not-made-that-way,My Heart's Not Made That Way,0,0,0
my-hearts-tonight-in-texas,My Heart’s Tonight In Texas,1,0,0
my-heart-stopped-trembled-and-died,My Heart Stopped Trembled And Died,0,0,0
my-heart-won-t-pay-me-no-mind,My Heart Won't Pay Me No Mind,0,0,0
my-heart-won-t-wander-very-far-from-you,My Heart Won't Wander Very Far From You,0,0,0
my-heart-would-know,My Heart Would Know,0,3,1
my-heart-would-know-1,My Heart Would Know,0,3,1
my-heroes-have-always-been-cowboys,My Heroes Have Always Been Cowboys,0,1,1
my-hero-in-the-plastic-radio-lyrics-chords,My Hero In The Plastic Radio Lyrics chords,0,0,0
my-hillbilly-baby,My Hillbilly Baby,0,0,1
my-home,My Home,0,0,14
my-home-ain-t-in-the-hall-of-fame,My Home Ain't In The Hall Of Fame,1,0,1
my-home-among-the-hills,My Home Among The Hills,1,0,0
my-homes-across-the-blue-ridge-mountain,My Home’s Across The Blue Ridge Mountain,1,11,0
my-home-s-across-the-blue-ridge-mountains,My Home's Across The Blue Ridge Mountains,1,18,1
my-homes-across-the-blue-ridge-mountains,My Home’s Across The Blue Ridge Mountains,1,18,1
my-homes-in-alabama,My Home’s In Alabama,0,0,1
my-home-sweet-home,My Home Sweet Home,0,0,1
my-hometown,My Hometown,0,0,9
my-hometown-sweetheart,My Hometown Sweetheart,0,0,0
my-honey-lou,My Honey Lou,1,0,0
my-house,My House,0,0,26
my-house-is-your-honky-tonk,My House Is Your Honky Tonk,0,0,0
my-imagination-running-wild,My Imagination Running Wild,0,0,0
my-infinite-love,My Infinite Love,0,0,0
my-jesus-has-broad-shoulders,My Jesus Has Broad Shoulders,0,0,0
my-juanita,My Juanita,0,0,1
my-kind-of-woman-my-kind-of-man,My Kind Of Woman My Kind Of Man,0,3,1
my-last-chance-with-you,My Last Chance With You,0,0,1
my-last-date,My Last Date,0,0,1
my-last-night-in-town,My Last Night In Town,0,0,0
my-last-old-dollar,My Last Old Dollar,0,0,0
my-life-s-been-a-pleasure,My Life's Been A Pleasure,0,0,1
my-life-s-been-grand,My Life's Been Grand,0,0,1
my-life-with-you,My Life With You,0,0,0
my-lips-are-sealed,My Lips Are Sealed,0,1,2
my-little-georgia-rose,My Little Georgia Rose,1,12,1
my-little-georgia-rose-1,My Little Georgia Rose,1,12,1
my-little-girl-from-tennessee,My Little Girl From Tennessee,1,0,0
my-little-girl-in-tennessee,My Little Girl In Tennessee,1,6,1
my-little-girl-in-tennessee-1,My Little Girl In Tennessee,1,6,1
my-little-grass-shack-in-kealakekua-hawaii,My Little Grass Shack In Kealakekua Hawaii,0,0,0
my-little-her-and-him,My Little Her And Him,0,0,0
my-little-home-in-tennessee,My Little Home In Tennessee,0,2,1
my-little-honeysuckle-rose,My Little Honeysuckle Rose,1,1,0
my-little-old-home-down-in-new-orleans,My Little Old Home Down In New Orleans,0,1,1
my-little-red-wagon,My Little Red Wagon,0,0,0
my-little-sweetheart-of-the-mountain,My Little Sweetheart Of The Mountain,1,0,0
my-lonely-heart-s-runnin-wild,My Lonely Heart's Runnin' Wild,0,0,0
my-long-gone-reason,My Long Gone Reason,0,0,0
my-lord-has-called-me,My Lord Has Called Me,0,0,1
my-lord-keeps-a-record,My Lord Keeps A Record,0,2,1
my-lord-will-send-a-moses,My Lord Will Send A Moses,0,2,0
my-love,My Love,0,1,108
my-love-1,My Love,0,1,108
my-loved-ones-are-waiting-for-me,My Loved Ones Are Waiting For Me,0,1,0
my-love-for-you,My Love For You,0,2,12
my-love-for-you-1,My Love For You,0,2,12
my-love-is-deep-my-love-is-wide,My Love Is Deep My Love Is Wide,0,0,1
my-love-is-growing-stale,My Love Is Growing Stale,0,0,0
my-love-lies-in-the-ground,My Love Lies in the Ground,0,0,0
my-loving-gal-lucille-blue-yodel-no-2,My Loving Gal Lucille (Blue Yodel No.2),0,0,0
my-main-trial-is-yet-to-come,My Main Trial Is Yet To Come,1,8,1
my-mama-was-the-rose-of-san-antone,My Mama Was The Rose Of San Antone,0,0,0
my-man,My Man,0,1,14
my-mary,My Mary,0,1,1
my-memories-of-you,My Memories of You,0,0,1
my-memory-of-you,My Memory Of You,0,0,0
my-memory-remembers,My Memory Remembers,0,0,0
my-mind-hangs-on-to-you,My Mind Hangs On To You,0,0,0
my-mind-is-a-bridge-for-your-memory,My Mind Is A Bridge For Your Memory,0,0,0
my-mind-is-on-you,My Mind Is On You,0,0,1
my-mind-s-already-home,My Mind's Already Home,0,0,0
my-mom-and-santa-claus,My Mom And Santa Claus,0,0,0
my-mother,My Mother,0,0,9
my-mother-must-have-been-a-girl-like-you,My Mother Must Have Been A Girl Like You,0,0,0
my-mother-s-bible,My Mother's Bible,1,5,1
my-mother-was-a-lady,My Mother Was A Lady,0,3,0
my-mountain-dew,My Mountain Dew,0,0,1
my-my-my,My My My,1,0,8
my-name-is-lazarus,My Name Is Lazarus,0,0,0
my-name-is-woman,My Name Is Woman,0,0,0
my-native-home,My Native Home,1,2,1
my-new-love-is-ruby,My New Love Is Ruby,0,0,0
my-nova-scotia-home,My Nova Scotia Home,0,1,1
my-old-cottage-home,My Old Cottage Home,0,2,1
my-old-flame-is-burning-another-honky-tonk-down,My Old Flame Is burning Another Honky Tonk Down,0,0,0
my-old-friend,My Old Friend,0,4,13
my-old-hometown,My Old Hometown,0,0,0
my-old-kentucky-home,My Old Kentucky Home,1,10,1
my-old-log-cabin,My Old Log Cabin,1,3,0
my-old-pal,My Old Pal,0,0,1
my-old-virginia-home,My Old Virginia Home,1,0,0
my-one-desire,My One Desire,0,0,3
my-only-claim-to-fame,My Only Claim To Fame,0,0,0
my-only-love,My Only Love,0,1,8
my-only-strange-love,My Only Strange Love,0,0,0
my-own-kind-of-hat,My Own Kind Of Hat,0,1,1
my-own-little-world,My Own Little World,0,0,1
my-own-peculiar-way,My Own Peculiar Way,0,0,1
my-own-sweet-time,My Own Sweet Time,0,2,1
my-part-of-forever-is-all-i-can-give,My Part Of Forever (Is All I Can Give),0,0,0
my-past-brought-me-to-you,My Past Brought Me To You,0,0,0
my-past-brought-me-to-you-1,My Past Brought Me To You,0,0,0
my-pillow,My Pillow,0,0,2
my-poor-old-heart,My Poor Old Heart,0,1,1
my-pretty-quadroon,My Pretty Quadroon,0,1,1
my-pride-won-t-let-me,My Pride Won't Let Me,0,0,0
my-rambling-heart,My Rambling Heart,0,0,1
my-ramona,My Ramona,0,0,1
my-real-world-of-make-believe,My Real World of Make Believe,0,0,0
my-religion-s-not-old-fashioned,My Religion's Not Old Fashioned,0,0,0
my-reward,My Reward,0,0,2
my-rifle-my-pony-and-me,My Rifle My Pony And Me,0,1,1
my-rose-of-old-kentucky,My Rose Of Old Kentucky,1,14,1
my-rough-and-rowdy-ways,My Rough And Rowdy Ways,0,2,2
my-san-antonio-mamma-lyrics-and-chords,My San Antonio Mamma Lyrics and Chords,0,0,0
my-savior-leads-the-way,My Savior Leads The Way,0,0,0
my-savior-s-arms,My Savior's Arms,0,0,0
my-savior-walks-with-me,My Savior Walks With Me,0,1,0
my-second-home,My Second Home,0,0,1
my-secret-flame,My Secret Flame,0,0,0
my-shoes-keep-walking-back-to-you,My Shoes Keep Walking Back To You,0,0,1
my-sinful-past,My Sinful Past,1,1,1
my-son-calls-another-man-daddy,My Son Calls Another Man Daddy,0,0,1
my-song,My Song,0,1,31
my-songbird,My Songbird,0,1,1
my-soul-is-strong,My Soul Is Strong,0,0,0
my-soul-walked-through-the-darkness,My Soul Walked Through The Darkness,0,0,0
my-special-angel,My Special Angel,0,2,3
mysteries-of-life,Mysteries Of Life,0,0,2
mystery-train,Mystery Train,0,3,8
my-stolen-love,My Stolen Love,0,0,0
my-story,My Story,0,0,22
my-sugar-s-gone,My Sugar's Gone,0,0,0
my-sweet-blue-eyed-darling,My Sweet Blue Eyed Darling,0,4,0
my-sweet-lady,My Sweet Lady,0,0,4
my-sweet-love-aint-around,My Sweet Love Ain’t  Around,1,5,1
my-tears-are-overdue,My Tears Are Overdue,0,0,1
my-tears-are-overdue-1,My Tears Are Overdue,0,0,1
my-tears-don-t-show,My Tears Don't Show,0,3,1
my-tennessee-baby,My Tennessee Baby,0,0,0
my-tennessee-mountain-home,My Tennessee Mountain Home,0,2,1
my-testimony,My Testimony,0,0,2
my-texas-bluebonnet-queen,My Texas Bluebonnet Queen,0,0,0
my-texas-girl,My Texas Girl,1,0,1
my-toot-toot,My Toot Toot,0,0,1
my-treasure,My Treasure,0,1,6
my-true-confession,My True Confession,0,0,1
my-true-love,My True Love,0,1,6
my-turn,My Turn,0,0,11
my-two-timing-woman,My Two Timing Woman,0,0,0
my-uncle-used-to-love-me-but-she-died,My Uncle Used To Love Me But She Died,0,0,1
my-valley,My Valley,0,0,0
my-virginia-rose-is-blooming,My Virginia Rose Is Blooming,0,0,0
my-walking-shoes,My Walking Shoes,1,14,1
my-walking-shoes-dont-fit-me-anymore,My Walking Shoes Don't Fit Me Anymore,1,1,0
my-wandering-boy,My Wandering Boy,1,4,0
my-washington-woman,My Washington Woman,0,0,1
my-way,My Way,0,1,78
my-way-of-life,My Way Of Life,0,0,2
my-wedding-ring,My Wedding Ring,0,0,0
my-whole-world-is-falling-down,My Whole World Is Falling Down,0,0,1
my-wife-left-me-for-my-girlfriend,My Wife Left Me For My Girlfriend,0,0,1
my-wife-won-t-leave,My Wife Won't Leave,0,0,0
my-wild-irish-rose,My Wild Irish Rose,0,1,2
my-window-faces-the-south,My window faces the South,0,2,0
my-wish-came-true,My Wish Came True,0,0,1
my-wishing-room,My Wishing Room,0,0,1
my-woman-here-at-home,My Woman Here At Home,0,0,0
my-woman-keeps-loving-her-man,My Woman Keeps Loving Her Man,0,0,0
my-woman-loves-the-devil-out-of-me,My Woman Loves The Devil Out Of Me,0,0,0
my-woman-my-woman-my-wife,My Woman My Woman My Wife,0,0,1
my-woman-s-love,My Woman's Love,0,1,2
my-wonderful-god,My Wonderful God,0,0,0
my-wonderful-lord,My Wonderful Lord,0,0,0
my-wonderful-one,My Wonderful One,0,0,1
my-world-ain-t-turning-yet,My World Ain't Turning Yet,0,0,0
my-world-begins-and-ends-with-you,My World Begins And Ends With You,0,0,1
my-world-is-caving-in,My World Is Caving In,0,0,0
my-world-of-memories,My World Of Memories,0,0,0
nail-that-catfish-to-a-tree,Nail That Catfish to a Tree,1,0,1
name-dropper,Name Dropper,0,0,0
nancy-dalton,Nancy Dalton,0,0,0
nancy-jane,Nancy Jane,0,1,2
napoleon-crossing-the-rhine,Napoleon Crossing the Rhine,0,0,0
narrowback-the,Narrowback (The),0,0,0
nashville,Nashville,0,1,16
nashville-1,Nashville,0,1,16
nashville-blues,Nashville Blues,1,12,3
nashville-bum,Nashville Bum,0,0,1
nashville-is-a-groovy-little-town,Nashville Is A Groovy Little Town,0,0,1
nashville-moon,Nashville Moon,0,1,1
nashville-rebel,Nashville Rebel,0,0,1
nashville-women,Nashville Women,0,0,0
nasty-dan,Nasty Dan,0,0,1
natchez,Natchez,0,0,1
national-schottische,National Schottische,0,0,0
national-working-woman-s-holiday,National Working Woman's Holiday,0,0,0
native-girl,Native Girl,0,0,2
natural-high,Natural High,0,0,14
nearer-my-god-to-thee,Nearer My God to Thee,1,6,3
near-you,Near You,0,0,6
neath-hawaiian-palms,Neath Hawaiian Palms,0,0,0
needed,Needed,0,1,1
need-i-say-more,Need I Say More,0,0,0
needle-case,Needle Case,1,1,0
need-me,Need Me,0,0,11
neither-one-of-us-wants-to-be-the-first-to-say-goodbye,Neither One Of Us (Wants To Be The First To Say Goodbye),0,0,1
nellie-cane,Nellie Cane,1,1,0
nellie-kane,Nellie Kane,1,3,1
neon-blue,Neon Blue,0,0,7
neon-cowboy,Neon Cowboy,0,0,1
neon-playboy,Neon Playboy,0,0,0
neon-rose,Neon Rose,0,1,3
neon-row,Neon Row,0,0,0
neons-and-nylons,Neons And Nylons,0,0,0
nestor-the-long-eared-christmas-donkey,Nestor The Long Eared Christmas Donkey,0,0,0
nevada,Nevada,0,0,8
never-again,Never Again,1,11,88
never-again-again,Never Again Again,0,0,1
never-again-will-i-knock-on-your-door,Never Again Will I Knock On Your Door,0,1,0
never-alone,Never Alone,0,2,32
never-alone-1,Never Alone,0,2,32
never-be-anyone-else-but-you,Never Be Anyone Else But You,0,0,1
never-been-so-loved,Never Been So Loved,0,0,0
never-been-to-heaven,Never Been To Heaven,0,0,0
never-be-one,Never Be One,0,0,1
never-ending-love,Never Ending Love,0,2,4
never-get-to-hold-you-in-my-arms-anymore,Never Get To Hold You In My Arms Anymore,1,5,1
never-gonna-break-again,Never Gonna Break Again,0,0,0
never-have-never-will,Never Have Never Will,0,0,2
never-having-you,Never Having You,0,0,1
never-is-a-long-long-day,Never Is A Long Long Day,0,0,1
never-knew-lonely,Never Knew Lonely,0,1,1
never-let-the-devil-get-the-upper-hand-of-you,Never Let The Devil Get The Upper Hand Of You,1,0,0
never-look-back,Never Look Back,0,0,29
never-loved-before,Never Loved Before,0,1,1
never-meant-to-be,Never Meant to Be,1,1,4
never-more-than-i,Never More Than I,0,0,1
never-more-will-roam,Never More will Roam,1,0,0
never-never-land,Never Never Land,0,0,9
never-no-mo-blues,Never No Mo' Blues,0,2,1
never-no-more,Never No More,0,2,7
never-no-more-hard-time-blues,Never No More Hard Time Blues,0,0,0
never-say-goodbye,Never Say Goodbye,0,2,26
never-say-yes,Never Say Yes,0,0,2
never-take-no-for-an-answer,Never Take No For An Answer,0,1,1
nevertheless,Nevertheless,0,0,18
never-tie-me-down,Never Tie Me Down,0,0,2
never-together-but-close-sometimes,Never Together But Close Sometimes,0,1,1
new-camptown-races,New Camptown Races,1,11,1
new-cut-road,New Cut Road,0,2,2
new-deal-of-love,New Deal Of Love,0,0,1
new-dreams-and-sunshine,New Dreams And Sunshine,1,0,1
new-faces-in-the-field,New Faces in the Field,0,1,0
new-fool,New Fool,0,1,1
new-fool-at-an-old-game,New Fool At An Old Game,0,0,1
new-freedom-bell,New Freedom Bell,1,7,1
new-game-now,New Game Now,0,0,1
new-highway,New Highway,0,1,0
new-john-henry-blues,New John Henry Blues,1,5,1
new-looks-from-an-old-lover,New Looks From An Old Lover,0,0,1
new-minglewood-blues,New Minglewood Blues,1,0,1
new-panhandle-rag-lyrics-chords,New Panhandle Rag Lyrics Chords,0,0,0
new-patches,New Patches,0,1,1
new-river-train,New River Train,1,25,1
new-river-train-1,New River Train,1,25,1
new-river-train-2,New River Train,1,25,1
new-roving-gambler,New Roving Gambler,1,0,0
new-shoes,New Shoes,0,0,15
new-speedway-boogie,New Speedway Boogie,1,4,1
new-star-shining,New Star Shining,0,1,1
new-waltz-the,New Waltz (The),0,0,0
new-way-out,New Way Out,0,0,3
new-wine-in-old-bottles,New Wine In Old Bottles,0,0,0
new-world-tomorrow,New World Tomorrow,0,0,0
new-york-city,New York City,0,2,45
new-york-times,New York Times,0,0,10
next-bus-back-to-georgia,Next Bus Back To Georgia,0,0,0
next-go-round,Next Go Round,0,1,0
next-in-line,Next In Line,0,1,16
next-in-line-1,Next In Line,0,1,16
next-kiss-is-the-last-goodbye,Next Kiss Is The Last Goodbye,0,0,0
next-of-kin,Next Of Kin,0,0,8
next-sunday-darling-is-my-birthday,Next Sunday Darling Is My Birthday,0,3,1
next-time-i-fall-in-love-i-won-t,Next Time I Fall In Love I Won't,0,0,0
next-to-the-trash,Next to the Trash,1,1,1
next-to-you,Next To You,0,1,48
next-to-you-i-like-me,Next To You I Like Me,0,0,1
nice-and-easy,Nice And Easy,0,0,7
nice-n-easy,Nice'n Easy,0,0,2
nickel-piece-of-candy,Nickel Piece Of Candy,0,0,1
nickels-and-dimes-and-love,Nickels And Dimes And Love,0,0,1
nickels-and-dimes-and-love-1,Nickels And Dimes And Love,0,0,1
night,Night,1,4,159
night-after-night,Night After Night,0,1,30
night-coach,Night Coach,0,2,1
night-games,Night Games,0,0,8
nightingale-2-the,Nightingale (2) (The),0,0,0
night-is-the-longest-time-of-day,Night Is The Longest Time Of Day,0,0,0
night-life,Night Life,0,0,28
nights-in-white-satin,Nights in White Satin,1,6,3
night-train-to-memphis,Night Train To Memphis,0,3,2
nine-little-reindeer,Nine Little Reindeer,0,0,1
nine-pound-hammer,Nine Pound Hammer,1,51,5
nine-pound-hammer-1,Nine Pound Hammer,1,51,5
nineteen-eighty-two,Nineteen Eighty Two,0,0,0
nine-to-five,Nine To Five,0,3,7
ninety-and-nine,Ninety and Nine,0,2,0
ninety-degrees,Ninety Degrees,0,0,1
ninety-miles-an-hour-down-a-dead-end-street,Ninety Miles An Hour Down A Dead End Street,0,0,0
ninety-nine-year-blues,Ninety Nine Year Blues,0,0,2
ninety-nine-years,Ninety Nine Years,0,2,2
ninety-nine-years-and-one-dark-day,Ninety Nine Years (And One Dark Day),1,1,1
ninety-nine-years-is-almost-life,Ninety Nine Years Is Almost Life,0,0,0
noah-and-the-ark,Noah And The Ark,0,1,1
noah-s-ark,Noah's Ark,0,1,7
no-ash-will-burn,No Ash Will Burn,0,2,0
nobody-answered-me,Nobody Answered Me,0,2,1
nobody-but-a-fool-would-love-you,Nobody But A Fool Would Love You,0,0,0
nobody-but-you,Nobody But You,0,4,36
nobody-gets-off-in-this-town,Nobody Gets Off In This Town,0,0,1
nobody-has-to-get-hurt,Nobody Has To Get Hurt,0,0,1
nobody-in-his-right-mind-your-mind,Nobody In His Right Mind Your Mind,0,0,0
nobody-knows-but-me,Nobody Knows But Me,0,1,5
nobody-knows-nobody-cares,Nobody Knows Nobody Cares,0,0,2
nobody-like-yours,Nobody Like Yours,0,0,0
nobody-loves-anybody-anymore,Nobody Loves Anybody Anymore,0,0,1
nobody-loves-me,Nobody Loves Me,1,12,9
nobody-loves-me-like-you-do,Nobody Loves Me Like You Do,0,0,1
nobody-loves-you-like-i-do,Nobody Loves You Like I Do,0,1,3
nobody-s-baby-but-mine,Nobody's Baby But Mine,0,0,0
nobodys-business,Nobody’s Business,1,21,8
nobody-s-business-but-my-own,Nobody's Business But My Own,0,0,0
nobody-s-darling-but-mine,Nobody's Darling But Mine,1,11,0
nobodys-darling-on-earth,Nobody’s Darling On Earth,0,1,0
nobody-s-fool,Nobody's Fool,0,1,19
nobody-s-fool-but-yours,Nobody's Fool But Yours,0,1,1
nobody-s-home,Nobody's Home,0,0,16
nobody-should-have-to-love-this-way,Nobody Should Have To Love This Way,0,0,0
nobody-slides-my-friend,Nobody Slides My Friend,0,0,1
nobody-s-lonesome-for-me,Nobody's Lonesome For Me,0,1,2
nobodys-love-is-like-mine,Nobody’s Love Is Like Mine,1,10,1
nobody-s-waiting-for-me,Nobody's Waiting For Me,0,0,0
nobody-told-me,Nobody Told Me,0,0,8
nobody-wants-to-be-alone,Nobody Wants to Be Alone,0,0,2
nobody-will-ever-take-your-place,Nobody Will Ever Take Your Place,0,0,0
nobody-wins,Nobody Wins,0,0,5
no-burdens-pass-through,No Burdens Pass Through,1,2,0
no-deal,No Deal,0,1,6
no-deposit-no-return,No Deposit No Return,0,0,5
no-depression-in-heaven,No Depression In Heaven,0,3,1
no-doubt-about-it,No Doubt About It,0,3,11
no-earthly-good,No Earthly Good,0,0,1
no-fair-falling-in-love,No Fair Falling In Love,0,0,1
no-fool-like-an-old-fool,No Fool Like An Old Fool,0,1,2
no-future-for-me-in-our-past,No Future For Me In Our Past,0,0,0
no-future-in-the-past,No Future In The Past,0,1,3
no-goodbyes,No Goodbyes,0,0,9
no-greater-love,No Greater Love,0,1,7
no-hard-times,No Hard Times,0,4,1
no-help-wanted,No Help Wanted,0,0,2
no-hiding-place-down-here-2,No Hiding Place Down Here,0,3,0
no-idea,No Idea,1,3,7
no-i-don-t-believe-i-will,No I Don't Believe I Will,0,0,0
no-i-ll-never-get-over-you,No I'll Never Get Over You,0,0,0
no-indispensable-man,No Indispensable Man,0,0,0
no-letter-in-the-mail,No Letter In The Mail,1,7,1
no-letter-today,No Letter Today,0,3,2
no-lonesome-tune,No Lonesome Tune,0,1,1
no-longer-a-sweetheart-of-mine,No Longer a Sweetheart of Mine,1,10,1
no-love-at-all,No Love At All,0,0,4
no-love-for-me,No Love For Me,0,0,1
no-love-have-i,No Love Have I,0,0,1
no-love-line,No Love Line,0,0,0
no-man-should-hurt-as-bad-as-i-do,No Man Should Hurt As Bad As I Do,0,0,0
no-man-s-land,No Man's Land,0,3,69
no-matter-how-high-i-get,No Matter How High I Get,0,0,0
no-meaning-and-no-end,No Meaning And No End,0,0,0
no-memories-hanging-around,No Memories Hanging Around,0,0,0
no-milk-and-honey-in-baltimore,No Milk And Honey In Baltimore,0,0,1
no-more,No More,0,1,90
no-more-hanging-on,No More Hanging On,0,0,0
no-more-lonely,No More Lonely,0,1,0
no-more-me-and-you,No More Me And You,0,0,1
no-more-songs-to-sing,No More Songs To Sing,0,0,0
no-more-the-moon-shines-on-lorena,No More The Moon Shines On Lorena,1,0,1
no-more-to-be-lonesome,No More To Be Lonesome,1,0,0
no-more-you-and-me,No More You And Me,0,0,1
no-mother-or-dad,No Mother Or Dad,1,8,1
no-news-is-good-news,No News Is Good News,0,1,4
no-no-no,No No No,0,0,38
no-not-now,No Not Now,0,0,3
no-one,No One,1,0,58
no-one-but-god-feels-his-pain,No One But God Feels His Pain,0,0,0
no-one-but-me,No One But Me,0,0,2
no-one-but-my-darlin,No One But My Darlin’,1,3,1
no-one-but-you,No One But You,0,7,12
no-one-but-you-1,No One But You,0,7,12
no-one-cared-so-much-for-me,No One Cared So Much For Me,0,0,0
no-one-could-ever-take-me-from-you,No One Could Ever Take Me From You,0,0,1
no-one-is-gonna-love-you-better,No One Is Gonna Love You Better,0,0,1
no-one-is-listening,No One Is Listening,0,0,1
no-one-is-sweeter-than-you,No One Is Sweeter Than You,0,0,1
no-one-s-gonna-hurt-you-anymore,No One's Gonna Hurt You Anymore,0,0,1
no-one-to-cry-to,No One To Cry To,0,0,1
no-one-to-talk-to-but-the-blues,No One To Talk To But The Blues,0,1,0
no-one-to-welcome-me-home,No One to Welcome Me Home,0,4,2
no-one-will-ever-know,No One Will Ever Know,0,3,2
no-one-will-ever-know-i-lied-but-me,No One Will Ever Know I Lied But Me,0,0,0
no-other-arms-no-other-lips,No Other Arms No Other Lips,0,0,0
no-other-baby,No Other Baby,0,0,1
no-others-bride-ill-be,No Other’s Bride I’ll Be,1,0,0
no-particular-place-to-go,No Particular Place To Go,0,0,1
no-place-for-me,No Place For Me,0,0,3
no-place-like-home,No Place Like Home,0,3,20
no-place-to-go-but-home,No Place To Go But Home,0,0,1
no-place-to-pillow-my-head,No Place To Pillow My Head,0,4,1
no-problem,No Problem,0,0,19
no-reason-to-change,No Reason To Change,0,0,0
no-reason-to-hurry-home,No Reason To Hurry Home,0,1,1
no-reason-to-quit,No Reason To Quit,0,0,1
no-relief-in-sight,No Relief In Sight,0,0,1
no-reservation-at-the-inn,No Reservation At The Inn,0,0,0
normally-norma-loves-me,Normally Norma Loves Me,0,0,0
north-alabama,North Alabama,0,0,0
north-carolina-breakdown,North Carolina Breakdown,1,3,1
north-shore,North Shore,0,1,6
north-south-east-or-west,North South East Or West,0,0,0
north-to-alaska,North To Alaska,0,2,2
north-to-chicago,North To Chicago,0,0,0
norwegian-wood,Norwegian Wood,1,5,3
no-sad-songs-for-me,No Sad Songs For Me,0,0,1
no-second-chance,No Second Chance,0,0,7
no-sign-of-living,No Sign Of Living,0,0,1
no-stoppin-us-now,No Stoppin' Us Now,0,0,1
not-a-chance,Not A Chance,0,0,2
not-a-word-from-home,Not A Word From Home,1,4,1
not-counting-you,Not Counting You,0,0,2
no-tears-in-heaven,No Tears In Heaven,0,1,1
no-tears-milady,No Tears Milady,0,0,1
no-tears-tonight,No Tears Tonight,0,0,1
no-telephone-in-heaven,No Telephone In Heaven,0,3,1
not-enough-indians,Not Enough Indians,0,0,2
not-fade-away,Not Fade Away,0,3,3
not-gonna-cry-over-you,Not Gonna Cry Over You,1,0,0
no-thanks-i-just-had-one,No Thanks I Just Had One,0,0,1
nothin-but-the-taillights,Nothin' But The Taillights,0,0,1
nothin-but-the-wheel,Nothin' But The Wheel,0,1,0
nothing-about-her-reminds-me-of-you,Nothing About Her Reminds Me Of You,0,0,0
nothing-at-all,Nothing At All,0,1,39
nothing-between,Nothing Between,0,0,4
nothing-between-us-but-love,Nothing Between Us But Love,0,0,0
nothing-but-sweet-lies,Nothing But Sweet Lies,0,0,0
nothing-but-the-blood,Nothing But The Blood,0,4,6
nothing-can-hurt-you,Nothing Can Hurt You,0,2,1
nothing-can-stop-my-love,Nothing Can Stop My Love,0,0,1
nothing-can-stop-my-love-1,Nothing Can Stop My Love,0,0,1
nothing-can-touch-me,Nothing Can Touch Me,0,0,0
nothing-else-matters,Nothing Else Matters,1,4,12
nothing-ever-hurt-me,Nothing Ever Hurt Me,0,0,0
nothing-from-nothing,Nothing From Nothing,0,0,2
nothing-i-can-do-about-it-now,Nothing I Can Do About It Now,0,0,1
nothing-in-the-world,Nothing In The World,0,0,5
nothing-left-but-memories,Nothing Left But Memories,0,0,0
nothing-left-to-lose,Nothing Left To Lose,0,0,10
nothing-left-to-lose-1,Nothing Left To Lose,0,0,10
nothing-like-a-woman,Nothing Like A Woman,0,1,3
nothing-matters-but-you,Nothing Matters But You,0,0,2
nothing-s-changed-here,Nothing's Changed Here,0,0,1
nothing-s-changed-nothing-s-new,Nothing's Changed Nothing's New,0,0,0
nothing-s-gonna-bring-me-down-at-christmas-time,Nothing's Gonna Bring Me Down At Christmas Time,0,0,0
nothing-short-of-dying,Nothing Short Of Dying,0,0,0
nothing-s-news,Nothing's News,0,0,1
nothing-sure-looked-good-on-you,Nothing Sure Looked Good on You,0,1,1
nothing-takes-the-place-of-loving-you,Nothing Takes The Place Of Loving You,0,0,0
nothing-takes-the-place-of-you,Nothing Takes The Place Of You,0,0,1
nothin-heavy,Nothin' Heavy,0,0,1
nothin-left-but-leavin,Nothin' Left But Leavin',0,0,1
no-time-like-the-present,No Time Like The Present,0,0,4
no-time-to-kill,No Time To Kill,0,0,2
not-in-front-of-the-kids,Not In Front Of The Kids,0,0,0
not-in-nottingham,Not In Nottingham,0,1,1
not-like-it-was-with-you,Not Like It Was With You,0,0,0
not-my-kind-of-people,Not My Kind Of People,0,0,0
no-tomorrow-in-sight,No Tomorrow In Sight,0,0,1
not-once-but-a-hundred-times,Not Once But a Hundred Times,0,0,0
not-on-the-bottom-yet,Not On The Bottom Yet,0,0,0
no-trash-in-my-trailer,No Trash In My Trailer,0,0,0
not-really-living-at-all,Not Really Living At All,0,0,1
no-true-love,No True Love,0,0,1
not-that-i-care,Not That I Care,0,0,1
not-that-i-care-1,Not That I Care,0,0,1
not-until-the-next-time,Not Until the Next Time,0,0,1
not-what-i-had-in-mind,Not What I Had In Mind,0,1,2
no-use-running,No Use Running,0,0,2
no-use-to-cry,No Use To Cry,0,0,1
now-and-forever,Now And Forever,0,0,27
now-and-then,Now And Then,0,1,35
no-way-no-how,No Way No How,0,0,0
no-way-out,No Way Out,0,1,95
no-wedding-bells-for-joe,No Wedding Bells For Joe,0,0,0
nowhere-to-run,Nowhere To Run,0,1,25
now-i-belong-to-jesus,Now I Belong To Jesus,0,0,1
now-i-can-live-again,Now I Can Live Again,0,0,1
now-i-have-everything,Now I Have Everything,0,0,3
now-is-the-hour,Now Is The Hour,0,1,3
now-it-s-every-night,Now It's Every Night,0,0,0
now-my-flowers-gone-away,Now My Flower’s Gone Away,1,0,0
now-she-s-anybody-s-song,Now She's Anybody's Song,0,0,0
now-s-the-time-to-fall-in-love,Now's The Time To Fall In Love,0,0,1
now-that-i-have-accepted-your-love,Now That I Have Accepted Your Love,0,0,0
now-that-i-have-you,Now That I Have You,0,0,1
now-that-the-feeling-s-gone,Now That The Feeling's Gone,0,0,0
now-that-you-are-gone,Now That You Are Gone,0,0,0
now-that-youre-gone,Now That You’re Gone,0,1,13
now-the-day-is-over,Now The Day Is Over,0,0,3
now-we-re-one,Now We're One,0,0,2
number-one-heel,Number One Heel,0,0,1
number-one-on-the-hurt-parade,Number One On The Hurt Parade,0,0,0
numbers,Numbers,0,1,55
oahu-rose,Oahu Rose,0,0,0
oakie-boogie,Oakie Boogie,0,0,1
o-brien-has-no-place-to-go,O'Brien Has No Place To Go,0,0,1
ocean-front-property,Ocean Front Property,0,0,1
ocean-of-diamonds,Ocean Of Diamonds,1,12,2
ocean-of-diamonds-1,Ocean Of Diamonds,1,12,2
o-come-all-ye-faithful,O Come All Ye Faithful,1,15,24
o-come-o-come-emmanuel,O Come O Come Emmanuel,1,7,18
odd-man-out,Odd Man Out,0,0,9
odds-and-ends-bits-and-pieces,Odds And Ends (Bits And Pieces),0,0,0
o-death,O Death,1,10,3
ode-to-billie-joe,Ode To Billie Joe,0,4,1
ode-to-chet,Ode To Chet,0,0,1
ode-to-the-little-shack-out-back,Ode To The Little Shack Out Back,0,0,0
off-to-california,Off to California,1,1,0
oh-anita,Oh Anita,0,1,2
oh-atlanta,"Oh, Atlanta",1,4,2
oh-baby-mine,Oh Baby Mine,0,0,0
oh-boy,Oh Boy,0,2,28
oh-carolina,Oh Carolina,0,1,3
oh-christmas-candle,Oh Christmas Candle,0,0,1
oh-death,Oh Death,1,14,2
oh-gentle-shepherd,Oh Gentle Shepherd,0,0,1
oh-happy-day,Oh Happy Day,0,0,6
oh-heart-look-what-you-ve-done,Oh Heart Look What You've Done,0,0,0
oh-how-i-cried,Oh How I Cried,0,0,0
oh-how-i-love-jesus,Oh How I Love Jesus,0,1,1
oh-how-i-miss-you,Oh How I Miss You,0,1,4
oh-how-i-miss-you-tonight,Oh How I Miss You Tonight,0,0,1
oh-little-one,Oh Little One,0,0,0
oh-lonesome-me,Oh Lonesome Me,0,2,1
oh-maria,Oh Maria,0,0,5
oh-me-oh-my-sweet-baby,Oh Me Oh My Sweet Baby,0,0,1
oh-misery,Oh Misery,0,0,2
oh-my-papa,Oh My Papa,0,0,0
oh-my-soul,Oh My Soul,0,0,4
oh-no,Oh No,0,1,37
o-holy-night,O Holy Night,0,9,26
oh-so-many-years,Oh So Many Years,0,3,1
oh-so-many-years-1,Oh So Many Years,0,3,1
oh-such-a-stranger,Oh Such A Stranger,0,0,1
oh-susanna,Oh Susanna,1,5,7
oh-suzanna,Oh Suzanna,1,0,1
oh-take-me-back,Oh Take Me Back,1,0,1
oh-true-love,Oh True Love,0,0,1
oh-what-a-feeling,Oh What A Feeling,0,0,7
oh-what-a-good-thing-we-had,Oh What A Good Thing We Had,0,0,1
oh-what-a-love,Oh What A Love,0,1,0
oh-what-a-perfect-day,Oh What A Perfect Day,0,0,0
oh-what-a-silent-night,Oh What A Silent Night,0,3,1
oh-what-a-time-to-be-me,Oh What A Time To Be Me,0,1,1
oh-what-it-did-to-me,Oh What It Did To Me,0,0,1
oh-what-it-seemed-to-be,Oh What It Seemed To Be,0,0,1
oh-woman,Oh Woman,0,0,2
okie-blondie,Okie Blondie,0,0,0
okie-from-muskogee,Okie From Muskogee,1,1,1
oklahoma,Oklahoma,0,1,12
oklahoma-hills,Oklahoma Hills,1,2,1
oklahoma-home-brew,Oklahoma Home Brew,0,0,0
oklahoma-morning,Oklahoma Morning,0,1,1
oklahoma-promise,Oklahoma Promise,0,0,0
oklahoma-sunshine,Oklahoma Sunshine,0,0,1
oklahoma-swing,Oklahoma Swing,0,1,1
oklahoma-twister,Oklahoma Twister,0,0,1
oklahoma-waltz,Oklahoma Waltz,0,1,0
oklahoma-woman,Oklahoma Woman,0,0,1
ol-blue,Ol' Blue,0,1,1
old-and-in-the-way,Old and in the Way,1,9,3
old-army-hat,Old Army Hat,0,0,1
old-aunt-adkins,Old Aunt Adkins,0,0,0
old-before-my-time,Old Before My Time,0,0,1
old-bill-jones,Old Bill Jones,0,0,0
old-bill-miner,Old Bill Miner,1,0,0
old-black-choo-choo,Old Black Choo Choo,1,1,1
old-black-joe,Old Black Joe,0,2,3
old-black-mountain-saturday-night,Old Black Mountain Saturday Night,1,0,0
old-bridges-burn-slow,Old Bridges Burn Slow,0,0,0
old-brush-arbors,Old Brush Arbors,1,4,1
old-churchyard,Old Churchyard,0,0,2
old-country,Old Country,0,2,7
old-country-baptizing,Old Country Baptizing,0,4,1
old-country-church,Old Country Church,1,9,3
old-cow-she-crossed-the-road-the,Old Cow She Crossed the Road (The),0,0,0
old-coyote-town,Old Coyote Town,0,1,1
old-crossroads-the,"Old Crossroads, The",1,0,0
old-dangerfield,Old Dangerfield,1,12,1
old-dan-tucker,Old Dan Tucker,1,12,2
old-devils-dream,Old Devil’s Dream,1,0,0
old-dogs-children-and-watermelon-wine,Old Dogs Children And Watermelon Wine,0,2,1
old-eight-by-ten,Old Eight By Ten,0,0,0
old-enough-to-want-to-fool-enough-to-try,Old Enough To Want To (Fool Enough To Try),0,0,0
older-and-bolder,Older And Bolder,0,0,1
older-the-violin-the-sweeter-the-music,Older the Violin the Sweeter the Music,0,0,0
older-women,Older Women,0,0,2
old-faithful,Old Faithful,0,0,6
old-faithful-and-true-love,Old Faithful And True Love,0,0,0
old-faithful-horse-s-prayer,Old Faithful (Horse's Prayer),0,0,0
old-fashioned-love,Old Fashioned Love,0,3,5
old-fashioned-preacher,Old Fashioned Preacher,0,3,0
old-fashioned-singing,Old Fashioned Singing,0,0,1
old-fashion-love,Old Fashion Love,0,0,1
old-fat-and-drunk,Old Fat and Drunk,0,0,0
old-five-and-dimers-like-me,Old Five And Dimers Like Me,0,0,1
old-flame,Old Flame,0,0,13
old-flames-can-t-hold-a-candle-to-you,Old Flames Can't Hold A Candle To You,0,2,1
old-folks-at-home,Old Folks at Home,1,5,6
old-frame-of-mine,Old Frame Of Mine,0,0,0
old-friends,Old Friends,0,2,40
old-glory,Old Glory,0,1,0
old-glory-1,Old Glory,0,1,0
old-habits,Old Habits,0,0,7
old-heart-rest-in-pieces,Old Heart Rest In Pieces,0,0,0
old-hippie,Old Hippie,0,0,1
old-home-place,Old Home Place,1,17,2
old-home-place-1,Old Home Place,1,17,2
old-home-place-of-mine,Old Home Place Of Mine,1,0,0
old-jake-gillie,Old Jake Gillie,0,1,0
old-joe-clark,Old Joe Clark,1,62,3
old-kentucky,Old Kentucky,1,0,2
old-kentucky-hillside,Old Kentucky Hillside,1,0,0
old-kind-of-love,Old Kind Of Love,0,2,0
old-king-cole,Old King Cole,0,0,5
old-log-cabin,Old Log Cabin,1,6,0
old-lonesome-time,Old Lonesome Time,0,0,0
old-love-letters,Old Love Letters,1,8,2
old-loves-never-die,Old Loves Never Die,0,0,0
old-macdonald,Old MacDonald,0,0,3
old-man,Old Man,0,5,39
old-man-and-his-fiddle,Old Man and his Fiddle,0,1,0
old-man-at-the-mill,Old Man At The Mill,1,15,1
old-man-below,Old Man Below,1,3,0
old-man-duff,Old Man Duff,0,0,1
old-man-from-the-mountain,Old Man From The Mountain,0,0,1
old-man-river-i-ve-come-to-talk-again,Old Man River (I've Come To Talk Again),0,0,1
old-memories-mean-nothing-to-me,Old Memories Mean Nothing To Me,1,2,1
old-memories-never-die,Old Memories Never Die,0,0,0
old-missouri,Old Missouri,0,1,0
old-molly-hare,Old Molly Hare,1,13,2
old-mother-flanagan,Old Mother Flanagan,1,2,0
old-old-house,Old Old House,1,10,1
old-one-better,Old One Better,0,0,0
old-paint,Old Paint,1,7,2
old-photographs,Old Photographs,0,0,6
old-porch-swing,Old Porch Swing,0,0,0
old-railroad-track,Old Railroad Track,1,0,0
old-rattler,Old Rattler,0,3,1
old-records,Old Records,0,0,3
old-reliable,Old Reliable,0,0,2
old-river,Old River,0,2,4
old-roman-soldier,Old Roman Soldier,0,0,0
old-rover,Old Rover,0,0,0
old-satan,Old Satan,0,2,1
old-shep,Old Shep,0,2,2
old-ship-of-zion,Old Ship of Zion,1,6,6
old-showboat,Old Showboat,0,1,0
old-slew-foot,Old Slew Foot,1,0,0
old-soldier,Old Soldier,0,0,4
old-swinging-bridge,Old Swinging Bridge,1,2,1
old-time-camp-meeting,Old Time Camp Meeting,0,0,0
old-time-christmas,Old Time Christmas,0,0,2
old-time-cotton-eyed-joe,Old Time Cotton Eyed Joe,1,0,0
old-time-family-bluegrass-band,Old Time Family Bluegrass Band,0,0,0
old-time-religion,Old Time Religion,1,8,7
old-time-rock-and-roll,Old Time Rock and Roll,0,0,0
old-timer-s-waltz,Old Timer's Waltz,0,0,0
old-toy-trains-aka-little-toy-trains,Old Toy Trains (aka Little Toy Trains),0,0,0
old-train,Old Train,1,5,3
old-village-churchyard,Old Village Churchyard,1,0,0
old-violin,Old Violin,0,2,1
old-virginia-reel,Old Virginia Reel,0,2,0
old-weakness-coming-on-strong,Old Weakness (Coming On Strong),0,1,2
old-wore-out-cowboys,Old Wore Out Cowboys,0,0,0
o-leary-s-cow,O'Leary's Cow,0,0,0
ole-faithful,Ole Faithful,0,0,2
ole-george,Ole George,0,0,0
ole-kris-kringle,Ole Kris Kringle,0,0,0
ole-lonesome-george-the-basset,Ole Lonesome George The Basset,0,0,1
ole-slew-foot,Ole Slew Foot,0,4,0
o-little-town-of-bethlehem,O Little Town of Bethlehem,0,16,28
ol-what-s-her-name,Ol’ What's Her Name,0,0,0
omaha,Omaha,0,1,12
omie-wise,Omie Wise,1,5,1
on-again-off-again,On Again Off Again,0,0,5
on-a-hill-lone-and-gray,On A Hill Lone And Gray,1,0,0
on-and-on,On And On,1,21,79
on-a-snowy-christmas-night,On A Snowy Christmas Night,0,0,1
on-a-summer-night,On A Summer Night,0,0,2
once,Once,0,2,48
once-a-day,Once a Day,0,5,3
once-and-for-all,Once And For All,0,0,9
once-a-week-date,Once A Week Date,0,0,1
once-before-i-die,Once Before I Die,0,0,0
once-i-get-over-you,Once I Get Over You,0,0,0
once-in-a-blue-moon,Once In A Blue Moon,0,0,15
once-in-a-lifetime,Once In A Lifetime,0,3,47
once-in-a-lifetime-love,Once In A Lifetime Love,0,1,1
once-more,Once More,1,11,22
once-more-1,Once More,1,11,22
once-more-with-feeling,Once More With Feeling,0,1,5
once-more-with-feeling-1,Once More With Feeling,0,1,5
once-she-loved-me-that-much,Once She Loved Me That Much,0,0,0
once-too-often,Once Too Often,0,0,2
once-upon-a-lifetime,Once Upon A Lifetime,0,0,1
once-upon-a-road,Once Upon A Road,0,0,2
once-upon-a-time,Once Upon A Time,0,3,101
once-you-ve-had-the-best,Once You've Had The Best,0,2,1
once-you-ve-had-the-best-1,Once You've Had The Best,0,2,1
once-you-ve-heard-the-truth,Once You've Heard The Truth,0,0,0
on-christmas-morning,On Christmas Morning,0,0,1
on-down-the-line,On Down The Line,0,5,1
one,One,0,4,328
one-and-one-and-one,One And One And One,0,0,0
one-and-one-makes-two,One And One Makes Two,0,0,1
one-and-the-same,One And The Same,0,0,9
one-boy-too-late,One Boy Too Late,0,0,0
one-bright-star,One Bright Star,0,1,2
one-broken-heart,One Broken Heart,0,0,0
one-broken-heart-for-sale,One Broken Heart For Sale,0,0,1
one-by-one,One by One,0,1,82
one-christmas-eve-long-ago,One Christmas Eve Long Ago,0,0,0
one-day-at-a-time,One Day At a Time,1,4,29
one-day-at-a-time-1,One Day at a Time,1,4,29
one-day-i-walk,One Day I Walk,0,1,1
one-day-i-will,One Day I Will,0,1,4
one-day-i-will-2,One Day I Will,0,1,4
one-dime-at-a-time,One Dime At A Time,0,1,0
one-dime-for-wine,One Dime For Wine,0,0,1
one-dozen-roses,One Dozen Roses,0,0,1
one-dozen-roses-1,One Dozen Roses,0,0,1
one-dream-coming-one-dream-going,One Dream Coming One Dream Going,0,0,0
one-dyin-and-a-buryin,One Dyin' And A Buryin',0,0,0
one-emotion,One Emotion,0,0,3
one-empty-cot-in-the-bunkhouse,One Empty Cot In The Bunkhouse,0,0,0
one-foot-in-front-of-the-other,One Foot In Front Of The Other,0,1,5
one-for-the-money,One For The Money,0,0,7
one-for-the-money-1,One For The Money,0,0,7
one-for-you-one-for-me,One For You One For Me,0,0,3
one-friend,One Friend,0,0,3
one-good-well,One Good Well,0,0,1
one-grain-of-sand,One Grain Of Sand,0,0,2
one-happy-christmas,One Happy Christmas,0,0,1
one-has-been-to-another,One Has Been To Another,0,0,0
one-has-my-name,One Has My Name,0,0,0
one-has-my-name-the-other-has-my-heart,One Has My Name (The Other Has My Heart),0,1,1
one-heart,One Heart,0,0,17
one-heart-1,One Heart,0,0,17
one-heartache-at-a-time,One Heartache At A Time,0,0,1
one-hell-of-a-heartache,One Hell Of A Heartache,0,0,0
one-hundred-children,One Hundred Children,0,0,1
one-if-for-him-two-if-for-me,One If For Him Two If For Me,0,0,0
one-i-love-is-gone-the,"One I Love Is Gone, The",1,0,0
one-in-a-million,One In A Million,0,0,57
one-in-every-crowd,One In Every Crowd,0,0,0
one-is-a-lonely-number,One Is A Lonely Number,0,0,3
one-kiss-away-from-loneliness,One Kiss Away From Loneliness,0,2,0
one-kiss-for-old-times-sake,One Kiss For Old Times Sake,0,0,0
one-kiss-too-many,One Kiss Too Many,0,0,2
one-last-time,One Last Time,0,1,41
one-less-day-to-go,One Less Day To Go,0,0,0
one-less-heartache,One Less Heartache,0,0,0
one-life,One Life,0,0,43
one-little-rose,One Little Rose,0,0,1
one-little-word,One Little Word,0,1,2
one-look-at-heaven,One Look at Heaven,0,0,0
one-love-at-a-time,One Love At A Time,0,0,1
one-man-band,One Man Band,0,0,10
one-man-band-1,One Man Band,0,0,10
one-man-s-woman,One Man's Woman,0,0,1
one-man-woman-one-woman-man,One Man Woman One Woman Man,0,0,1
one-mile-more,One Mile More,0,0,1
one-mile-over-two-miles-back,One Mile Over Two Miles Back,0,0,1
one-minute-past-eternity,One Minute Past Eternity,0,0,1
one-more-chance,One More Chance,0,0,42
one-more-day,One More Day,0,2,37
one-more-dollar,One More Dollar,1,0,1
one-more-drink,One More Drink,0,1,1
one-more-last-chance,One More Last Chance,0,1,3
one-more-last-chance-1,One More Last Chance,0,1,3
one-more-last-time,One More Last Time,0,0,0
one-more-memory,One More Memory,0,0,0
one-more-mountain-to-climb,One More Mountain To Climb,0,0,2
one-more-name,One More Name,0,0,1
one-more-night,One More Night,0,6,43
one-more-night-1,One More Night,1,6,43
one-more-night-to-spare,One More Night To Spare,0,0,0
one-more-payment,One More Payment,0,0,1
one-more-ride,One More Ride,0,4,2
one-more-shot,One More Shot,0,1,13
one-more-song,One More Song,0,1,11
one-more-song-for-jesus,One More Song For Jesus,0,0,1
one-more-summer-in-virginia,One More Summer In Virginia,0,0,0
one-more-time,One More Time,0,15,119
one-more-time-1,One More Time,0,15,119
one-more-time-2,One More Time,0,15,119
one-more-tomorrow,One More Tomorrow,0,0,3
one-more-valley,One More Valley,0,1,1
one-more-year,One More Year,0,0,7
one-morning-in-may,One Morning in May,1,12,2
one-night-a-day,One Night A Day,0,0,1
one-night-at-a-time,One Night At A Time,0,0,3
one-night-a-year,One Night A Year,0,0,0
one-night-fever,One Night Fever,0,0,0
one-night-of-sin,One Night Of Sin,0,0,1
one-night-stands,One Night Stands,0,0,0
one-night-to-remember,One Night To Remember,0,0,0
one-night-with-you,One Night With You,0,0,2
one-of-a-kind,One Of A Kind,0,2,35
one-of-everything-you-got-lyrics-with-chords,One Of Everything You Got Lyrics with Chords,0,0,0
one-of-my-sad-days,One of My Sad Days,0,0,0
one-of-the-fortunate-few,One Of The Fortunate Few,0,0,0
one-of-the-lonely-ones,One Of The Lonely Ones,0,0,3
one-of-these-days,One Of These Days,0,4,69
one-of-these-days-1,One Of These Days,0,4,69
one-of-these-days-i-wanna-be-in-your-nights,One Of These Days I Wanna Be In Your Nights,0,0,0
one-of-these-mornings,One Of These Mornings,0,0,5
one-of-those-old-things,One Of Those Old Things,0,0,0
one-on-the-right-was-on-the-left,One On The Right Was On The Left,0,0,0
one-pair-of-hands,One Pair Of Hands,0,0,0
one-piece-at-a-time,One Piece At A Time,0,0,2
one-place-in-the-night,One Place In The Night,0,0,1
one-promise-too-late,One Promise Too Late,0,0,1
one-raindrop,One Raindrop,0,1,0
one-rose-is-all-it-takes-to-say-i-love-you,One Rose (Is All It Takes To Say I Love You),0,0,0
one-row-at-a-time,One Row At A Time,0,0,1
one-run-for-the-roses,One Run for the Roses,0,0,0
one-short-year,One Short Year,0,0,0
one-shot-deal,One Shot Deal,0,0,1
one-sided-conversations,One Sided Conversations,0,0,0
one-sided-love-affair,One Sided Love Affair,0,0,5
one-song-away,One Song Away,0,0,0
one-step-ahead-of-my-past,One Step Ahead Of My Past,0,0,0
one-step-ahead-of-the-storm,One Step Ahead Of The Storm,0,0,0
one-step-at-a-time,One Step At A Time,0,1,24
one-step-at-a-time-1,One Step At A Time,0,1,24
one-step-away,One Step Away,0,0,10
one-step-away-1,One Step Away,0,0,10
one-step-beyond,One Step Beyond,0,0,9
one-sweet-hello,One Sweet Hello,0,0,1
one-teardrop-and-one-step-away,One Teardrop and One Step Away,0,2,1
one-teardrop-at-a-time,One Teardrop At A Time,0,0,1
one-thin-dime,One Thin Dime,0,0,3
one-thing-leads-to-another,One Thing Leads To Another,0,0,7
one-thousand-miles,One Thousand Miles,0,0,0
one-time,One Time,0,0,23
one-too-many-memories,One Too Many Memories,0,0,1
one-too-many-mornings,One Too Many Mornings,0,5,4
one-too-many-times,One Too Many Times,0,0,3
one-touch-of-the-master-s-hand,One Touch Of The Master's Hand,0,0,1
one-track-heart,One Track Heart,0,0,1
one-track-mind,One Track Mind,0,3,23
one-way-give-and-take,One Way Give And Take,0,0,0
one-way-love,One Way Love,0,0,22
one-way-street,One Way Street,0,1,19
one-way-ticket-to-the-blues,One Way Ticket To The Blues,0,0,1
one-way-ticket-to-the-sky,One Way Ticket To The Sky,0,1,0
one-way-to-go,One Way To Go,0,0,0
one-week-later,One Week Later,0,0,1
one-wife-five-kids-later,One Wife Five Kids Later,0,0,0
one-window-four-walls,One Window Four Walls,0,0,1
one-woman-man,One Woman Man,0,4,2
one-word-song,One Word Song,0,0,1
oney,Oney,0,0,1
one-year-two-months-and-eleven-days,One Year Two Months And Eleven Days,0,0,0
one-you-say-good-mornin-to,One You Say Good Mornin' To,0,0,0
only-a-fool,Only A Fool,0,0,16
only-alive,Only Alive,0,0,2
only-a-matter-of-time,Only A Matter Of Time,0,0,7
only-a-shadow-between,Only A Shadow Between,0,0,0
only-a-shadow-of-your-love,Only A Shadow of Your Love,0,0,0
only-a-woman-like-you,Only A Woman Like You,0,0,1
only-believe,Only Believe,0,0,2
only-bridge,Only Bridge,0,0,0
only-daddy-that-ll-walk-the-line,Only Daddy That'll Walk The Line,0,2,1
only-for-me,Only For Me,0,0,2
only-for-you,Only For You,0,0,21
only-girl-i-ever-cared-about-the,"Only Girl I Ever Cared About, The",1,0,0
only-if-there-is-another-you,Only If There Is Another You,0,0,0
only-in-my-mind,Only In My Mind,0,0,3
only-in-my-mind-1,Only In My Mind,0,0,3
only-love,Only Love,0,1,52
only-love-can-break-a-heart,Only Love Can Break A Heart,0,0,1
only-love-can-save-us-now,Only Love Can Save Us Now,0,0,1
only-mama-that-ll-walk-the-line,Only Mama That'll Walk The Line,0,0,0
only-one-heart-to-give,Only One Heart To Give,0,0,0
only-one-love-in-my-life,Only One Love In My Life,0,0,1
only-one-night-of-the-year,Only One Night Of The Year,0,0,0
only-the-leading-role-will-do,Only the Leading Role Will Do,1,1,0
only-the-lonely,Only The Lonely,0,4,8
only-the-lonely-1,Only the Lonely,0,4,8
only-the-strong-survive,Only The Strong Survive,0,0,5
only-this-moment-is-mine,Only This Moment Is Mine,0,0,0
only-time-will-tell,Only Time Will Tell,0,0,20
only-want-you-more,Only Want You More,0,0,0
only-way-home,Only Way Home,0,2,1
only-way-to-say-goodbye-the,"Only Way To Say Goodbye, The",1,0,0
only-worse,Only Worse,0,0,0
only-yesterday,Only Yesterday,0,0,8
only-you,Only You,0,3,123
only-you-1,Only You,0,3,123
only-you-2,Only You,0,3,123
only-you-and-you-alone,Only You (And You Alone),0,1,0
only-you-and-you-alone-1,Only You And You Alone,0,1,1
only-you-only-you,Only You Only You,0,0,0
on-my-father-s-side,On My Father's Side,0,0,0
on-my-knees,On My Knees,0,15,15
on-my-mind,On My Mind,1,60,53
on-my-mind-again,On My Mind Again,0,4,1
on-my-way-back-to-the-old-home,On My Way Back To The Old Home,1,12,0
on-my-way-to-canaans-land,On My Way To Canaan’s Land,0,3,1
on-second-thought,On Second Thought,0,0,5
on-second-thought-1,On Second Thought,0,0,5
on-silver-wings,On Silver Wings,0,1,0
on-solid-ground,On Solid Ground,0,1,3
on-susans-floor,On Susan’s Floor,0,1,1
on-tap-in-the-can-or-in-the-bottle,On Tap In The Can Or In The Bottle,0,0,1
on-that-old-hawaiian-shore-with-you,On That Old Hawaiian Shore With You,0,0,1
on-the-8th-day,On The 8th Day,0,0,0
on-the-back-row,On The Back Row,0,1,1
on-the-banks-of-the-old-pontchartrain,On The Banks Of The Old Pontchartrain,0,0,0
on-the-banks-of-the-old-tennessee,On the Banks of the Old Tennessee,1,5,1
on-the-brink-of-the-white-rock,On the Brink of the White Rock,0,0,0
on-the-jericho-road,On The Jericho Road,1,7,1
on-the-jericho-road-1,On The Jericho Road,1,7,1
on-the-old-kentucky-shore,On The Old Kentucky Shore,1,5,1
on-the-other-hand,On The Other Hand,0,0,8
on-the-other-hand-1,On The Other Hand,0,0,8
on-the-other-side,On The Other Side,0,3,29
on-the-outside-looking-in,On The Outside Looking In,0,1,3
on-the-rhythm-range,On The Rhythm Range,0,0,0
on-the-road-again,On The Road Again,1,7,19
on-the-rock-where-moses-stood,On The Rock Where Moses Stood,0,4,1
on-the-sea-of-galilee,On The Sea Of Galilee,0,0,0
on-the-sunny-banks,On The Sunny Banks,0,0,0
on-the-sunny-side-of-the-rockies,On The Sunny Side Of The Rockies,0,0,0
on-the-sunny-side-of-the-street,On The Sunny Side Of The Street,0,0,2
on-the-wings-of-a-nightingale,On The Wings Of A Nightingale,0,0,1
on-the-wings-of-a-snow-white-dove,On the Wings of a Snow White Dove,1,0,0
on-the-wings-of-love,On The Wings Of Love,0,0,4
on-top-of-old-smokey,On Top of Old Smokey,1,7,1
onward-christian-soldiers,Onward Christian Soldiers,0,0,7
on-your-way-home,On Your Way Home,0,1,1
ooby-dooby,Ooby Dooby,0,0,1
oo-de-lally,Oo De Lally,0,0,1
ookpik-waltz,Ookpik Waltz,0,2,0
oozlin-daddy-blues,Oozlin' Daddy Blues,0,0,1
open-field,Open Field,0,0,6
open-the-eyes-of-my-heart,Open The Eyes Of My Heart,0,0,1
open-thy-merciful-arms,Open Thy Merciful Arms,0,0,0
open-up-the-book-and-take-a-look,Open Up The Book And Take A Look,0,0,0
open-up-them-pearly-gates,Open Up Them Pearly Gates,0,2,1
open-up-your-heart,Open Up Your Heart,0,1,9
open-up-your-heart-1,Open Up Your Heart,0,1,9
open-up-your-heart-2,Open Up Your Heart,0,1,9
open-up-your-heart-3,Open Up Your Heart,0,1,9
operator-operator,Operator Operator,0,1,3
ophelia,Ophelia,0,3,35
opportunity-to-cry,Opportunity To Cry,0,1,1
orange-blossom-special,Orange Blossom Special,1,59,1
original-schottische-polka-the,Original Schottische Polka (The),0,0,0
orphan-annie,Orphan Annie,1,5,1
orphan-girl,Orphan Girl,1,6,3
osage-stomp,Osage Stomp,0,0,1
oscar-the-angel,Oscar The Angel,0,0,0
other-side-of-lonely-lyrics-chords,Other Side Of Lonely Lyrics Chords,0,0,0
other-side-of-me,Other Side Of Me,0,0,10
our-anniversary,Our Anniversary,0,0,1
our-bed-of-roses,Our Bed Of Roses,0,0,1
our-chain-of-love,Our Chain Of Love,0,0,1
our-church-your-wedding,Our Church Your Wedding,0,0,1
our-darlings-gone,Our Darling’s Gone,1,4,1
our-darlins-gone,Our Darlin’s Gone,1,3,0
our-everlasting-love-has-died,Our Everlasting Love Has Died,0,0,0
our-family,Our Family,0,0,2
our-hearts-are-holding-hands,Our Hearts Are Holding Hands,0,0,1
our-hearts-will-play-the-music,Our Hearts Will Play The Music,0,0,1
our-honeymoon,Our Honeymoon,0,0,0
our-house-is-a-home,Our House Is A Home,0,0,0
our-kind-of-love,Our Kind Of Love,0,1,4
our-last-goodbye,Our Last Goodbye,1,12,4
our-last-night-together,Our Last Night Together,0,0,2
our-love,Our Love,0,1,40
our-love-1,Our Love,0,1,40
our-past-is-in-my-way,Our Past Is In My Way,0,0,0
our-paths-may-never-cross,Our Paths May Never Cross,0,0,1
our-town,Our Town,0,1,18
our-way-of-life,Our Way Of Life,0,0,1
our-wedding-song,Our Wedding Song,0,0,0
out-among-the-stars,Out Among The Stars,0,4,1
out-behind-the-barn,Out Behind The Barn,0,4,1
out-in-new-mexico,Out In New Mexico,0,0,2
out-in-the-cold-again,Out In The Cold Again,0,0,3
out-in-the-cold-world,Out In The Cold World,1,5,1
outlaw-s-reward,Outlaw's Reward,0,0,0
out-loud,Out Loud,0,0,6
out-of-a-clear-blue-sky,Out Of A Clear Blue Sky,0,0,1
out-of-a-honky-tonk,Out Of A Honky Tonk,0,0,0
out-of-business,Out Of Business,0,0,1
out-of-control,Out Of Control,0,1,101
out-of-hand,Out Of Hand,0,1,6
out-of-mind-out-of-sight,Out of Mind Out of Sight,0,0,4
out-of-my-bones,Out Of My Bones,0,0,0
out-of-my-head-and-back-in-my-bed-lyrics-chords,Out Of My Head And Back In My Bed Lyrics Chords,0,0,0
out-of-my-heart,Out of My Heart,0,0,2
out-of-my-mind,Out Of My Mind,0,2,47
out-of-my-mind-1,Out Of My Mind,0,2,47
out-of-sight-out-of-mind,Out Of Sight Out Of Mind,0,3,18
out-of-the-blue,Out Of The Blue,0,5,58
out-of-ways-to-try,Out Of Ways To Try,0,0,0
out-of-you,Out Of You,0,5,3
out-on-the-ocean,Out on the Ocean,1,2,3
out-on-the-texas-plains,Out On The Texas Plains,0,0,0
outstanding-in-your-field,Outstanding In Your Field,0,0,0
out-there-is-your-world,Out There Is Your World,0,0,0
out-where-the-bright-lights-are-glowing,Out Where The Bright Lights Are Glowing,0,0,0
over-and-over,Over And Over,0,1,64
over-and-over-again,Over And Over Again,0,0,18
over-and-over-again-1,Over And Over Again,0,0,18
over-forty-not-over-the-hill,Over Forty (Not Over The Hill),0,0,0
overhurt-and-underloved,Overhurt and Underloved,0,0,1
over-in-the-glory-land,Over In The Glory Land,1,4,1
over-in-the-gloryland,Over In The Gloryland,1,22,1
over-lonely-under-kissed,Over Lonely Under Kissed,0,0,0
overlookin-and-underthinkin,Overlookin' And Underthinkin',0,0,1
over-loving-you,Over Loving You,0,0,0
overnight,Overnight,0,0,29
overnight-sensation,Overnight Sensation,0,0,12
overnight-success,Overnight Success,0,0,4
over-something-good,Over Something Good,0,0,1
over-the-garden-wall,Over The Garden Wall,1,1,2
over-the-hill,Over The Hill,0,5,23
over-the-hill-1,Over The Hill,0,5,23
over-the-hill-to-the-poorhouse,Over the Hill to the Poorhouse,1,1,0
over-the-next-hill-we-ll-be-home,Over The Next Hill We'll Be Home,0,0,0
over-there,Over There,0,3,16
over-the-sunset-hill,Over the Sunset Hill,1,1,0
over-the-sunset-mountains-by-and-by,Over The Sunset Mountains By and By,0,0,0
over-the-waterfall,Over the Waterfall,1,7,4
overtime,Overtime,0,1,33
over-under-and-around,Over Under And Around,0,0,1
over-yonder-in-the-graveyard,Over Yonder in the Graveyard,1,2,1
over-you,Over You,0,1,77
oyster-river-reel-the,Oyster River Reel (The),1,0,0
ozark-mountain-jubilee,Ozark Mountain Jubilee,0,0,0
pace-that-kills,Pace That Kills,0,0,0
pack-up-your-sorrows,Pack Up Your Sorrows,0,1,1
paddy-o-carroll-s,Paddy O'Carroll's,0,0,0
paddy-o-meaghan-s-reel,Paddy O'Meaghan's Reel,0,0,0
paddy-on-the-turnpike,Paddy on the Turnpike,1,36,1
padre,Padre,0,0,6
padre-of-old-san-antone,Padre Of Old San Antone,0,0,1
pain-and-misery,Pain and Misery,0,0,2
pain-in-my-heart,Pain In My Heart,1,19,9
pain-of-a-broken-heart,Pain Of A Broken Heart,0,0,0
painted-girls-and-wine,Painted Girls And Wine,0,0,0
painting-this-old-town-blue,Painting This Old Town Blue,0,0,0
paint-me-a-birmingham,Paint Me A Birmingham,0,0,0
pair-of-broken-hearts,Pair of Broken Hearts,0,0,1
pale-horse-and-his-rider-the,"Pale Horse And His Rider, The",0,0,0
pallet-on-your-floor,Pallet on Your Floor,1,2,0
palms-of-victory,Palms of Victory,1,6,2
palo-duro-farewell,Palo Duro Farewell,0,0,0
pamela-brown,Pamela Brown,0,2,1
panama-red,Panama Red,1,7,1
pan-american,Pan American,0,6,1
pancake-two-step,Pancake Two-Step,0,0,0
pancho-and-lefty,Pancho and Lefty,1,3,1
panhandle-country,Panhandle Country,1,16,1
panhandle-wind,Panhandle Wind,0,0,0
paniolo-country,Paniolo Country,0,0,0
papa-loved-mama,Papa Loved Mama,0,0,1
papa-noel,Papa Noel,0,0,2
papa-sing-me-a-song,Papa Sing Me A Song,0,0,0
papa-was-a-good-man,Papa Was A Good Man,0,0,1
paper-chains,Paper Chains,0,0,1
paper-doll,Paper Doll,0,1,14
paper-face,Paper Face,0,0,1
paper-love-affair,Paper Love Affair,0,0,1
paper-mansions,Paper Mansions,0,0,1
paper-roses,Paper Roses,0,1,1
paper-roses-1,Paper Roses,0,1,1
paper-rosie,Paper Rosie,0,1,0
paradise,Paradise,1,17,253
paradise-83,Paradise '83,0,0,1
paradise-aka-mr-peabody-s-coal-train,Paradise (aka) Mr. Peabody's Coal Train,1,0,0
paradise-isle,Paradise Isle,0,0,1
paradise-tonight,Paradise Tonight,0,1,0
paradise-valley,Paradise Valley,0,2,1
paralyzed,Paralyzed,0,0,59
paralyze-my-mind,Paralyze My Mind,0,0,1
pardon-me,Pardon Me,1,5,11
pardon-me-1,Pardon Me,1,5,11
pardon-me-for-loving-you,Pardon Me For Loving You,0,0,0
pardon-me-i-ve-got-someone-to-kill,Pardon Me I've Got Someone To Kill,0,0,1
partners,Partners,0,0,12
party-doll,Party Doll,0,0,3
party-dolls-and-wine,Party Dolls And Wine,0,0,1
party-heart,Party Heart,0,0,1
party-people,Party People,0,0,23
pass-around-the-bottle,Pass around the Bottle,0,0,0
passing-love-affair,Passing Love Affair,0,0,0
passin-through,Passin' Through,0,0,1
pass-it-on-down,Pass It On Down,0,0,1
pass-me-by,Pass Me By,0,5,14
pass-me-not,Pass Me Not,1,9,1
pass-me-not-o-gentle-savior,Pass Me Not O Gentle Savior,0,2,1
pass-the-booze,Pass The Booze,0,0,0
password,Password,0,0,16
pastures-of-plenty,Pastures of Plenty,1,7,3
patanio-the-pride-of-the-plains,Patanio The Pride Of The Plains,0,0,0
patches,Patches,0,0,7
pathway-of-teardrops,Pathway Of Teardrops,1,5,1
patty-malone,Patty Malone,0,0,0
paul-and-silas,Paul And Silas,1,12,1
paul-s-ministry,Paul's Ministry,0,1,0
paving-the-highway-with-tears,Paving The Highway With Tears,0,0,0
paying-for-that-back-street-affair,Paying For That Back Street Affair,0,0,0
paying-off-the-interest-with-my-tears,Paying Off The Interest With My Tears,0,0,1
pay-no-attention-to-alice,Pay No Attention To Alice,0,1,1
peace-in-my-soul,Peace In My Soul,0,0,0
peace-in-the-valley,Peace in the Valley,1,9,7
peace-of-mind,Peace Of Mind,0,3,85
peace-of-mind-1,Peace Of Mind,0,3,85
peace-of-mind-2,Peace Of Mind,0,3,85
peace-within,Peace Within,0,0,2
peaches-and-cream,Peaches And Cream,1,1,7
peach-picking-time-down-in-georgia,Peach Picking Time Down In Georgia,1,0,0
peacock-rag,Peacock Rag,1,16,1
pearl,Pearl,0,0,55
pearly-shells,Pearly Shells,0,0,1
pecos-promenade,Pecos Promenade,0,0,1
pedro-gonzales-tennessee-lopez,Pedro Gonzales Tennessee Lopez,0,0,0
peek-a-boo-waltz,Peek A Boo Waltz,0,2,0
peel-me-a-nanner,Peel Me A Nanner,0,0,1
peg-and-awl,Peg and Awl,1,7,1
peggy-o,Peggy-o,1,3,3
peggy-sue,Peggy Sue,0,1,6
peggy-sue-got-married,Peggy Sue Got Married,0,0,1
peg-leg-jack,Peg Leg Jack,0,0,0
pen-and-paper,Pen And Paper,0,0,0
pennies-for-papa,Pennies for Papa,0,0,0
pennies-from-heaven,Pennies From Heaven,0,3,6
penny-arcade,Penny Arcade,0,0,3
penny-candy,Penny Candy,0,0,1
penny-candy-1,Penny Candy,0,0,1
penny-for-your-thoughts,Penny For Your Thoughts,0,0,7
people-get-ready,People Get Ready,0,7,3
perfect-match,Perfect Match,0,0,5
perfect-mountain,Perfect Mountain,0,0,1
perfect-mountain-1,Perfect Mountain,0,0,1
perfect-place,Perfect Place,0,0,4
perfume-powder-and-lead,Perfume Powder And Lead,0,1,0
petal-from-a-faded-rose-lyrics-and-chords,Petal From A Faded Rose Lyrics and Chords,0,0,0
petals-in-my-pocket,Petals in my Pocket,1,0,0
peter-cottontail,Peter Cottontail,0,0,1
pete-s-music-city,Pete's Music City,0,0,0
petit-bucheux-le,Petit Bûcheux (Le),0,0,0
petunia-the-gardener-s-daughter,Petunia The Gardener's Daughter,0,0,1
pfft-you-were-gone,Pfft You Were Gone,0,0,1
philadelphia-lawyer,Philadelphia Lawyer,1,11,1
phoenix,Phoenix,0,2,135
pickin-a-chicken,Pickin' A Chicken,0,0,1
picking-sweethearts,Picking Sweethearts,0,0,1
picking-up-strangers,Picking Up Strangers,0,0,0
pickin-time,Pickin' Time,0,1,1
pickin-up-the-mail,Pickin' Up The Mail,0,0,0
pickin-up-the-pieces,Pickin' Up The Pieces,0,0,4
pick-me-up-lord,Pick Me Up Lord,0,0,0
pick-me-up-on-your-way-down,Pick Me Up On Your Way Down,1,4,2
pick-me-up-on-your-way-down-1,Pick Me Up On Your Way Down,1,4,2
pick-me-ups,Pick Me Ups,0,0,0
pick-the-wildwood-flower,Pick The Wildwood Flower,0,0,1
pick-up-the-oars-and-row,Pick Up The Oars And Row,0,0,0
picture-in-a-frame,Picture In A Frame,0,1,4
picture-of-you,Picture Of You,0,3,19
picture-on-the-wall,Picture On The Wall,1,9,8
pictures,Pictures,0,1,49
pictures-and-memories,Pictures And Memories,0,0,1
pictures-don-t-lie,Pictures Don't Lie,0,0,0
pieces-of-my-life,Pieces Of My Life,0,0,1
pieces-on-the-ground,Pieces On The Ground,0,2,1
pig-in-a-pen,Pig in a Pen,1,11,1
pike-county-breakdown,Pike County Breakdown,1,26,1
pike-s-peak,Pike's Peak,0,1,0
pilgrim,Pilgrim,1,4,37
pinball-machine,Pinball Machine,0,1,1
pineywoods-gal,Pineywoods Gal,0,0,0
pink-flamingos,Pink Flamingos,0,1,2
pins-and-needles,Pins And Needles,1,5,13
pins-and-needles-in-my-heart,Pins and Needles in My Heart,0,3,0
pinto-the-wonder-horse-is-dead,Pinto The Wonder Horse Is Dead,0,1,1
pistol-packing-mama,Pistol Packing Mama,0,5,0
pistol-packin-mama,Pistol Packin’ Mama,1,4,1
plaid-and-calico,Plaid and Calico,0,0,0
plant-some-flowers,Plant Some Flowers,0,2,0
plant-your-fields,Plant Your Fields,0,1,0
play-born-to-lose-again,Play Born To Lose Again,0,0,0
playboy,Playboy,0,0,23
play-guitar-play,Play Guitar Play,0,0,1
playin-around-with-love,Playin' Around With Love,0,0,1
playing-for-keeps,Playing For Keeps,0,0,8
play-it-again-sam,Play It Again Sam,0,0,4
play-me-a-song-i-can-cry-to,Play Me A Song I Can Cry To,0,2,0
play-me-the-truth,Play Me The Truth,0,0,0
play-me-the-waltz-of-the-angels,Play Me The Waltz Of The Angels,0,1,0
play-now-pay-later,Play Now Pay Later,0,0,0
play-the-star-spangled-banner-over-me,Play The Star Spangled Banner Over Me,0,0,1
play-together-again-again,Play Together Again Again,0,0,1
please-answer-my-letter,Please Answer My Letter,0,0,0
please-call-today,Please Call Today,0,0,0
please-change-the-subject,Please Change The Subject,0,0,0
please-come-back-home,Please Come Back Home,0,0,0
please-come-back-with-my-heart,Please Come Back With My Heart,0,0,0
please-come-home-for-christmas,Please Come Home For Christmas,0,1,3
please-come-to-boston,Please Come To Boston,0,1,2
please-daddy-don-t-get-drunk-this-christmas,Please Daddy (Don't Get Drunk This Christmas),0,2,1
please-don-t-blame-me,Please Don't Blame Me,0,0,1
please-don-t-go-away,Please Don't Go Away,0,0,2
please-don-t-hurt-me,Please Don't Hurt Me,0,0,0
please-dont-leave-me-darling,Please Don’t Leave Me Darling,0,0,0
please-don-t-let-me-love-you-chords,Please Don't Let Me Love You Chords,0,0,0
please-don-t-let-our-sweet-love-die,Please Don't Let Our Sweet Love Die,0,1,0
please-don-t-stop-loving-me,Please Don't Stop Loving Me,0,1,2
please-don-t-take-her-from-me,Please Don't Take Her From Me,0,0,1
please-don-t-talk-about-me-when-i-m-gone,Please Don't Talk About Me When I'm Gone,0,0,1
please-dont-tell-me-how-the-story-ends,Please Don’t Tell Me How The Story Ends,0,1,1
please-dont-wake-me,Please Don’t Wake Me,1,4,0
please-feed-the-jukebox,Please Feed The Jukebox,0,0,0
please-help-me-i-m-falling,Please Help Me I'm Falling,1,4,1
please-leave-my-darling-alone,Please Leave My Darling Alone,0,0,1
please-let-me-have-you,Please Let Me Have You,0,0,0
please-love-me-forever,Please Love Me Forever,0,0,1
please-make-up-your-mind-chords,Please Make Up Your Mind Chords,0,0,0
please-mr-d-j,Please Mr. D.J.,0,0,0
please-mr-please-b-17,Please Mr. Please (B-17),0,0,0
please-operator-could-you-trace-this-call,Please Operator (Could You Trace This Call),0,0,0
please-please-baby,Please Please Baby,0,0,1
please-release-me,Please Release Me,0,1,0
please-remember-me,Please Remember Me,0,0,4
please-remember-that-i-love-you,Please Remember That I Love You,1,4,0
please-search-your-heart,Please Search Your Heart,1,10,1
please-sing-satin-sheets-for-me,Please Sing Satin Sheets For Me,0,0,0
please-take-the-devil-out-of-me,Please Take The Devil Out Of Me,0,0,0
please-talk-to-my-heart,Please Talk To My Heart,0,0,1
pleasin-my-woman,Pleasin' My Woman,0,0,0
pledge-of-love,Pledge Of Love,0,0,1
pledging-my-love,Pledging My Love,0,0,2
plenty-of-everything-but-you,Plenty Of Everything But You,0,2,1
plenty-of-time,Plenty Of Time,0,0,2
pocatello,Pocatello,0,0,0
pocket-full-of-gold,Pocket Full Of Gold,0,1,3
pocketful-of-mistletoe,Pocketful Of Mistletoe,0,0,0
pocketful-of-rainbows,Pocketful Of Rainbows,0,0,2
pocket-of-a-clown,Pocket Of A Clown,0,0,1
po-folks,Po' Folks,0,0,3
point-of-light,Point Of Light,0,0,1
poison-ivy-league,Poison Ivy League,0,0,1
poison-lies,Poison Lies,1,2,1
poison-love,Poison Love,1,13,4
poison-love-1,Poison Love,1,13,4
poison-red-berries,Poison Red Berries,0,0,1
police,Police,0,3,20
polka-dot-blues,Polka Dot Blues,0,3,0
polka-on-a-banjo,Polka on a Banjo,1,5,0
polly-put-the-kettle-on,Polly put the Kettle on,1,15,2
polly-vaughn,Polly Vaughn,0,1,1
poncho-and-lefty,Poncho and Lefty,1,0,0
poor-boy-like-me,Poor Boy Like Me,0,0,1
poor-ellen-smith,Poor Ellen Smith,1,26,1
poor-heart,Poor Heart,1,0,2
poor-little-fool,Poor Little Fool,0,0,3
poor-little-jimmy,Poor Little Jimmy,0,0,0
poor-little-john,Poor Little John,0,0,1
poor-little-orphaned-boy,Poor Little Orphaned Boy,1,0,0
poor-little-rich-boy,Poor Little Rich Boy,0,0,2
poor-loser,Poor Loser,0,0,0
poor-man-s-riches,Poor Man's Riches,0,0,1
poor-me,Poor Me,0,0,10
poor-monroe,Poor Monroe,1,4,0
poor-old-dirt-farmer,Poor Old Dirt Farmer,0,3,1
poor-old-robinson-crusoe,Poor Old Robinson Crusoe,0,0,0
poor-orphan-child-the,"Poor Orphan Child, The",0,0,0
poor-rebel-soldier,Poor Rebel Soldier,1,2,1
poor-red-georgia-dirt,Poor Red Georgia Dirt,0,0,0
poor-sweet-baby,Poor Sweet Baby,0,0,1
poor-white-folks,Poor White Folks,0,1,1
pop-a-top-again,Pop A Top Again,0,0,0
porter-s-two-step,Porter's Two-Step,0,0,0
portrait-of-a-lonely-man,Portrait Of A Lonely Man,0,0,0
portrait-of-my-woman,Portrait Of My Woman,0,0,0
portsmouth-hornpipe,Portsmouth Hornpipe,0,0,0
pour-me-another-tequila,Pour Me Another Tequila,0,0,0
prairie-dog,Prairie Dog,0,0,2
praise-him-praise-him,Praise Him Praise Him,0,0,2
praise-the-lord-and-send-me-the-money,Praise The Lord And Send Me The Money,0,0,1
pray,Pray,0,1,101
prayer,Prayer,0,1,205
prayer-bells-of-heaven,Prayer Bells Of Heaven,1,16,1
pray-every-day,Pray Every Day,0,0,1
pray-for-the-boys-the-bad,Pray For The Boys The Bad,1,0,0
praying,Praying,0,3,7
preachin-prayin-singin,Preachin' Prayin' Singin',1,4,1
preach-the-gospel,Preach The Gospel,0,1,1
precious-jewel,Precious Jewel,1,8,2
precious-lord-take-my-hand,"Precious Lord, Take My Hand",1,2,2
precious-memories,Precious Memories,1,23,14
preparations-to-be-blue,Preparations To Be Blue,0,0,0
preservation-of-the-wild-life,Preservation Of The Wild Life,0,0,0
pressure-makes-diamonds,Pressure Makes Diamonds,0,0,3
pretend,Pretend,0,2,35
pretend-i-never-happened,Pretend I Never Happened,0,0,1
pretending,Pretending,0,2,14
pretending-i-dont-care,Pretending I Don’t Care,1,5,0
pretend-you-don-t-see-me,Pretend You Don't See Me,0,0,1
pretend-you-just-don-t-know-me,Pretend You Just Don't Know Me,0,0,0
pretend-you-re-happy-when-you-re-blue,Pretend You're Happy When You're Blue,0,0,0
prettiest-flowers,Prettiest Flowers,0,1,0
prettiest-flower-there,Prettiest Flower There,0,1,0
prettiest-girl-in-the-county,Prettiest Girl in the County,0,1,0
pretty-flamingo,Pretty Flamingo,0,0,2
pretty-green-hills,Pretty Green Hills,0,0,1
pretty-house-for-sale,Pretty House For Sale,0,0,1
pretty-little-baby,Pretty Little Baby,0,0,3
pretty-little-miss,Pretty Little Miss,0,4,0
pretty-paper,Pretty Paper,0,1,1
pretty-polly,Pretty Polly,1,38,3
pretty-rainbow,Pretty Rainbow,0,0,0
pretty-saro,Pretty Saro,1,7,1
pretty-snowflakes,Pretty Snowflakes,0,0,1
pretty-woman,Pretty Woman,0,2,13
pretty-words,Pretty Words,0,1,7
pretty-words-1,Pretty Words,0,1,7
price-to-pay,Price To Pay,0,0,4
pride,Pride,0,0,96
pride-and-sorrow,Pride And Sorrow,0,0,0
pride-covered-ears,Pride Covered Ears,0,0,0
pride-goes-before-a-fall,Pride Goes Before A Fall,0,0,1
pride-s-not-hard-to-swallow,Pride's Not Hard To Swallow,0,0,0
primrose-lane,Primrose Lane,0,0,1
princess-of-wales-waltz,Princess of Wales Waltz,0,0,0
prisoner-of-the-highway,Prisoner of the Highway,0,0,2
prisoner-on-the-run,Prisoner On The Run,0,0,0
prisoners-dream,Prisoner’s Dream,0,2,1
prisoners-farewell,Prisoner’s Farewell,1,0,1
prisoners-song,Prisoners Song,1,1,0
prisoners-song-the,"Prisoner’s Song, The",1,0,0
prison-of-memories,Prison Of Memories,0,0,0
prisons-aren-t-only-for-men,Prisons Aren't Only For Men,0,0,0
private-party,Private Party,0,0,4
private-wilson-white,Private Wilson White,0,0,1
prize-possession,Prize Possession,0,0,1
problems,Problems,0,0,40
problem-solving-doctor,Problem Solving Doctor,0,0,0
promises,Promises,0,1,110
promises-1,Promises,0,1,110
promises-and-hearts,Promises And Hearts,0,0,0
promises-promises,Promises Promises,0,0,13
prop-me-up-beside-the-jukebox,Prop Me Up Beside The Jukebox,0,0,1
proudest-loneliest-fool,Proudest Loneliest Fool,0,0,1
proud-lady,Proud Lady,0,0,1
proud-mary,Proud Mary,1,4,1
proud-of-me,Proud Of Me,0,0,3
prove-it-to-you-one-more-time-again,Prove It To You One More Time Again,0,0,1
p-t-109,P. T. 109,0,0,0
pull-my-string-and-wind-me-up,Pull My String and Wind Me Up,0,0,0
puncheon-floor,Puncheon Floor,1,0,0
punish-me-tomorrow,Punish Me Tomorrow,0,0,1
puppet-on-a-string,Puppet On A String,0,0,10
puppy-love,Puppy Love,0,1,15
pure-love,Pure Love,0,0,17
purple-robe,Purple Robe,0,4,1
pursuing-happiness,Pursuing Happiness,0,0,1
pushing-up-daisies,Pushing Up Daisies,0,0,6
put-a-light-in-the-window,Put A Light In The Window,0,0,1
put-a-little-holiday-in-your-heart,Put A Little Holiday In Your Heart,0,0,1
put-a-little-love-in-your-heart,Put a Little Love in Your Heart,0,1,1
put-a-nickel-in-the-jukebox,Put A Nickel In The Jukebox,0,0,0
put-another-log-on-the-fire,Put Another Log On The Fire,0,0,1
put-a-quarter-in-the-juke-box,Put A Quarter In The Juke Box,0,0,0
put-back-my-ring-on-your-hand,Put Back My Ring On Your Hand,0,0,1
put-it-off-until-tomorrow,Put it Off Until Tomorrow,0,7,2
put-it-off-until-tomorrow-1,Put It Off Until Tomorrow,1,7,2
put-me-in-your-pocket,Put Me In Your Pocket,0,0,2
put-me-out-of-my-memory,Put Me Out Of My Memory,0,0,0
put-my-little-shoes-away,Put My Little Shoes Away,1,12,2
putney-s-run,Putney's Run,0,0,0
put-on-an-old-pair-of-shoes,Put On An Old Pair Of Shoes,0,0,0
put-on-your-old-grey-bonnet,Put On Your Old Grey Bonnet,0,0,1
puttin-in-overtime-at-home,Puttin' In Overtime At Home,0,0,1
put-your-arms-around-her,Put Your Arms Around Her,0,0,0
put-your-arms-around-me,Put Your Arms Around Me,0,1,5
put-your-arms-around-me-honey,Put Your Arms Around Me Honey,0,0,1
put-your-dreams-away,Put Your Dreams Away,0,0,0
put-your-hand-in-mine,Put Your Hand In Mine,0,0,1
put-your-hand-in-the-hand,Put Your Hand in the Hand,0,0,1
put-your-head-on-my-shoulder,Put Your Head On My Shoulder,0,0,1
put-yourself-in-my-shoes,Put Yourself In My Shoes,0,0,1
pyramid-of-cans,Pyramid Of Cans,0,0,0
quarry-cross-polka-the,Quarry Cross Polka (The),0,0,0
quarter-circle-y,Quarter Circle Y,0,0,0
quarter-to-three,Quarter To Three,0,0,3
queen-annes-lace,Queen Anne’s Lace,0,2,2
queen-for-a-day,Queen For a Day,0,0,3
queen-of-hearts,Queen Of Hearts,0,1,36
queen-of-honky-tonk-street,Queen Of Honky Tonk Street,0,0,0
queen-of-the-ballroom,Queen of the Ballroom,0,0,1
queen-of-the-house,Queen Of The House,0,0,2
queen-of-the-silver-dollar,Queen Of The Silver Dollar,0,1,1
queen-of-the-west,Queen of the West,0,0,1
que-sera-sera-whatever-will-be-will-be,Que Sera Sera (Whatever Will Be Will Be),0,0,0
quiet-grave,Quiet Grave,0,1,0
quinn-the-eskimo,Quinn the Eskimo,1,0,0
quite-a-long-long-time,Quite A Long Long Time,0,0,0
quits,Quits,0,0,5
quittin-time,Quittin' Time,0,0,8
rabbit-in-a-log,Rabbit in a Log,1,17,0
radio-boogie,Radio Boogie,1,1,1
ragged-but-im-right,Ragged but I'm Right,1,1,0
ragtime-annie,Ragtime Annie,1,22,1
ragtime-annie-1,Ragtime Annie,1,22,1
ragtime-dream,Ragtime Dream,0,1,0
railroad-bill,Railroad Bill,1,9,3
railroad-bum,Railroad Bum,0,1,1
railroading-on-the-great-divide,Railroading On The Great Divide,0,2,1
railroad-lady,Railroad Lady,0,0,1
rain,Rain,1,5,420
rain-and-snow,Rain and Snow,1,14,3
rainbow,Rainbow,0,14,125
rainbow-and-roses,Rainbow and Roses,0,0,0
rainbow-at-midnight,Rainbow At Midnight,0,2,1
rainbow-colored-words,Rainbow Colored Words,0,0,0
rainbow-in-my-heart,Rainbow In My Heart,0,0,0
rainbow-in-the-rain,Rainbow In The Rain,0,0,1
rainbow-on-the-rio-colorado,Rainbow On The Rio Colorado,0,0,0
rainbow-rider,Rainbow Rider,0,0,2
rainbows-and-roses,Rainbows And Roses,0,1,2
rainbows-and-roses-1,Rainbows And Roses,0,1,2
rainbows-are-back-in-style,Rainbows Are Back In Style,0,0,1
rainbow-schottische,Rainbow Schottische,1,0,0
rainbow-stew,Rainbow Stew,0,0,1
rainbow-valley,Rainbow Valley,0,0,3
raindrops,Raindrops,0,2,57
raindrops-falling-in-a-river,Raindrops Falling In A River,0,0,0
raindrops-keep-falling-on-my-head,Raindrops Keep Falling on My Head,0,0,0
rain-fallin,Rain Fallin',0,0,1
raining-in-dallas,Raining In Dallas,0,0,0
raining-in-my-heart,Raining In My Heart,0,0,8
raining-in-my-heart-1,Raining in My Heart,0,0,8
raining-in-my-heart-2,Raining In My Heart,0,0,8
rain-please-go-away,Rain Please Go Away,0,3,1
rain-please-go-away-1,Rain Please Go Away,1,3,1
rain-rain,Rain Rain,0,0,9
rain-rain-1,Rain Rain,0,0,9
rain-rain-rain,Rain Rain Rain,0,2,6
rainy-day,Rainy Day,0,1,76
rainy-day-in-june,Rainy Day In June,0,1,1
rainy-day-in-richmond,Rainy Day In Richmond,0,0,1
rainy-day-people,Rainy Day People,0,1,1
rainy-day-woman,Rainy Day Woman,0,0,2
rainy-night-in-georgia,Rainy Night In Georgia,0,0,1
rainy-nights-and-memories,Rainy Nights And Memories,0,0,0
rainy-windy-sunshine-rodeo-road,Rainy Windy Sunshine (Rodeo Road),0,0,0
raise-a-ruckus,Raise a Ruckus,1,6,1
raised-by-the-railroad-line,Raised by the Railroad Line,1,1,1
raise-him-up,Raise Him Up,0,0,0
raising-cane-in-texas,Raising Cane In Texas,0,0,0
rake-and-rambling-man,Rake And Rambling Man,0,0,0
raleigh-and-spencer,Raleigh and Spencer,1,21,1
ramble-on-rose,Ramble on Rose,1,0,1
rambler-s-blues,Rambler's Blues,0,3,0
ramblers-blues,Rambler’s Blues,0,3,0
ramblin-away,Ramblin Away,1,0,0
ramblin-boy,Ramblin Boy,0,4,2
ramblin-boy-2,Ramblin’ Boy,0,4,2
rambling-boy,Rambling Boy,0,5,0
rambling-fever,Rambling Fever,0,0,0
rambling-letters,Rambling Letters,0,0,0
rambling-man,Rambling Man,0,0,2
rambling-man-1,Rambling Man,0,0,2
rambling-rose,Rambling Rose,0,0,2
ramblin-in-my-shoes,Ramblin’ In My Shoes,0,0,0
ramblin-kind,Ramblin' Kind,0,0,0
ramblin-man,Ramblin’ Man,1,6,4
ramona,Ramona,0,0,26
ramshackle-shack,Ramshackle Shack,0,3,0
randall-collins,Randall Collins,1,2,1
randy,Randy,0,1,11
rank-stranger,Rank Stranger,1,18,0
rank-strangers,Rank Strangers,1,10,0
rapid-city-south-dakota,Rapid City South Dakota,0,0,1
rattlesnake-jig,Rattlesnake Jig,1,0,0
rave-on,Rave On,0,1,16
ravishing-ruby,Ravishing Ruby,0,1,1
raw-hide,Raw Hide,1,16,1
rawhide,Rawhide,1,29,8
reaching,Reaching,0,1,17
reach-out-to-jesus,Reach Out To Jesus,0,0,1
read-between-the-lines,Read Between The Lines,0,0,11
read-this-letter,Read This Letter,0,0,1
ready,Ready,0,1,46
ready-for-the-end-of-the-world,Ready For The End Of The World,0,0,0
ready-teddy,Ready Teddy,0,0,1
ready-to-go-home,Ready To Go Home,0,5,2
ready-to-take-my-chances,Ready To Take My Chances,0,0,0
real-emotion,Real Emotion,0,0,5
real-good-place-to-start,Real Good Place To Start,0,0,1
real-good-woman,Real Good Woman,0,0,1
real-lady-s-man,Real Lady's Man,0,1,1
real-love,Real Love,0,2,67
real-old-fashioned-broken-heart,Real Old Fashioned Broken Heart,0,0,0
real-thing-more-than-a-memory,Real Thing (More Than A Memory),0,0,1
real-wild-child,Real Wild Child,0,0,1
reasons,Reasons,0,1,42
reasons-i-cheat,Reasons I Cheat,0,0,1
reasons-to-quit,Reasons to Quit,0,0,1
reason-to-be,Reason To Be,0,0,5
rebecca,Rebecca,1,3,28
rebel-soldier,Rebel Soldier,1,4,1
rebels-without-a-clue,Rebels Without A Clue,0,0,1
rebound,Rebound,0,0,20
recipe-for-marriage-on-the-rocks,Recipe For Marriage On The Rocks,0,0,0
reckless,Reckless,0,1,56
reckless-love-affair,Reckless Love Affair,0,0,1
reckless-motorman,Reckless Motorman,1,0,0
reconsider-leaving-me,Reconsider Leaving Me,0,0,0
red-apple-rag,Red Apple Rag,1,13,1
red-bandana,Red Bandana,0,1,3
red-cadillac-and-a-black-mustache,Red Cadillac And A Black Mustache,0,0,0
red-clay-halo,Red Clay Halo,1,0,1
reddigan-s,Reddigan's,0,0,0
red-eyed-and-rowdy,Red Eyed And Rowdy,0,0,1
red-fox-waltz,Red Fox Waltz,0,0,0
red-haired-boy,Red Haired Boy,1,9,2
red-headed-stranger,Red Headed Stranger,0,1,1
red-hen-hop,Red Hen Hop,0,1,1
red-hills-of-utah,Red Hills Of Utah,0,0,1
red-hot-gal-of-mine-and-chord,Red Hot Gal Of Mine and chord,0,0,0
red-is-the-rose,Red Is The Rose,0,0,2
red-lips-white-lies-and-blue-hours,Red Lips White Lies And Blue Hours,0,0,1
redneck-girl,Redneck Girl,0,0,1
red-neckin-love-makin-night,Red Neckin' Love Makin' Night,0,0,0
redneck-roses,Redneck Roses,0,0,0
red-prairie-dawn,Red Prairie Dawn,1,4,0
red-red-rose,Red Red Rose,0,0,9
red-red-wine,Red Red Wine,0,1,2
red-river-valley,Red River Valley,1,15,4
red-rocking-chair,Red Rocking Chair,1,25,1
red-rocking-chair-1,Red Rocking Chair,1,25,1
red-rose-from-the-blue-side-of-town,Red Rose From The Blue Side Of Town,0,0,0
red-roses-won-t-work-now,Red Roses (Won't Work Now),0,0,1
red-rubber-ball,Red Rubber Ball,0,1,2
red-sails-in-the-sunset,Red Sails in the Sunset,0,0,1
red-steagall,Red Steagall,0,0,0
red-white-and-blue-christmas,Red White And Blue Christmas,0,0,0
red-wine-and-blue,Red Wine and Blue,0,0,0
red-wine-and-blue-memories,Red Wine and Blue Memories,0,0,0
red-wing,Red Wing,1,22,4
redwood-hill,Redwood Hill,1,2,1
reel-du-voyageur,Reel du voyageur,0,0,0
reelfoot-reel,Reelfoot Reel,0,1,0
reflections,Reflections,1,4,241
reflections-of-an-old-man,Reflections Of An Old Man,0,0,0
reflex-reaction,Reflex Reaction,0,0,2
reindeer-boogie,Reindeer Boogie,0,0,1
release-me,Release Me,0,1,27
release-me-from-sin,Release Me From Sin,0,0,0
relief-is-just-a-swallow-away,Relief Is Just A Swallow Away,0,0,1
remembered-by-someone,Remembered By Someone,0,0,0
remember-i-feel-lonesome-too,Remember I Feel Lonesome Too,1,2,1
remembering,Remembering,0,4,32
remembering-1,Remembering,0,4,32
remember-man-thou-art-dust,Remember Man Thou Art Dust,0,0,0
remember-me,Remember Me,1,13,108
remember-me-2,Remember Me,1,13,108
remember-me-i-m-the-one-who-loves-you,Remember Me I'm The One Who Loves You,0,2,0
remember-m-remember-e-remember-me,Remember M Remember E Remember Me,0,0,0
remember-the-alamo,Remember The Alamo,0,0,1
remember-the-alamo-1,Remember The Alamo,0,0,1
remember-the-cross,Remember The Cross,1,7,1
remember-the-ride,Remember The Ride,0,0,0
remember-to-remind-me-i-m-leaving,Remember To Remind Me I'm Leaving,0,0,0
remember-when,Remember When,0,1,20
remember-youre-mine,Remember You’re Mine,0,0,2
remind-me-dear-lord,Remind Me Dear Lord,0,2,1
reminiscing,Reminiscing,0,2,36
removing-the-shadow,Removing The Shadow,0,0,0
renegades-rebels-and-rogues,Renegades Rebels And Rogues,0,0,1
rented-room,Rented Room,0,0,2
repenting,Repenting,0,0,0
rescue-from-moose-river-gold-mine,Rescue From Moose River Gold Mine,0,0,0
reserve-me-a-table,Reserve Me A Table,0,0,0
rest-awhile,Rest Awhile,0,0,1
resting-place,Resting Place,0,3,7
restless,Restless,0,5,98
restless-heart,Restless Heart,0,0,20
restless-kid,Restless Kid,0,0,1
rest-your-love-on-me,Rest Your Love On Me,0,0,1
return-to-me,Return To Me,0,0,10
return-to-sender,Return To Sender,0,1,12
reuben,Reuben,1,8,0
reubens-train,Reuben’s Train,1,38,1
reunion-in-heaven,Reunion In Heaven,0,3,1
revenge-of-a-middle-aged-woman,Revenge Of A Middle Aged Woman,0,0,0
revive-us-again,Revive Us Again,0,0,2
rhinestone-cowboy,Rhinestone Cowboy,0,2,2
rhythm-in-my-baby-s-walk,Rhythm In My Baby's Walk,0,0,1
rhythm-of-the-rain,Rhythm of the Rain,0,0,4
rhythm-of-the-road,Rhythm Of The Road,0,3,1
ribbon-of-darkness,Ribbon Of Darkness,0,5,1
richest-man-in-the-world,Richest Man In The World,0,0,0
rich-man-am-i,Rich Man Am I,0,0,0
rich-man-s-spiritual,Rich Man's Spiritual,0,0,1
richmond,Richmond,1,6,6
richmond-blues,Richmond Blues,1,6,0
rickett-s-hornpipe,Rickett's Hornpipe,1,9,1
ride-away,Ride Away,0,1,6
ride-cowboy-ride,Ride Cowboy Ride,0,0,3
ride-cowboy-ride-1,Ride Cowboy Ride,0,0,3
ride-me-back-home,Ride Me Back Home,0,0,1
ride-old-buck-to-water,Ride Old Buck to Water,1,5,0
ride-ride-ride,Ride Ride Ride,0,1,6
rider-on-the-rim,Rider On The Rim,0,0,0
riding-down-the-canyon,Riding Down the Canyon,0,1,1
riding-my-thumb-to-mexico,Riding My Thumb to Mexico,0,0,0
riding-on-a-load-of-hay,Riding on a Load of Hay,0,0,0
riding-on-that-midnight-train,Riding On That Midnight Train,0,2,0
riding-the-range-for-jesus,Riding The Range For Jesus,0,0,0
riding-with-private-malone,Riding With Private Malone,0,0,1
ridin-the-rodeo,Ridin' The Rodeo,0,1,1
ridin-the-sunshine-special,Ridin' The Sunshine Special,0,0,1
right-about-now,Right About Now,0,0,6
right-after-the-dance,Right After The Dance,0,0,1
right-away,Right Away,0,0,7
right-back-at-your-door,Right Back At Your Door,0,0,0
right-back-in-your-arms-again,Right Back In Your Arms Again,0,0,0
right-back-missing-you-again,Right Back Missing You Again,0,0,0
right-before-my-eyes,Right Before My Eyes,0,3,4
right-from-the-start,Right From The Start,0,0,3
right-hand-man,Right Hand Man,0,0,2
right-in-the-palm-of-your-hand,Right In The Palm Of Your Hand,0,1,1
right-in-the-wrong-direction,Right In The Wrong Direction,0,0,2
right-on-the-money,Right On The Money,0,1,4
right-on-time,Right On Time,0,3,25
right-or-left-at-oak-street,Right or Left at Oak Street,0,0,0
right-or-wrong,Right or Wrong,0,2,25
right-or-wrong-lyrics-chords,Right or Wrong Lyrics Chords,0,0,0
right-out-of-a-clear-blue-sky,Right Out of A Clear Blue Sky,0,0,0
rights-of-man,Rights of Man,1,2,2
right-time-of-the-night,Right Time Of The Night,0,0,1
right-words,Right Words,0,0,2
riley-and-spencer,Riley And Spencer,1,3,0
ring-of-fire,Ring of Fire,1,7,17
ring-on-her-finger-time-on-her-hands,Ring On Her Finger Time On Her Hands,0,0,1
ring-on-your-finger,Ring On Your Finger,0,0,2
rings-for-sale,Rings For Sale,0,0,1
rings-of-gold,Rings Of Gold,0,0,1
ring-the-bell,Ring The Bell,0,1,4
rio-grande-waltz,Rio Grande Waltz,0,0,0
rip-it-up,Rip It Up,0,0,13
ripple,Ripple,1,7,21
rise-and-shine,Rise and Shine,0,4,38
rising-sun,Rising Sun,0,3,79
rita-ballou,Rita Ballou,0,1,1
river,River,0,5,253
river-boy,River Boy,0,0,1
river-in-the-rain,River In The Rain,0,1,1
river-of-death,River Of Death,1,11,2
river-of-jordan,River of Jordan,1,12,2
river-of-life,River Of Life,0,3,14
river-of-memory,River Of Memory,0,1,0
river-of-tears,River Of Tears,0,2,16
river-of-time,River Of Time,0,4,10
river-of-time-1,River Of Time,1,4,10
river-road,River Road,0,0,6
rivers-of-babylon,Rivers of Babylon,0,1,4
river-stay-away-from-my-door,River Stay Away From My Door,0,0,0
road-to-batoche,Road to Batoche,0,0,0
road-to-columbus,Road to Columbus,1,3,1
road-to-lisdoonvarna,Road to Lisdoonvarna,1,1,3
road-to-recovery,Road To Recovery,0,0,2
road-to-surrender,Road To Surrender,0,1,1
roamin-wyoming,Roamin' Wyoming,0,0,0
roane-county-prison,Roane County Prison,0,3,0
roanoke,Roanoke,1,27,3
roarin-again,Roarin' Again,0,0,0
roaring-river,Roaring River,1,2,1
robbie-s-song-for-jesus,Robbie's Song For Jesus,0,0,1
robe-of-calvary,Robe Of Calvary,0,0,1
robinson-county,Robinson County,1,2,0
rochester-schottische,Rochester Schottische,0,1,0
rock-about-my-saro-jane,Rock About My Saro Jane,1,0,0
rock-a-bye-baby-blues-and-chord,Rock-a-bye Baby Blues and chord,0,0,0
rock-a-bye-rock,Rock a Bye Rock,0,0,1
rock-and-a-soft-place,Rock And A Soft Place,0,0,0
rock-and-roll-hotel,Rock And Roll Hotel,0,0,2
rock-and-roll-ruby,Rock And Roll Ruby,0,0,1
rock-and-roll-time,Rock And Roll Time,0,0,1
rock-and-roll-to-rock-of-ages,Rock And Roll To Rock Of Ages,0,0,0
rock-and-rye-rag,Rock and Rye Rag,0,0,1
rock-around-the-clock,Rock Around The Clock,0,0,8
rock-around-with-ollie-vee,Rock Around With Ollie Vee,0,0,1
rock-hearts,Rock Hearts,1,9,1
rockin-bicycle,Rockin' Bicycle,0,0,1
rockin-chair-daddy,Rockin’ Chair Daddy,0,0,0
rocking-alone-in-an-old-rocking-chair,Rocking Alone in an Old Rocking Chair,0,2,0
rocking-around-the-christmas-tree,Rocking Around The Christmas Tree,0,1,0
rocking-chair-money,Rocking Chair Money,0,0,0
rocking-my-life-away,Rocking My Life Away,0,0,1
rocking-years,Rocking Years,0,0,0
rockin-in-the-arms-of-your-memory,Rockin' In The Arms Of Your Memory,0,0,0
rock-in-my-shoes,Rock In My Shoes,0,0,0
rock-island-line,Rock Island Line,0,3,5
rock-me-back-to-little-rock,Rock Me Back To Little Rock,0,0,1
rock-me-my-baby,Rock Me My Baby,0,0,1
rock-me-to-sleep,Rock Me To Sleep,0,4,8
rock-my-cradle,Rock My Cradle,0,0,0
rock-my-cradle-once-again,Rock My Cradle Once Again,0,0,0
rock-of-ages,Rock Of Ages,1,16,17
rock-of-ages-hide-thou-me,Rock Of Ages Hide Thou Me,1,0,1
rock-of-ages-keep-my-soul,Rock of Ages Keep My Soul,1,0,0
rock-salt-and-nails,Rock Salt And Nails,1,6,1
rocks-in-my-head,Rocks In My Head,0,0,2
rocky-island,Rocky Island,0,4,1
rocky-road-blues,Rocky Road Blues,1,19,1
rocky-road-to-dublin,Rocky Road to Dublin,1,5,1
rocky-top,Rocky Top,1,20,2
rocky-top-1,Rocky Top,1,20,2
rodeo,Rodeo,0,1,39
rodeo-and-juliet,Rodeo And Juliet,0,0,0
rodeo-blues,Rodeo Blues,0,0,0
rodeo-bum,Rodeo Bum,0,0,0
rodeo-clown,Rodeo Clown,0,0,5
rodeo-girls,Rodeo Girls,0,0,0
rodeo-or-mexico,Rodeo Or Mexico,0,0,1
rodeo-romeo,Rodeo Romeo,0,0,1
rodger-young,Rodger Young,0,1,1
roll-along-kentucky-moon,Roll Along Kentucky Moon,0,2,1
roll-along-kentucky-moon-1,Roll Along Kentucky Moon,0,2,1
roll-away,Roll Away,0,0,8
rollin-and-ramblin-the-death-of-hank-williams,Rollin' And Ramblin' (The Death Of Hank Williams),0,0,0
rollin-free,Rollin' Free,0,0,1
rolling-mills-of-middletown,Rolling Mills Of Middletown,0,1,1
rolling-with-the-flow,Rolling With The Flow,0,0,0
rollin-home,Rollin' Home,0,0,4
rollin-in-my-sweet-babys-arms,Rollin’ in My Sweet Baby’s Arms,1,29,0
rollin-lonely,Rollin' Lonely,0,0,1
roll-in-my-sweet-baby-s-arms,Roll In My Sweet Baby's Arms,1,34,2
rollin-with-the-punches,Rollin' With The Punches,0,0,1
roll-on-buddy,Roll on Buddy,1,36,2
roll-on-eighteen-wheeler,Roll On Eighteen Wheeler,0,0,0
roll-on-mississippi,Roll On Mississippi,0,0,1
roll-on-muddy-river,Roll On Muddy River,0,1,1
roll-tennessee-river,Roll Tennessee River,0,0,0
roly-poly-and-chord,Roly Poly and chord,0,0,0
romeo,Romeo,0,1,40
room-across-the-hall,Room Across The Hall,0,0,0
room-for-one-more-heartache,Room For One More Heartache,0,0,0
room-in-heaven-for-me,Room In Heaven For Me,1,0,1
room-in-your-heart,Room In Your Heart,0,0,3
room-over-mine,Room Over Mine,0,0,1
room-to-run,Room To Run,0,0,0
rootie-tootie,Rootie Tootie,0,0,1
root-of-all-evil,Root Of All Evil,0,0,7
roots-of-my-raising,Roots of my Raising,0,0,1
rosalee,Rosalee,0,3,6
rosa-lee-mcfall,Rosa Lee McFall,1,5,1
rosalie-s-good-eats-cafe,Rosalie's Good Eats Cafe,0,0,0
rosalita,Rosalita,0,1,6
rosa-rio,Rosa Rio,0,0,1
rose-colored-glasses,Rose Colored Glasses,0,2,4
rose-colored-glasses-1,Rose Colored Glasses,0,2,4
rose-garden,Rose Garden,0,4,14
rose-in-paradise,Rose in Paradise,0,2,1
rose-knows,Rose Knows,0,0,1
rose-marie,Rose Marie,0,0,8
rose-of-alabama,Rose of Alabama,0,1,1
rose-of-el-paso,Rose Of El Paso,0,0,2
rose-of-love,Rose Of Love,0,0,0
rose-of-my-heart,Rose of My Heart,0,2,3
rose-of-old-kentucky,Rose Of Old Kentucky,1,18,0
rose-of-old-pawnee-and-chord,Rose Of Old Pawnee and chord,0,0,0
rose-of-tennessee,Rose Of Tennessee,0,0,0
rose-of-tennessee-the,Rose of Tennessee (The),1,0,0
rose-on-gods-shore,Rose On God’s Shore,1,1,0
roses,Roses,0,3,82
roses-after-the-rain,Roses After The Rain,0,0,0
roses-and-love-songs,Roses And Love Songs,0,0,1
roses-are-red,Roses Are Red,0,0,4
roses-are-red-my-love,Roses Are Red My Love,0,0,0
roses-from-a-stranger,Roses From A Stranger,0,0,0
roses-in-the-snow,Roses In The Snow,1,2,2
roses-will-bloom-again,Roses Will Bloom Again,0,2,1
rosetta-and-chord,Rosetta and chord,0,0,0
rosie-cries-a-lot,Rosie Cries A Lot,0,0,1
rosie-do-you-wanna-talk-it-over,Rosie (Do You Wanna Talk It Over),0,0,0
rough-around-the-edges,Rough Around The Edges,0,1,3
rough-edges,Rough Edges,0,0,4
rough-on-the-living,Rough On The Living,0,0,1
round-about-way,Round About Way,0,0,1
round-and-round-the-bottle,Round And Round The Bottle,0,0,0
rounded-up-in-glory,Rounded Up In Glory,0,1,1
roundtown-girls,Roundtown Girls,0,0,0
roundup-in-glory,Roundup In Glory,0,0,0
roundup-time,Roundup Time,0,0,0
roustabout,Roustabout,1,11,3
roustabout-blue-lonesome,Roustabout,1,11,3
route-65-to-nashville-lyrics-and-chords,Route 65 To Nashville Lyrics and Chords,0,0,0
route-66,Route 66,0,1,8
rove-riley-rove,Rove Riley Rove,1,2,0
roving-gambler,Roving Gambler,1,16,2
roxanna-waltz,Roxanna Waltz,0,2,1
royal-princess-two-step,Royal Princess Two-Step,0,0,0
roy-orbison,Roy Orbison,0,0,2
rub-a-dub-dub,Rub a Dub Dub,0,0,3
rubber-dolly,Rubber Dolly,0,1,1
rubens-train,Ruben's Train,1,7,0
rub-it-in,Rub It In,0,1,4
ruby,Ruby,1,19,56
ruby-ann,Ruby Ann,0,1,2
ruby-are-you-mad,Ruby Are You Mad,1,6,1
ruby-don-t-take-your-love-to-town,Ruby Don't Take Your Love to Town,0,5,1
ruby-ridge,Ruby Ridge,1,4,0
rudolph-the-red-nosed-reindeer,Rudolph The Red Nosed Reindeer,0,9,5
rueben-james,Rueben James,0,0,1
ruination-line,Ruination Line,0,0,1
rum-and-rodeo,Rum And Rodeo,0,0,0
rum-is-the-reason,Rum is the Reason,0,0,0
rumor-has-it,Rumor Has It,0,0,3
run,Run,0,4,219
run-1,Run,0,4,219
run-along-blues,Run Along Blues,0,0,1
run-angel-run,Run Angel Run,0,0,3
run-away,Run Away,0,2,92
runaway-heart,Runaway Heart,0,1,2
run-away-little-tears,Run Away Little Tears,0,0,0
runaway-momma,Runaway Momma,0,0,0
runaway-train,Runaway Train,0,6,28
run-boy,Run Boy,0,0,3
run-em-off,Run ‘Em Off,0,0,1
run-for-the-border,Run For The Border,0,0,3
run-johnny-run,Run Johnny Run,0,2,2
runnin-behind,Runnin' Behind,0,0,0
runnin-down-a-dream,Runnin Down A Dream,1,0,1
running-bear,Running Bear,0,1,1
running-blind,Running Blind,0,0,7
running-gun,Running Gun,0,2,1
running-into-memories-of-you,Running Into Memories Of You,0,0,0
running-out-of-reasons,Running Out Of Reasons,0,0,2
running-out-of-reasons-to-run,Running Out Of Reasons To Run,0,0,1
running-out-of-ways-to-say-i-love-you,Running Out Of Ways To Say I Love You,0,0,0
running-scared,Running Scared,0,0,15
running-wild,Running Wild,0,3,24
run-rudolph-run,Run Rudolph Run,0,0,2
run-softly-blue-river,Run Softly Blue River,0,0,1
run-that-by-me-one-more-time,Run That By Me One More Time,0,1,2
run-that-by-me-one-more-time-1,Run That By Me One More Time,0,1,2
run-woman-run,Run Woman Run,0,0,1
russian-lullaby,Russian Lullaby,1,2,1
rustic-dance,Rustic Dance,0,1,2
rustin-down,Rustin' Down,0,0,1
rusty-guitar-strings,Rusty Guitar Strings,0,0,0
ruthless,Ruthless,0,0,19
rutland-s-reel,Rutland's Reel,1,4,1
rye-whiskey,Rye Whiskey,1,7,3
sack-full-of-stones,Sack Full Of Stones,0,0,0
sacred-memories,Sacred Memories,0,2,1
sad-and-lonesome-day,Sad And Lonesome Day,1,8,1
saddle-tramp,Saddle Tramp,0,2,4
sadie,Sadie,0,0,13
sadie-s-got-her-new-dress-on,Sadie's Got Her New Dress On,0,1,0
sadness-follows-me-home,Sadness Follows Me Home,0,0,0
sadness-in-a-song,Sadness In A Song,0,0,0
sad-prisoners-song,Sad Prisoner’s Song,1,0,0
sad-sad-music,Sad Sad Music,0,0,0
sad-singing-and-slow-riding,Sad Singing And Slow Riding,0,0,0
sad-situation,Sad Situation,0,0,3
sad-situation-2,Sad Situation,0,0,3
sad-songs-and-waltzes,Sad Songs And Waltzes,0,0,1
sad-story,Sad Story,0,0,7
sad-violins,Sad Violins,0,0,0
safe-in-the-arms-of-jesus,Safe In The Arms Of Jesus,0,0,0
safe-in-the-love-of-my-man,Safe In The Love Of My Man,0,0,0
safely-in-love-again,Safely In Love Again,0,0,0
saginaw-michigan,Saginaw Michigan,0,1,1
sail-away,Sail Away,0,4,71
sail-away-1,Sail Away,0,4,71
sail-away-2,Sail Away,0,4,71
sail-away-ladies,Sail away Ladies,1,26,3
sailing-home-for-christmas,Sailing Home For Christmas,0,0,0
sailing-toward-home,Sailing Toward Home,0,0,0
sailor-boy,Sailor Boy,0,0,5
sailor-on-the-deep-blue-sea,Sailor On The Deep Blue Sea,1,3,0
sailor-s-hornpipe,Sailor's Hornpipe,1,5,3
sailors-plea,Sailor’s Plea,0,2,2
sailor-your-home-is-the-sea,Sailor (Your Home Is The Sea),0,0,0
saint-regis-girl,Saint Regis Girl,1,0,0
saint-to-a-sinner,Saint To A Sinner,0,0,0
sally-ann,Sally Ann,1,39,6
sally-goodin,Sally Goodin,1,58,0
sally-jo,Sally Jo,1,5,1
sally-johnson,Sally Johnson,1,12,0
sally-let-your-bangs-hang-down,Sally Let Your Bangs Hang Down,0,2,1
sally-trash,Sally Trash,0,0,1
sally-was-a-good-old-girl,Sally Was A Good Old Girl,0,1,1
sals-got-a-meatskin,Sal’s Got A Meatskin,1,0,0
sal-s-got-a-sugar-lip,Sal's Got A Sugar Lip,0,0,1
salt-creek-1,Salt Creek,1,31,1
salt-river,Salt River,1,13,0
salty-dog,Salty Dog,1,19,7
salty-dog-blues,Salty Dog Blues,1,20,2
salute-to-a-switchblade,Salute To A Switchblade,0,0,1
salvation,Salvation,0,1,112
sam,Sam,0,1,30
same-fool,Same Fool,0,0,0
same-kinda-crazy-as-me,Same Kinda Crazy As Me,1,0,0
same-old-hurt,Same Old Hurt,0,0,0
same-old-love,Same Old Love,0,0,1
same-old-me,Same Old Me,0,1,3
same-old-me-1,Same Old Me,0,1,3
same-old-memories,Same Old Memories,0,0,0
same-old-song,Same Old Song,0,0,10
same-old-story,Same Old Story,0,0,25
same-old-story-1,Same Old Story,0,0,25
same-old-story-same-old-lie,Same Old Story Same Old Lie,0,0,0
sam-hill,Sam Hill,0,1,2
sam-magee,Sam Magee,0,0,1
sam-miller-s-square-dance,Sam Miller's Square Dance,0,0,0
samson,Samson,0,0,8
samson-and-delilah,Samson and Delilah,1,0,7
sam-s-place,Sam's Place,0,1,1
san-angelo,San Angelo,0,0,1
san-antonio-champagne,San Antonio Champagne,0,0,0
san-antonio-rose,San Antonio Rose,1,13,2
san-antonio-stroll,San Antonio Stroll,0,2,1
sand-in-my-shoes,Sand In My Shoes,0,0,2
sand-mountain-blues,Sand Mountain Blues,0,3,1
sands-of-gold,Sands of Gold,0,0,0
sandy-boys,Sandy Boys,1,5,1
san-francisco-is-a-lonely-town,San Francisco Is A Lonely Town,0,0,1
san-francisco-mabel-joy,San Francisco Mabel Joy,0,0,0
san-francisco-town,San Francisco Town,0,0,1
santa-and-my-semi,Santa and My Semi,0,0,1
santa-and-the-kids,Santa And The Kids,0,1,1
santa-bring-my-baby-back-to-me,Santa Bring My Baby Back To Me,0,0,0
santa-can-t-stay,Santa Can't Stay,0,0,1
santa-claus-and-popcorn,Santa Claus And Popcorn,0,0,1
santa-claus-is-back-in-town,Santa Claus Is Back In Town,0,1,1
santa-claus-is-coming-to-town,Santa Claus Is Coming to Town,1,9,7
santa-claus-i-still-believe-in-you,Santa Claus I Still Believe In You,0,0,0
santa-don-t-pass-me-by,Santa Don't Pass Me By,0,0,1
santa-fe,Santa Fe,0,2,18
santa-i-m-right-here,Santa I'm Right Here,0,0,1
santa-is-a-texas-cowboy,Santa Is A Texas Cowboy,0,0,0
santa-looks-a-lot-like-daddy-lyrics-with-chords,Santa Looks A Lot Like Daddy Lyrics with Chords,0,0,0
santa-s-coming-over-to-your-house,Santa's Coming Over to Your House,0,0,1
santa-s-flying-a-747-tonight,Santa's Flying A 747 Tonight,0,0,0
santa-s-gonna-come-in-a-pickup-truck,Santa's Gonna Come In A Pickup Truck,0,1,1
santa-s-gonna-come-in-a-stagecoach,Santa's Gonna Come In A Stagecoach,0,0,1
santa-s-on-his-way,Santa's On His Way,0,0,4
santa-s-on-his-way-1,Santa's On His Way,0,0,4
sante-fe-train,Sante Fe Train,1,0,0
sarah-s-eyes,Sarah's Eyes,0,0,1
satan-and-the-saint,Satan And The Saint,0,2,1
satan-cant-hold-me,Satan Can’t Hold Me,0,0,1
satan-s-gotta-get-along-without-me,Satan's Gotta Get Along Without Me,0,0,1
satans-jewel-crown,Satan’s Jewel Crown,1,3,0
satan-s-jeweled-crown,Satan's Jeweled Crown,1,5,1
satan-s-river,Satan's River,0,1,1
satin-sheets,Satin Sheets,0,1,3
satin-sheets-1,Satin Sheets,0,1,3
satisfaction-guaranteed,Satisfaction Guaranteed,0,0,8
satisfied,Satisfied,0,7,43
satisfied-1,Satisfied,1,7,43
satisfied-mind,Satisfied Mind,1,4,4
satisfied-mind-1,Satisfied Mind,1,4,4
satisfied-woman,Satisfied Woman,0,0,0
satisfy-me-and-ill-satisfy-you,Satisfy Me And I’ll Satisfy You,0,0,0
saturday-night,Saturday Night,0,6,90
saturday-satan-sunday-saint,Saturday Satan Sunday Saint,0,0,0
save-a-little-place-for-me,Save A Little Place For Me,0,1,0
save-it-save-it,Save It ! Save It !,1,3,0
save-the-last-dance-for-me,Save The Last Dance For Me,0,2,5
save-the-last-dance-for-me-1,Save The Last Dance For Me,0,2,5
saving-my-love-for-you,Saving My Love For You,0,0,2
savior-again-to-thy-dear-name-we-raise,Savior Again To Thy Dear Name We Raise,0,0,0
sawin-on-the-strings,Sawin’ on the Strings,0,2,0
sawmill,Sawmill,0,2,5
sawmill-depot,Sawmill Depot,0,0,0
say-darlin-say,Say Darlin Say,0,3,1
say-forever-you-ll-be-mine,Say Forever You'll Be Mine,0,1,1
say-hello,Say Hello,0,1,16
say-i-do,Say I Do,1,1,3
saying-hello-saying-i-love-you,Saying Hello Saying I love You,0,0,0
say-it-again,Say It Again,0,0,23
say-it-s-not-you,Say It's Not You,0,0,1
say-something-nice-to-sarah,Say Something Nice To Sarah,0,0,0
say-wont-you-be-mine,Say Won’t You Be Mine,1,7,0
say-you-lied,Say You Lied,0,1,1
say-you-ll-stay-until-tomorrow,Say You'll Stay Until Tomorrow,0,0,1
say-youll-take-me-back,Say You’ll Take Me Back,0,1,1
scarlet-begonias,Scarlet Begonias,1,2,1
scarlet-fever,Scarlet Fever,0,0,4
scarlet-purple-robe,Scarlet Purple Robe,0,1,0
scarlet-ribbons,Scarlet Ribbons,0,0,1
scarlet-wings,Scarlet Wings,0,0,1
scars,Scars,0,0,77
school-days,School Days,0,1,22
school-house-on-the-hill,School House On The Hill,0,0,0
scorn-of-a-lover,Scorn Of A Lover,0,1,0
scotch-and-soda,Scotch And Soda,0,1,1
scotland,Scotland,1,5,8
scotland-the-brave,Scotland the Brave,1,0,6
sea-breeze,Sea Breeze,0,2,12
sea-cruise,Sea Cruise,0,0,3
sea-dream,Sea Dream,0,0,1
seaman-s-blues,Seaman's Blues,0,0,1
sea-of-heartbreak,Sea Of Heartbreak,0,2,1
sea-of-regret,Sea Of Regret,1,3,2
searching,Searching,0,1,84
searching-for-another-you,Searching For Another You,0,0,1
searching-for-a-soldier-s-grave,Searching For A Soldier's Grave,0,3,1
searching-for-a-soldiers-grave,Searching for a Soldiers Grave,0,1,0
searching-for-the-morning-sun,Searching For The Morning Sun,0,0,1
search-through-the-ashes,Search Through The Ashes,0,0,0
seashores-of-old-mexico,Seashores Of Old Mexico,0,0,1
seasons-come-seasons-go,Seasons Come Seasons Go,0,0,0
seasons-of-my-heart,Seasons Of My Heart,0,2,1
seasons-of-my-heart-1,Seasons Of My Heart,0,2,1
seasons-of-the-heart,Seasons Of The Heart,0,0,3
seattle,Seattle,0,0,10
sebastopol-breakdown,Sebastopol Breakdown,0,0,0
second-best,Second Best,0,1,17
second-chances,Second Chances,0,1,27
second-choice,Second Choice,0,0,4
second-fiddle,Second Fiddle,0,2,2
second-fiddle-1,Second Fiddle,0,2,2
second-fiddle-to-an-old-guitar,Second Fiddle To An Old Guitar,0,0,0
second-fling,Second Fling,0,0,1
second-handed-flowers,Second Handed Flowers,0,0,1
second-hand-emotion,Second Hand Emotion,0,0,0
second-hand-love,Second Hand Love,0,0,3
second-hand-rose,Second Hand Rose,0,1,2
second-hand-rose-1,Second Hand Rose,0,1,2
second-honeymoon,Second Honeymoon,0,0,2
second-thoughts-lyrics-with-chords,Second Thoughts Lyrics with Chords,0,0,0
secret-love,Secret Love,0,2,28
secret-of-the-waterfall,Secret Of The Waterfall,0,2,1
secrets-of-my-heart,Secrets Of My Heart,0,0,0
seeds-my-daddy-sowed,Seeds My Daddy Sowed,1,1,0
see-gods-ark-amovin,See God’s Ark A’movin’,1,0,0
seeing-my-father-in-me,Seeing My Father In Me,0,0,0
seeing-nellie-home,Seeing Nellie Home,1,4,1
see-myself-in-you,See Myself In You,0,0,0
see-ruby-fall,See Ruby Fall,0,1,1
see-that-my-grave-is-kept-clean,See That My Grave Is Kept Clean,0,2,2
see-that-my-grave-is-kept-green,See That My Grave Is Kept Green,1,0,0
see-the-big-man-cry,See The Big Man Cry,0,1,0
see-you-around-on-your-way-down,See You Around On Your Way Down,0,0,0
seminole-winds,Seminole Winds,0,0,0
send-a-message-to-my-heart,Send A Message To My Heart,0,1,0
send-her-roses,Send Her Roses,0,0,1
send-me-a-red-rose,Send Me a Red Rose,0,0,1
send-me-back-my-love,Send Me Back My Love,0,0,0
send-me-down-to-tucson,Send Me Down To Tucson,0,0,0
send-me-no-roses,Send Me No Roses,0,0,1
send-me-no-roses-1,Send Me No Roses,0,0,1
send-me-some-lovin,Send Me Some Lovin',0,0,1
send-me-the-pillow-that-you-dream-on,Send Me the Pillow That You Dream On,0,4,1
send-me-to-glory-in-a-glad-bag,Send Me to Glory in a Glad Bag,0,0,0
send-me-your-address,Send Me Your Address,1,3,0
send-me-your-coffee-cup,Send Me Your Coffee Cup,0,0,0
send-my-body,Send My Body,0,0,1
send-my-love-to-me,Send My Love To Me,0,0,0
send-the-light,Send the Light,0,3,0
seneca-square-dance,Seneca Square Dance,1,1,1
senor,Señor,1,0,3
senorita-rosalita,Senorita Rosalita,0,0,0
senor-santa-claus,Senor Santa Claus,0,0,0
sensation,Sensation,0,0,26
senses,Senses,0,0,24
senses-1,Senses,0,0,24
sensitive-heart,Sensitive Heart,0,0,0
sentimental-journey,Sentimental Journey,0,2,7
sentimental-me,Sentimental Me,0,0,2
sentimental-ol-you,Sentimental ol' You,0,0,0
separate-ways,Separate Ways,0,0,25
september-in-the-rain,September In The Rain,0,0,1
set-em-up-joe,Set 'em Up Joe,0,0,2
set-me-free,Set Me Free,0,6,103
set-me-free-1,Set Me Free,0,6,103
set-me-free-2,Set Me Free,0,6,103
setting-the-woods-on-fire,Setting the Woods on Fire,0,0,0
settle-down,Settle Down,0,1,27
settlin-for-what-they-get,Settlin' For What They Get,0,0,0
seven-bridges-road,Seven Bridges Road,1,4,1
seven-come-eleven,Seven Come Eleven,0,1,2
seven-dreams,Seven Dreams,0,0,0
seven-hillsides,Seven Hillsides,0,0,0
seven-lonely-days,Seven Lonely Days,0,1,1
seven-spanish-angels,Seven Spanish Angels,0,1,1
seventeen-years,Seventeen Years,0,2,5
seven-years-blues,Seven Years Blues,1,0,0
seven-years-with-a-wonderful-woman,Seven Years With A Wonderful Woman,0,0,1
seven-years-with-the-wrong-woman,Seven Years With The Wrong Woman,0,0,0
shackles-and-chains,Shackles And Chains,1,12,1
shadows,Shadows,1,4,210
shadows-in-the-moonlight,Shadows In The Moonlight,0,0,2
shadows-of-her-mind,Shadows Of Her Mind,0,0,1
shadows-of-love,Shadows Of Love,0,0,6
shadows-of-the-old-bayou,Shadows Of The Old Bayou,0,0,0
shadows-on-the-wall,Shadows On The Wall,0,0,2
shadows-on-the-wall-1,Shadows On The Wall,0,0,2
shady-grove,Shady Grove,1,54,9
shady-grove-1,Shady Grove,1,54,9
shady-grove-2,Shady Grove,1,54,9
shady-rest,Shady Rest,0,0,2
shady-streets,Shady Streets,0,0,1
shahdaroba,Shahdaroba,0,0,1
shake-em-up-and-roll-em,Shake 'Em Up And Roll 'Em,0,0,0
shake-hands-with-mother-again,Shake Hands With Mother Again,1,7,0
shake-me-i-rattle,Shake Me I Rattle,0,0,0
shake-my-mothers-hand-for-me,Shake My Mother’s Hand For Me,1,5,1
shake-rattle-and-roll,Shake Rattle And Roll,0,2,2
shallow-water,Shallow Water,0,0,4
shall-we-gather-at-the-river,Shall We Gather at the River,1,8,3
sha-marie,Sha-Marie,0,0,1
shame,Shame,0,3,90
shame-on-me,Shame On Me,0,0,14
shame-on-me-1,Shame On Me,0,0,14
shame-on-the-rain,Shame On The Rain,0,0,1
shame-on-you-shame-on-me,Shame On You Shame On Me,0,0,1
shame-shame-on-you,Shame Shame on You,0,0,0
shame-shame-shame,Shame Shame Shame,0,0,11
shanghaied,Shanghaied,0,0,3
shantytown,Shantytown,0,1,1
sharecroppers-son,Sharecropper’s Son,1,8,0
share-your-love-with-me,Share Your Love With Me,0,0,1
she,She,0,3,108
she-1,She,0,3,108
she-2,She,0,3,108
she-3,She,1,3,108
she-ain-t-hooked-on-me,She Ain't Hooked On Me,0,0,0
she-ain-t-rose,She Ain't Rose,0,0,0
she-ain-t-your-ordinary-girl,She Ain't Your Ordinary Girl,0,0,1
she-always-gets-what-she-wants,She Always Gets What She Wants,0,0,0
she-always-talked-about-mexico,She Always Talked About Mexico,0,0,0
she-and-i,She And I,0,0,1
she-appeared-to-be-eighteen-or-nineteen-years-old,She Appeared To Be Eighteen Or Nineteen Years Old,1,0,0
she-beats-all-i-ve-ever-seen,She Beats All I've Ever Seen,0,0,0
she-believes-in-me,She Believes In Me,0,0,3
she-burnt-the-little-roadside-tavern-down,She Burnt The Little Roadside Tavern Down,0,0,1
she-called-me-baby,She Called Me Baby,0,0,1
she-came-here-for-the-change,She Came Here For The Change,0,0,0
she-can,She Can,0,0,1
she-can-put-her-shoes-under-my-bed,She Can Put Her Shoes Under My Bed,0,0,0
she-can-t-be,She Can't Be,0,0,0
she-can-t-give-it-away,She Can't Give It Away,0,0,0
she-can-t-say-that-anymore,She Can't Say That Anymore,0,0,1
she-cheats-on-me,She Cheats On Me,0,0,1
she-didn-t-color-daddy,She Didn't Color Daddy,0,0,1
she-didn-t-say-why,She Didn't Say Why,0,1,0
shed-me-no-tears,Shed Me No Tears,0,0,1
she-dont-cry-like-she-used-to,She Don’t Cry Like She Used To,0,0,0
she-don-t-know,She Don't Know,0,1,7
she-don-t-know-she-s-beautiful,She Don't Know She's Beautiful,0,0,0
she-don-t-know-that-she-s-perfect,She Don't Know That She's Perfect,0,0,1
she-don-t-love-me-all-the-time,She Don't Love Me All The Time,0,0,0
she-dreams,She Dreams,0,0,0
she-drew-a-broken-heart,She Drew A Broken Heart,0,1,0
she-fights-that-loving-feeling,She Fights That Loving Feeling,0,0,0
she-finally-crossed-over-love-s-cheating-line,She Finally Crossed Over Love's Cheating Line,0,0,0
she-found-the-key-song,She Found The Key Song,0,0,0
she-gave-her-heart-to-jethro,She Gave Her Heart To Jethro,0,0,1
she-goes-walking-through-my-mind,She Goes Walking Through My Mind,0,0,0
she-has-forgotten,She Has Forgotten,1,1,1
she-has-no-memory-of-me,She Has No Memory Of Me,0,0,0
she-just-started-liking-cheating-songs,She Just Started Liking Cheating Songs,0,0,0
she-just-tears-me-up,She Just Tears Me Up,0,0,0
she-just-wrote-me-from-atlanta,She Just Wrote Me From Atlanta,0,0,0
she-keeps-the-home-fires-burning,She Keeps the Home Fires Burning,0,0,0
she-knows-what-she-s-crying-about,She Knows What She's Crying About,0,0,1
she-knows-when-you-re-on-my-mind,She Knows When You're On My Mind,0,0,0
she-knows-why,She Knows Why,0,0,2
she-lays-it-all-on-the-line,She Lays It All On The Line,0,0,1
shelburne-rotary-breakdown,Shelburne Rotary Breakdown,0,0,0
shelby-rock,Shelby Rock,0,1,0
she-left-me-standing-on-the-mountain,She Left Me Standing On The Mountain,1,6,1
she-likes-it-too,She Likes It Too,0,1,0
shell-be-coming-round-the-mountain,She’ll be Coming ‘Round the Mountain,1,1,4
she-ll-be-comin-round-the-mountain,She'll Be Comin' Round The Mountain,0,2,0
she-ll-be-hanging-around-somewhere,She'll Be Hanging Around Somewhere,0,0,0
she-ll-have-to-go,She'll Have To Go,0,0,2
she-ll-keep-bringin-all-her-love-to-me,She'll Keep Bringin' All Her Love to Me,0,0,0
she-ll-leave-you-with-a-smile,She'll Leave You With A Smile,0,0,2
she-ll-never-know,She'll Never Know,0,0,2
she-ll-still-be-gone,She'll Still Be Gone,0,0,0
she-ll-unwine-me,She'll Unwine Me,0,0,0
she-ll-walk-all-over-you,She'll Walk All Over You,0,0,0
shelly,Shelly,0,0,5
shelly-s-winter-love,Shelly's Winter Love,0,3,1
she-loved-a-lot-in-her-time,She Loved A Lot In Her Time,0,0,1
she-loved-the-devil-out-of-me,She Loved The Devil Out Of Me,0,0,0
she-loves-me-right-out-of-my-mind,She Loves Me Right Out Of My Mind,0,0,0
she-loves-me-she-don-t-love-you,She Loves Me She Don't Love You,0,0,0
she-loves-me-the-way-that-i-love-you,She Loves Me The Way That I Love You,0,0,0
she-loves-my-troubles-away,She Loves My Troubles Away,0,0,0
sheltered-in-the-arms-of-god,Sheltered in the Arms of God,0,1,1
shelter-from-the-storm,Shelter From The Storm,0,2,9
shelter-of-your-arms,Shelter Of Your Arms,0,0,3
shelter-of-your-eyes,Shelter Of Your Eyes,0,2,1
she-makes-my-roses-grow,She Makes My Roses Grow,0,0,0
she-means-nothing-to-me-now,She Means Nothing To Me Now,0,0,1
shenandoah,Shenandoah,1,13,23
shenandoah-breakdown,Shenandoah Breakdown,1,12,1
shenandoah-waltz,Shenandoah Waltz,1,9,1
she-needs-me,She Needs Me,0,0,4
she-needs-me-1,She Needs Me,0,0,4
she-needs-someone-to-hold-her,She Needs Someone To Hold Her,0,0,0
she-never-got-me-over-you,She Never Got Me Over You,1,0,0
she-never-knew-me,She Never Knew Me,0,1,1
she-never-said-goodbye,She Never Said Goodbye,0,0,0
she-never-stopped-loving-him,She Never Stopped Loving Him,0,1,0
she-once-lived-here,She Once Lived Here,0,1,1
shepherd-of-love,Shepherd Of Love,0,0,0
shepherd-of-my-heart,Shepherd Of My Heart,0,0,1
she-reminded-me-of-you,She Reminded Me Of You,0,0,0
she-s-21,She's 21,0,0,0
she-s-acting-single,She's Acting Single,0,0,0
she-s-a-go-er,She's A Go-er,0,0,1
she-said-i-love-you-i-just-dont-like-you-anymore,She Said I Love You I Just Don’t Like You Anymore,0,0,0
she-s-a-lady-at-home,She's A Lady At Home,0,0,0
she-s-a-lady-down-on-love,She's A Lady Down On Love,0,0,0
she-s-a-little-bit-country,She's A Little Bit Country,0,2,1
she-s-all-i-got,She's All I Got,0,0,1
she-s-all-i-live-for,She's All I Live For,0,0,0
she-s-already-gone,She's Already Gone,0,0,1
she-s-always-in-love,She's Always In Love,0,0,0
she-s-always-right,She's Always Right,0,0,0
she-s-always-there,She's Always There,0,0,1
she-s-an-angel,She's An Angel,0,0,3
she-sang-amazing-grace,She Sang Amazing Grace,0,0,0
shes-a-railroad-lady,She’s A Railroad Lady,1,0,0
she-s-as-close-as-i-can-get-to-loving-you,She's As Close As I Can Get To Loving You,0,0,1
she-s-as-good-as-gone,She's As Good As Gone,0,0,1
she-s-a-yum-yum,She's A Yum Yum,0,0,1
she-s-been-doing-that-for-years,She's Been Doing That For Years,0,0,0
she-s-better-than-most,She's Better Than Most,0,0,0
she-s-close-enough-to-perfect-for-me,She's Close Enough To Perfect For Me,0,0,0
she-s-comin-home,She's Comin' Home,0,0,1
she-s-everything-to-me,She's Everything To Me,0,0,1
she-s-every-woman,She's Every Woman,0,0,1
she-s-feeling-like-a-new-man-tonight,She's Feeling Like A New Man Tonight,0,0,0
she-s-gone-gone-gone,She's Gone Gone Gone,0,1,1
she-s-gonna-make-it,She's Gonna Make It,0,0,1
she-s-gonna-win-your-heart,She's Gonna Win Your Heart,0,0,1
she-s-got-a-man-on-her-mind,She's Got A Man On Her Mind,0,0,0
she-s-got-a-single-thing-in-mind,She's Got A Single Thing In Mind,0,0,0
she-s-got-that-oklahoma-look,She's Got That Oklahoma Look,0,0,0
she-s-got-the-rhythm-and-i-got-the-blues,She's Got The Rhythm (And I Got The Blues),0,1,1
she-s-got-to-be-a-saint,She's Got To Be A Saint,0,0,1
she-s-got-you,She's Got You,0,3,2
she-s-in-love-with-a-rodeo-man,She's In Love With A Rodeo Man,0,0,1
shes-just-a-cute-thing,She’s Just A Cute Thing,1,5,1
she-s-just-a-whole-lot-like-you,She's Just a Whole Lot Like You,0,0,1
she-s-killing-me,She's Killing Me,0,0,0
she-s-leavin,She's Leavin',0,0,0
shes-leaving,She’s Leaving,0,0,4
she-s-leavin-looking-good,She's Leavin' Looking Good,0,0,0
shes-left-me-again,She’s Left Me Again,1,6,1
she-s-lookin-better-by-the-minute,She's Lookin' Better By The Minute,0,0,0
she-s-looking-good,She's Looking Good,0,2,4
she-s-lyin,She's Lyin',0,0,0
she-s-mine,She's Mine,0,1,19
shes-mine,She’s Mine,0,1,19
shes-more-to-be-pitied,She’s More To Be Pitied,1,7,1
she-s-my-angel,She's My Angel,0,1,0
shes-my-curly-headed-baby,She’s My Curly Headed Baby,1,1,0
she-s-my-ever-loving-machine,She's My Ever Loving Machine,0,0,0
shes-my-mother,She’s My Mother,0,0,1
shes-my-rock,She’s My Rock,0,0,2
she-s-no-angel,She's No Angel,1,9,4
shes-no-angel,She’s No Angel,1,9,4
she-s-no-honky-tonk-angel,She's No Honky-Tonk Angel,0,0,0
she-s-no-lady,She's No Lady,0,1,1
she-s-not-crying-anymore,She's Not Crying Anymore,0,0,0
she-s-not-forgotten-yet,She's Not Forgotten Yet,0,0,0
she-s-not-for-you,She's Not For You,0,0,3
she-s-not-just-another-pretty-face,She's Not Just Another Pretty Face,0,0,0
shes-not-really-cheating,She’s Not Really Cheating,0,0,0
she-s-not-you,She's Not You,0,0,4
she-s-not-your-baby-anymore,She's Not Your Baby Anymore,0,0,0
she-s-not-yours-anymore,She's Not Yours Anymore,0,0,0
she-s-playing-hard-to-forget,She's Playing Hard To Forget,0,0,0
she-s-playing-hell-trying-to-get-me-to-heaven,She's Playing Hell (Trying To Get Me To Heaven),0,0,0
she-s-pulling-me-back-again,She's Pulling Me Back Again,0,0,0
she-s-reaching-for-my-mind,She's Reaching For My Mind,0,0,0
she-s-single-again,She's Single Again,0,0,1
she-s-takin-him-back-again,She's Takin' Him Back Again,0,0,0
she-stays,She Stays,0,0,0
she-stays-in-the-name-of-love,She Stays In The Name Of Love,0,0,0
she-s-that-kind,She's That Kind,0,0,1
she-still-burns,She Still Burns,0,0,0
she-still-comes-around,She Still Comes Around,0,0,0
she-still-remembers-jesus-name,She Still Remembers Jesus' Name,0,0,0
she-stood-by-me,She Stood By Me,0,0,0
she-s-too-good-to-be-true,She's Too Good to be True,0,0,1
she-s-too-pretty-to-cry,She's Too Pretty To Cry,0,0,0
she-sure-got-away-with-my-heart,She Sure Got Away With My Heart,0,0,2
she-sure-makes-leaving-look-easy,She Sure Makes Leaving Look Easy,0,0,0
she-s-walking-through-my-memory,She's Walking Through My Memory,0,0,1
she-talked-a-lot-about-texas,She Talked A Lot About Texas,0,0,0
she-thinks-i-still-care,She Thinks I Still Care,0,3,2
she-told-me-so,She Told Me So,0,0,3
she-told-me-so-1,She Told Me So,0,0,3
she-took-it-like-a-man,She Took It Like A Man,0,0,0
she-took-more-than-her-share,She Took More Than Her Share,0,0,0
she-took-the-wind-from-his-sails,She Took The Wind From His Sails,0,0,0
she-understands-me,She Understands Me,0,0,1
she-used-to-say-that-to-me,She Used To Say That To Me,0,1,0
she-wakes-me-every-morning-with-a-kiss,She Wakes Me Every Morning With A Kiss,0,0,0
she-was-here,She Was Here,0,0,1
she-was-made-after-man,She Was Made After Man,0,0,0
she-was-only-seventeen-he-was-one-year-more,She Was Only Seventeen (He Was One Year More),0,0,1
she-was-young-and-she-was-pretty,She Was Young And She Was Pretty,0,0,1
she-went-a-little-bit-farther,She Went a Little Bit Farther,0,0,1
she-will-get-lonesome,She Will Get Lonesome,0,1,1
she-won-t-have-a-thing-to-do-with-nobody-but-me,She Won't Have A Thing To Do With Nobody But Me,0,0,0
shield-of-faith,Shield Of Faith,0,2,2
shindig-in-the-barn,Shindig In The Barn,0,0,1
shine-from-the-mountain,Shine From The Mountain,0,0,0
shine-on,Shine On,0,3,58
shine-on-ruby-mountain,Shine On Ruby Mountain,0,0,1
shine-shave-shower-it-s-saturday-night,Shine Shave Shower It's Saturday Night,0,0,0
shine-shine-shine,Shine Shine Shine,0,1,3
shining-silver-gleaming-gold,Shining Silver Gleaming Gold,0,0,0
shiny-red-automobile,Shiny Red Automobile,0,0,0
ship-in-the-bottle,Ship In The Bottle,0,0,0
ships,Ships,0,2,20
shoes,Shoes,0,0,17
shoeshine-man,Shoeshine Man,0,1,0
shoes-of-a-fool,Shoes Of A Fool,0,0,0
shooting-creek,Shooting Creek,1,0,0
shooting-creek-1,Shooting Creek,0,0,0
shoot-low-sheriff,Shoot Low Sheriff,0,0,0
shopping-around,Shopping Around,0,0,1
shopping-for-dresses,Shopping For Dresses,0,0,1
short-life-of-trouble,Short Life Of Trouble,1,21,1
short-sweet-ride,Short Sweet Ride,0,1,1
shot-full-of-love,Shot Full Of Love,0,1,1
shotgun-boogie,Shotgun Boogie,0,0,2
shotgun-boogie-1,Shotgun Boogie,0,0,2
shotgun-willie,Shotgun Willie,0,0,1
shoulder-to-shoulder,Shoulder To Shoulder,0,1,8
should-i,Should I,0,0,5
should-i-come-back-home-to-you,Should I Come Back Home to You,0,0,0
should-i-come-home-or-should-i-go-crazy,Should I Come Home (or Should I Go Crazy),0,0,1
should-i-do-it,Should I Do It,0,0,1
shouldn-t-it-be-easier-than-this,Shouldn't It Be Easier Than This,0,0,1
should-ve-asked-her-faster,Should've Asked Her Faster,0,0,0
should-we-tell-him,Should We Tell Him,0,0,2
shouting-on-the-hills-of-glory,Shouting On The Hills Of Glory,1,5,1
shout-to-the-lord,Shout To The Lord,0,0,6
showing-his-dollar,Showing His Dollar,0,0,0
show-me,Show Me,0,1,74
show-me-a-brick-wall,Show Me A Brick Wall,0,0,0
show-me-the-way-back-to-your-heart,Show Me The Way Back To Your Heart,0,0,1
show-me-thy-way-o-lord,Show Me Thy Way O Lord,0,0,0
show-me-your-way,Show Me Your Way,0,0,0
shuckin-the-corn,Shuckin' the Corn,1,16,1
shuffle-back-to-me,Shuffle Back To Me,0,0,0
shuffle-reel-the,Shuffle Reel (The),0,0,0
shutters-and-boards,Shutters And Boards,0,0,1
shutting-out-the-light,Shutting Out The Light,0,0,1
shut-up-in-the-mines-at-coal-creek,Shut Up In The Mines At Coal Creek,1,0,0
sick-and-tired,Sick And Tired,0,0,11
sick-sober-and-sorry,Sick Sober And Sorry,0,0,2
side-by-side,Side By Side,0,1,43
side-by-side-1,Side by Side,0,1,43
side-of-the-road,Side Of The Road,1,6,9
sierra-sue,Sierra Sue,0,0,1
sierra-swing,Sierra Swing,0,0,0
sigh-cry-almost-die,Sigh Cry Almost Die,0,0,1
signed-sealed-and-delivered,Signed Sealed and Delivered,0,1,1
signed-sealed-then-forgotten,Signed Sealed Then Forgotten,0,0,0
silence,Silence,0,1,233
silence-1,Silence,0,1,233
silence-in-the-wind,Silence In The Wind,0,0,0
silence-is-golden,Silence Is Golden,0,1,7
silence-says-it-all,Silence Says It All,0,0,0
silent-night,Silent Night,1,35,100
silent-night-after-the-fight,Silent Night After The Fight,0,0,0
silent-partner,Silent Partner,0,0,6
silent-treatment,Silent Treatment,0,0,10
silver-and-gold,Silver and Gold,0,3,20
silver-bells,Silver Bells,0,22,4
silver-bells-schottische,Silver Bells Schottische,1,0,0
silver-dagger,Silver Dagger,1,5,10
silver-eagle,Silver Eagle,0,2,5
silver-ghost,Silver Ghost,1,1,2
silver-haired-daddy-of-mine,Silver Haired Daddy Of Mine,1,9,0
silver-medals-and-sweet-memories,Silver Medals And Sweet Memories,0,0,0
silver-sandals,Silver Sandals,0,1,1
silver-spurs-upon-the-golden-stairs,Silver Spurs Upon The Golden Stairs,0,0,0
silverthorn-mountain,Silverthorn Mountain,0,1,1
silver-threads-among-the-gold,Silver Threads Among The Gold,1,7,3
silver-threads-and-golden-needles,Silver Threads and Golden Needles,1,4,1
silver-tongue-cowboy,Silver Tongue Cowboy,0,0,0
silver-wings,Silver Wings,0,2,11
silver-wings-of-time,Silver Wings of Time,0,0,0
simple-gifts,Simple Gifts,1,6,12
simple-life,Simple Life,0,3,40
simple-simon-simple-heart,Simple Simon Simple Heart,0,0,1
simple-song-of-freedom,Simple Song Of Freedom,0,0,1
simply-divine,Simply Divine,0,0,1
sin-and-silver,Sin And Silver,0,0,0
since-i-ve-used-my-bible-for-a-road-map,Since I've Used My Bible For A Road Map,0,0,0
since-jesus-came-into-my-heart,Since Jesus Came Into My Heart,0,0,1
since-my-sweet-love-aint-around,Since My Sweet Love Ain’t Around,1,0,0
since-the-day-you-went-away,Since The Day You Went Away,1,1,0
since-you-broke-my-heart,Since You Broke My Heart,0,0,1
sin-city,Sin City,1,3,29
sin-city-1,Sin City,1,3,29
sin-died-here,Sin Died Here,0,0,0
sing-a-happy-song,Sing A Happy Song,0,0,2
sing-along,Sing Along,0,1,20
sing-a-sad-song,Sing A Sad Song,0,1,1
sing-a-traveling-song,Sing A Traveling Song,0,0,1
singer-of-sad-songs,Singer Of Sad Songs,0,0,2
sing-her-a-love-song,Sing Her A Love Song,0,0,0
sing-her-home-to-me-george-jones,Sing Her Home To Me George Jones,0,0,0
singing-all-day-and-dinner-on-the-ground,Singing All Day And Dinner On The Ground,1,2,1
singing-hills,Singing Hills,0,0,2
singing-his-praise,Singing His Praise,0,0,0
singing-in-the-kitchen,Singing In The Kitchen,0,0,0
singing-my-song,Singing My Song,0,0,2
singing-shouting-praises,Singing Shouting Praises,0,1,0
singing-the-blues,Singing the Blues,0,2,3
singing-tree,Singing Tree,0,0,1
singing-waterfall,Singing Waterfall,0,2,1
sing-it-pretty-sue,Sing it Pretty Sue,0,0,1
single-girl,Single Girl,1,9,4
sing-me-a-love-song-to-baby,Sing Me A Love Song To Baby,0,0,0
sing-me-an-old-fashioned-song,Sing Me An Old Fashioned Song,0,0,1
sing-me-a-song,Sing Me a Song,0,1,9
sing-me-a-song-about-jesus,Sing Me A Song About Jesus,1,0,0
sing-me-back-home,Sing Me Back Home,1,6,1
sing-me-something-sentimental,Sing Me Something Sentimental,0,0,1
sing-my-blues-a-birthday-song,Sing My Blues A Birthday Song,0,0,0
sing-sing-sing,Sing Sing Sing,1,5,5
sing-song-kitty,Sing Song Kitty,0,1,0
sing-that-kind-of-song,Sing That Kind Of Song,0,0,1
sinking-in-the-lonesome-sea,Sinking In The Lonesome Sea,1,0,1
sink-the-bismarck,Sink the Bismarck,0,0,1
sinner-man,Sinner Man,1,5,2
sinners-or-saints,Sinners or Saints,0,0,0
sin-will-be-the-chaser-for-the-wine,Sin Will Be The Chaser For The Wine,0,0,0
sioux-city-sue,Sioux City Sue,1,0,1
sister-sinead,Sister Sinead,0,0,1
sit-down-with-the-lord-and-pray,Sit Down With The Lord And Pray,1,1,0
sittin-back-lovin-you,Sittin' Back Lovin' You,0,0,0
sitting-alone-at-a-table-for-two,Sitting Alone At A Table For Two,0,0,0
sitting-alone-in-the-moonlight,Sitting Alone In The Moonlight,1,8,2
sitting-and-thinking,Sitting And Thinking,0,0,0
sitting-on-the-dock-of-the-bay,Sitting On The Dock Of The Bay,0,0,0
sitting-on-top-of-the-world,Sitting On Top Of The World,1,33,7
sittin-in-an-all-night-cafe,Sittin' In An All Night Cafe,0,0,0
sittin-in-an-all-nite-cafe,Sittin' In An All Nite Cafe,0,0,1
sittin-in-the-balcony,Sittin' In The Balcony,0,0,2
sittin-on-top-of-the-world,Sittin' On Top Of The World,1,32,5
sittin-on-top-of-the-world-1,Sittin' on Top of the World,1,32,5
six-days-on-the-road,Six Days on the Road,1,6,1
six-feet-of-earth-makes-us-all-of-one-size,Six Feet of Earth Makes Us All of One Size,0,2,0
six-feet-under-the-ground,Six Feet Under The Ground,1,5,1
six-more-miles,Six More Miles,1,6,0
six-more-miles-love,Six More Miles Love,1,0,0
six-pack-to-go,Six Pack To Go,0,1,1
six-strings-away,Six Strings Away,0,0,1
sixteen-candles,Sixteen Candles,0,0,0
sixteen-tons,Sixteen Tons,1,8,4
sixteen-years,Sixteen Years,0,3,7
six-thousand-miles-of-wire,Six Thousand Miles Of Wire,0,0,0
sixty-minute-man,Sixty Minute Man,0,0,2
six-white-horses,Six White Horses,0,12,4
size-seven-round,Size Seven Round,0,0,0
skip-a-rope,Skip a Rope,0,0,1
skippin-in-the-mississippi-dew,Skippin' in the Mississippi Dew,1,4,1
skip-to-my-lou,Skip to My Lou,1,3,6
skunk-in-the-collard-patch,Skunk in the Collard Patch,0,0,0
sky-full-of-angels,Sky Full Of Angels,0,0,1
sleep,Sleep,0,0,145
sleep-baby-sleep,Sleep Baby Sleep,0,2,8
sleeping-at-the-foot-of-the-bed,Sleeping At The Foot Of The Bed,0,0,0
sleeping-single-in-a-double-bed,Sleeping Single In A Double Bed,0,0,0
sleepin-with-the-radio-on,Sleepin' With The Radio On,0,0,1
sleep-little-moses,Sleep Little Moses,0,0,0
sleep-with-one-eye-open,Sleep With One Eye Open,1,13,2
sleepy-eyed-john,Sleepy Eyed John,1,7,2
slide-off-your-satin-sheets,Slide Off Your Satin Sheets,0,0,1
slightly-used,Slightly Used,0,0,1
slightly-used-woman,Slightly Used Woman,0,0,1
slip-away,Slip Away,0,1,36
slippin-and-slidin,Slippin' And Slidin',0,0,6
slippin-around,Slippin' Around,0,0,2
slippin-away,Slippin' Away,0,1,13
slipping-away,Slipping Away,0,0,27
slow-as-christmas,Slow As Christmas,0,0,0
slow-burning-memory,Slow Burning Memory,0,0,0
slow-dance-more,Slow Dance More,0,0,1
slow-down,Slow Down,0,2,139
slow-down-brother,Slow Down Brother,0,0,0
slow-hand,Slow Hand,0,0,1
slowly-but-surely,Slowly But Surely,0,1,9
slowly-i-m-falling,Slowly I'm Falling,0,0,0
slowly-passin-time,Slowly Passin' Time,0,0,0
slow-moving-outlaw,Slow Moving Outlaw,0,0,0
slow-poke,Slow Poke,0,0,4
slow-rolling-low,Slow Rolling Low,0,0,0
small-steps,Small Steps,0,0,5
small-time-laboring-man,Small Time Laboring Man,0,0,1
small-town-saturday-night,Small Town Saturday Night,0,0,1
small-town-southern-man,Small Town Southern Man,0,1,1
small-two-bedroom-starter,Small Two Bedroom Starter,0,0,1
small-y-all,Small Y'all,0,0,1
smell-the-flowers,Smell The Flowers,0,0,2
smile-at-me-again,Smile At Me Again,0,0,1
smiling-in-the-morning,Smiling In The Morning,0,0,0
smoke-along-the-track,Smoke Along the Track,0,3,1
smoke-filled-bar,Smoke Filled Bar,0,0,0
smoke-on-the-water,Smoke On The Water,0,0,2
smoke-smoke-smoke-that-cigarette-lyrics-chords,Smoke Smoke Smoke That Cigarette Lyrics Chords,0,0,0
smokey-blue-eyes,Smokey Blue Eyes,0,0,0
smokey-joes-barbeque,Smokey Joe’s Barbeque,0,0,0
smokey-mountain-boy,Smokey Mountain Boy,0,0,1
smokey-mountain-memories,Smokey Mountain Memories,0,5,1
smokey-on-your-front-door,Smokey On Your Front Door,0,0,1
smokey-places,Smokey Places,0,0,1
smokey-put-the-sweat-on-me,Smokey Put The Sweat On Me,0,0,1
smokey-the-bar,Smokey The Bar,0,0,0
smokin-the-hive,Smokin’ The Hive,0,0,0
smoky-mountain-christmas,Smoky Mountain Christmas,0,1,0
smoky-mountain-rain,Smoky Mountain Rain,0,1,0
smooth-sailin,Smooth Sailin',0,0,1
smooth-talking-baby,Smooth Talking Baby,0,0,1
smorgasbord,Smorgasbord,0,0,1
snapping-jig,Snapping Jig,0,0,0
snap-your-fingers,Snap Your Fingers,0,0,3
sneakin-around,Sneakin' Around,0,1,7
sneaking-out-the-backdoor,Sneaking Out The Backdoor,0,0,0
sneaky-snake,Sneaky Snake,0,0,3
snowbird,Snowbird,0,4,3
snow-covered-mound,Snow Covered Mound,0,2,0
snow-deer,Snow Deer,1,8,0
snowflake,Snowflake,0,0,22
snowing-on-raton,Snowing On Raton,0,0,0
snow-in-his-hair,Snow In His Hair,0,0,1
snowshoe-thompson,Snowshoe Thompson,0,0,0
snow-white-grave,Snow White Grave,0,1,0
so-afraid,So Afraid,0,0,4
social-obligations,Social Obligations,0,0,0
so-doggone-lonesome,So Doggone Lonesome,0,0,1
so-easy-to-begin,So Easy To Begin,0,0,1
so-easy-to-forgive-her,So Easy To Forgive Her,0,0,0
so-far,So Far,0,1,31
so-far-so-good,So Far So Good,0,0,24
so-fine,So Fine,0,1,18
soft-and-warm,Soft And Warm,0,0,1
soft-as-a-rose,Soft As A Rose,0,0,0
soft-lights-and-hard-country-music,Soft Lights And Hard Country Music,0,0,0
soft-lips,Soft Lips,0,0,2
soft-lips-and-hard-liquor,Soft Lips And Hard Liquor,0,0,0
softly,Softly,0,0,25
softly-and-tenderly,Softly And Tenderly,1,9,5
softly-and-tenderly-1,Softly And Tenderly,1,9,5
soft-place-in-my-heart,Soft Place in My Heart,0,0,1
soft-rain,Soft Rain,0,0,5
soft-sweet-and-warm,Soft Sweet and Warm,0,0,0
soft-sweet-warm-wonderful-you,Soft Sweet Warm Wonderful You,0,0,0
so-glad-you-re-mine,So Glad You're Mine,0,0,1
so-good-to-be-in-love,So Good To Be In Love,0,1,1
so-good-woman,So Good Woman,0,0,1
so-happy-i-ll-be,So Happy I'll Be,1,9,1
so-how-come-no-one-loves-me,So How Come No One Loves Me,0,0,0
soldier-s-joy,Soldier's Joy,1,51,1
soldier-s-joy-1,Soldier's Joy,1,51,1
soldier-s-last-letter,Soldier's Last Letter,1,6,1
so-let-s-rock,So Let's Rock,0,0,1
solid-ground,Solid Ground,0,1,29
so-lonesome,So Lonesome,0,1,1
so-long,So Long,0,4,124
so-long-1,So Long,0,4,124
some-blue-moons-ago,Some Blue Moons Ago,0,2,0
somebody,Somebody,0,2,69
somebody-almost-loved-me,Somebody Almost Loved Me,0,0,0
somebody-always-paints-the-wall,Somebody Always Paints The Wall,0,0,1
somebody-bigger-than-you-and-i,Somebody Bigger Than You And I,0,0,2
somebody-called-l-a,Somebody Called L.A.,0,0,0
somebody-done-somebody-wrong,Somebody Done Somebody Wrong,0,0,0
somebody-else-is-taking-my-place,Somebody Else Is Taking My Place,0,0,1
somebody-else-s-heartache,Somebody Else's Heartache,0,0,1
somebody-else-you-ve-known,Somebody Else You've Known,0,0,0
somebody-hold-me,Somebody Hold Me,0,0,0
somebody-lied,Somebody Lied,0,0,1
somebody-lied-1,Somebody Lied,0,0,1
somebody-like-me,Somebody Like Me,0,0,6
somebody-loves-me,Somebody Loves Me,0,2,7
somebody-loves-you,Somebody Loves You,0,15,10
somebody-loves-you-1,Somebody Loves You,0,15,10
somebody-loves-you-darling,Somebody Loves You Darling,1,9,0
somebody-nobody-knows,Somebody Nobody Knows,0,0,2
somebody-robbed-my-beehive,Somebody Robbed My Beehive,0,0,0
somebody-s-always-leaving,Somebody's Always Leaving,0,0,0
somebody-s-always-saying-goodbye,Somebody's Always Saying Goodbye,0,0,1
somebody-save-me,Somebody Save Me,0,0,3
somebody-s-back-in-town,Somebody's Back in Town,0,1,1
somebodys-been-beating-my-time,Somebody’s Been Beating My Time,0,0,0
somebody-s-doin-me-right,Somebody's Doin' Me Right,0,0,0
somebody-s-gonna-do-it-tonight,Somebody's Gonna Do It Tonight,0,0,1
somebody-s-gonna-lose,Somebody's Gonna Lose,0,0,0
somebody-s-gonna-love-you,Somebody's Gonna Love You,0,0,1
somebody-should-leave,Somebody Should Leave,0,0,1
somebody-s-knocking,Somebody's Knocking,0,0,0
somebody-somewhere,Somebody Somewhere,0,0,10
somebody-s-praying,Somebody's Praying,0,0,0
somebody-s-rocking-my-broken-heart,Somebody's Rocking My Broken Heart,0,0,0
somebody-s-stealing-my-songs,Somebody's Stealing My Songs,0,0,0
somebody-s-stolen-my-honey,Somebody's Stolen My Honey,0,0,0
somebodys-waiting-for-me,Somebody’s Waiting For Me,1,1,1
somebody-s-words,Somebody's Words,0,0,1
somebody-that-s-good,Somebody That's Good,0,0,0
somebody-touched-me,Somebody Touched Me,1,16,2
somebody-touched-me-1,Somebody Touched Me,1,16,2
somebody-who-would-die-for-you,Somebody Who Would Die For You,0,0,0
some-broken-hearts-never-mend,Some Broken Hearts Never Mend,0,3,1
some-call-him-jesus,Some Call Him Jesus,0,0,0
some-day,Some Day,0,1,22
someday,Someday,0,9,202
someday-1,Someday,0,9,202
someday-he-ll-whisper-my-name,Someday He'll Whisper My Name,0,0,1
someday-i-m-gonna-go-to-mexico,Someday I'm Gonna Go To Mexico,0,0,1
someday-my-day-will-come,Someday My Day Will Come,0,0,0
someday-my-ship-will-sail,Someday My Ship Will Sail,1,0,0
some-days-are-diamonds,Some Days Are Diamonds,0,0,0
some-days-it-rains-all-night-long,Some Days It Rains All Night Long,0,0,0
someday-soon,Someday Soon,0,5,26
someday-soon-1,Someday Soon,1,5,26
someday-we-ll-be-together,Someday We'll Be Together,0,0,3
someday-well-look-back,Someday We’ll Look Back,0,0,1
someday-when-things-are-good,Someday When Things Are Good,0,0,1
someday-with-chords,Someday with chords,0,0,0
someday-you-ll-call-my-name,Someday You'll Call My Name,0,2,1
someday-youll-pay,Someday You’ll Pay,1,2,0
someday-you-will,Someday You Will,0,0,2
some-do-some-don-t-some-will-some-won-t,Some Do Some Don't Some Will Some Won't,0,0,0
some-dreams-die-hard,Some Dreams Die Hard,0,0,0
some-gave-all,Some Gave All,0,0,1
some-hearts-get-all-the-breaks,Some Hearts Get All The Breaks,0,0,1
somehow-tonight,Somehow Tonight,1,11,1
some-kind-of-a-woman,Some Kind Of A Woman,0,0,0
some-memories-just-won-t-die,Some Memories Just Won't Die,0,0,1
some-memories-last-forever,Some Memories Last Forever,0,0,0
some-morning-soon,Some Morning Soon,1,5,1
some-of-these-nights,Some Of These Nights,0,0,0
some-of-those-memories,Some Of Those Memories,0,0,0
some-of-us-never-learn,Some Of Us Never Learn,0,0,1
some-of-your-memories,Some Of Your Memories,0,0,0
some-old-day,Some Old Day,1,12,1
someone-before-me,Someone Before Me,0,1,1
someone-borrowed-someone-blue,Someone Borrowed Someone Blue,0,0,0
someone-cares-for-you,Someone Cares For You,0,0,1
someone-else-s-love,Someone Else's Love,0,0,0
someone-else-s-tears,Someone Else's Tears,0,0,0
someone-else-tends-the-garden,Someone Else Tends The Garden,0,0,0
someone-for-everyone,Someone For Everyone,0,1,3
someone-had-to-teach-you,Someone Had to Teach You,0,0,0
someone-had-to-teach-you-1,Someone Had to Teach You,0,0,0
someone-i-can-t-forget,Someone I Can't Forget,0,0,0
someone-i-can-turn-to,Someone I Can Turn To,0,0,0
someone-i-d-like-to-forget,Someone I'd Like To Forget,0,0,1
someone-is-looking-for-someone-like-you,Someone Is Looking For Someone Like You,0,1,1
someone-like-you,Someone Like You,0,2,50
someone-loves-you-honey,Someone Loves You Honey,0,0,1
someone-new,Someone New,0,0,18
someone-s-child,Someone's Child,0,0,0
someone-s-gotta-cry,Someone's Gotta Cry,0,0,1
someones-last-day,Someone’s Last Day,1,1,0
someone-somewhere-tonight,Someone Somewhere Tonight,0,0,1
someone-stepped-in,Someone Stepped In,0,0,0
someone-s-waiting,Someone's Waiting,0,0,1
someone-s-walkin-around-upstairs,Someone's Walkin' Around Upstairs,0,0,0
someone-s-watching-over-you,Someone's Watching Over You,0,0,0
someone-sweet-to-love,Someone Sweet To Love,0,0,1
someone-that-i-can-forget,Someone That I Can Forget,0,0,0
someone-to-care,Someone To Care,0,1,1
someone-to-give-my-love-to,Someone To Give My Love To,0,0,1
someone-told-my-story,Someone Told My Story,0,0,1
someone-to-love-you,Someone to love you,0,0,0
someone-took-my-place-with-you,Someone Took My Place With You,1,6,1
someone-was-already-there,Someone Was Already There,0,0,0
someone-who-remembers,Someone Who Remembers,0,0,0
someone-with-no-one-to-love,Someone With No One To Love,0,0,1
some-other-world,Some Other World,0,0,1
some-people-make-it,Some People Make It,0,1,1
someplace-to-cry,Someplace To Cry,0,0,0
some-sweet-day,Some Sweet Day,0,0,7
somethin-about-a-jukebox,Somethin' About A Jukebox,0,0,0
something,Something,0,5,58
something-about-you-i-love,Something About You I Love,0,0,0
something-beautiful,Something Beautiful,0,0,24
something-borrowed-something-blue,Something Borrowed Something Blue,0,0,2
something-for-a-rainy-day,Something For A Rainy Day,0,0,1
something-got-a-hold-of-me,Something Got A Hold Of Me,0,3,1
something-he-ll-have-to-learn,Something He'll Have To Learn,0,0,0
something-in-my-heart,Something In My Heart,0,1,4
something-in-the-air,Something In The Air,0,2,13
something-nice-and-easy,Something Nice And Easy,0,0,0
something-old-something-new,Something Old Something New,0,1,5
something-pretty,Something Pretty,0,0,2
some-things-are-better-left-alone,Some Things Are Better Left Alone,0,0,0
some-things-does,Some Things Does,1,0,0
something-seems-to-fall-apart-inside,Something Seems to Fall Apart Inside,0,0,0
something-s-got-a-hold-on-me,Something's Got a Hold on Me,0,0,3
something-special,Something Special,0,1,34
something-s-wrong,Something's Wrong,0,0,25
something-s-wrong-in-california,Something's Wrong In California,0,0,1
something-s-wrong-with-me,Something's Wrong With Me,0,0,1
something-that-we-do,Something That We Do,0,0,1
something-they-can-t-take-away,Something They Can't Take Away,0,0,0
something-to-believe-in,Something To Believe In,0,0,41
something-to-cry-about,Something To Cry About,0,0,3
something-to-think-about,Something To Think About,0,0,3
something-unseen,Something Unseen,0,0,0
something-you-can-t-buy,Something You Can't Buy,0,0,1
something-you-can-t-buy-1,Something You Can't Buy,0,0,1
somethin-s-got-a-hold-on-me,Somethin's Got A Hold On Me,0,0,0
sometimes-a-lady,Sometimes A Lady,0,0,0
sometimes-a-memory-ain-t-enough,Sometimes A Memory Ain't Enough,0,0,1
sometimes-a-rose,Sometimes A Rose,0,0,0
sometimes-i-cry-in-my-sleep,Sometimes I Cry In My Sleep,0,0,0
sometimes-i-dream,Sometimes I Dream,0,0,1
sometimes-i-forget,Sometimes I Forget,0,0,3
sometimes-i-talk-in-my-sleep,Sometimes I Talk In My Sleep,0,0,0
sometimes-late-at-night,Sometimes Late At Night,0,0,1
sometimes-out-of-touch,Sometimes Out Of Touch,0,0,1
sometime-sunshine,Sometime Sunshine,0,0,0
sometimes-when-we-touch,Sometimes When We Touch,0,1,1
sometimes-you-just-can-t-win,Sometimes You Just Can't Win,0,1,3
somewhere-along-the-line,Somewhere Along The Line,0,0,4
somewhere-between,Somewhere Between,1,2,3
somewhere-between-jesus-and-john-wayne,Somewhere Between Jesus And John Wayne,0,0,0
somewhere-between-love-and-tomorrow,Somewhere Between Love And Tomorrow,0,0,1
somewhere-between-right-and-wrong,Somewhere Between Right And Wrong,0,0,1
somewhere-between-the-moon-and-you,Somewhere Between The Moon And You,0,0,0
somewhere-between-your-heart-and-mine,Somewhere Between Your Heart And Mine,0,0,0
somewhere-beyond-somewhere,Somewhere Beyond Somewhere,0,0,0
somewhere-down-in-texas,Somewhere Down in Texas,0,0,0
somewhere-in-colorado,Somewhere In Colorado,0,0,0
somewhere-in-kentucky-tonight,Somewhere In Kentucky Tonight,0,0,1
somewhere-in-my-broken-heart,Somewhere In My Broken Heart,0,0,1
somewhere-in-old-wyoming,Somewhere In Old Wyoming,0,0,0
somewhere-in-texas,Somewhere In Texas,0,0,2
somewhere-in-the-night,Somewhere In The Night,0,0,9
somewhere-i-wanna-go,Somewhere I Wanna Go,0,0,0
somewhere-my-love,Somewhere My Love,0,4,1
somewhere-other-than-the-night,Somewhere Other Than The Night,0,0,1
somewhere-over-you,Somewhere Over You,0,0,0
somewhere-to-come-when-it-rains,Somewhere To Come When It Rains,0,0,1
so-much-for-me-so-much-for-you,So Much For Me So Much For You,0,0,1
so-much-got-lost,So Much Got Lost,0,0,1
so-much-like-my-dad,So Much Like My Dad,0,0,0
so-much-to-do,So Much To Do,0,0,3
so-much-to-thank-him-for,So Much to Thank Him For,0,0,0
song-and-dance,Song And Dance,0,1,10
song-and-dance-man,Song And Dance Man,0,1,3
song-for-a-winter-s-night,Song For A Winter's Night,0,3,2
song-for-the-mira,Song For The Mira,0,0,1
song-i-d-like-to-sing,Song I'd Like To Sing,0,0,1
song-in-a-seashell,Song In A Seashell,0,0,1
song-in-the-night,Song In The Night,0,0,2
song-of-a-whippoorwill,Song Of A Whippoorwill,0,1,0
song-of-songs,Song Of Songs,0,0,11
song-of-the-coo-coo,Song Of The Coo Coo,0,0,0
song-of-the-old-water-wheel,Song Of The Old Water Wheel,0,0,0
song-of-the-one-legged-chicken,Song Of The One Legged Chicken,0,0,1
song-of-the-patriot,Song Of The Patriot,0,0,1
song-of-the-south,Song Of The South,0,1,5
song-of-the-whispering-leaves,Song of the Whispering Leaves,0,0,0
song-of-the-wind,Song Of The Wind,0,0,6
songs-of-the-cherokee-cowboy,Songs Of The Cherokee Cowboy,0,0,0
songs-that-make-a-difference,Songs That Make a Difference,0,0,1
song-sung-blue,Song Sung Blue,0,0,4
song-the-mountain-sings,Song The Mountain Sings,0,0,1
son-of-a-bum,Son Of A Bum,0,0,0
son-of-hickory-hollers-tramp,Son Of Hickory Hollers Tramp,0,0,0
son-run-to-the-spring,Son Run To The Spring,0,0,0
soon-and-very-soon,Soon And Very Soon,0,0,2
sooner-or-later,Sooner or Later,0,1,51
sooner-or-later-1,Sooner Or Later,0,1,51
sophronie,Sophronie,1,9,1
so-round-so-firm-so-fully-packed,So Round So Firm So Fully Packed,0,1,1
sorrowful-angels,Sorrowful Angels,0,1,0
sorrow-in-the-wind,Sorrow In The Wind,0,0,0
sorrow-on-the-rocks,Sorrow On The Rocks,0,0,1
sorrow-overtakes-the-wine,Sorrow Overtakes The Wine,0,0,1
sorrows-tearing-down-the-house,Sorrow’s Tearing Down The House,0,0,0
sorry-willie,Sorry Willie,0,0,1
sorry-you-asked,Sorry You Asked,0,0,0
sorting-memories,Sorting Memories,0,0,1
so-sad,So Sad,0,0,11
so-saith-he-the-lord,So Saith He The Lord,0,0,1
so-soon,So Soon,0,0,6
soul-deep,Soul Deep,0,0,8
soulful-woman,Soulful Woman,0,0,1
soul-of-the-wine,Soul Of The Wine,0,0,0
sound-of-a-heartache,Sound Of A Heartache,0,0,0
sound-of-an-angels-wings,Sound Of An Angel’s Wings,0,0,0
sourwood-mountain,Sourwood Mountain,1,25,3
so-used-to-loving-you,So Used To Loving You,0,0,2
south,South,0,2,27
southbound,Southbound,1,7,12
southbound-train,Southbound Train,0,3,7
southern-belle,Southern Belle,0,1,7
southern-bound,Southern Bound,0,1,1
southern-california,Southern California,0,0,3
southern-comfort,Southern Comfort,0,2,8
southern-dixie-flyer,Southern Dixie Flyer,0,0,1
southern-flavor,Southern Flavor,1,5,1
southern-fried,Southern Fried,0,0,2
southern-loving,Southern Loving,0,0,0
southern-moon,Southern Moon,1,6,1
southern-nights,Southern Nights,0,1,2
southern-queen,Southern Queen,0,0,0
southern-railroad-line,Southern Railroad Line,1,0,0
southern-rains,Southern Rains,0,0,0
southern-star,Southern Star,0,0,8
south-moon-under,South Moon Under,0,0,1
south-of-the-border,South Of The Border,0,0,8
south-pacific-shore,South Pacific Shore,0,0,1
souvenirs,Souvenirs,0,3,37
so-was-he,So Was He,0,0,1
sow-em-on-the-mountain,Sow ‘Em On The Mountain,1,1,1
sowing-teardrops,Sowing Teardrops,0,0,0
so-wrong,So Wrong,0,0,13
so-wrong-so-fast,So Wrong So Fast,0,0,0
so-you-think-you-ve-got-troubles,So You Think You've Got Troubles,0,0,0
spanish-cavalier,Spanish Cavalier,0,0,0
spanish-eyes,Spanish Eyes,0,0,11
spanish-fandango,Spanish Fandango,0,3,2
spanish-johnny,Spanish Johnny,0,0,1
spanish-pipedream,Spanish Pipedream,1,2,1
spanish-two-step,Spanish Two Step,1,5,1
sparkling-brown-eyes,Sparkling Brown Eyes,0,1,1
sparkling-wine,Sparkling Wine,0,1,0
speaking-of-the-angel,Speaking Of The Angel,0,0,0
speak-of-the-devil,Speak Of The Devil,0,1,11
speak-of-the-devil-1,Speak Of The Devil,0,1,11
speak-softly,Speak Softly,0,0,3
speak-to-me,Speak To Me,0,1,26
speak-to-me-pretty,Speak To Me Pretty,0,0,1
speak-well-of-me,Speak Well of Me,0,0,0
special,Special,0,2,48
special-kind-of-man,Special Kind Of Man,0,0,1
special-memory,Special Memory,0,0,3
speed-of-a-fool,Speed Of A Fool,0,0,0
speed-of-flight,Speed Of Flight,0,0,1
speed-of-the-sound-of-loneliness,Speed of the Sound of Loneliness,1,1,1
spell-of-the-freight-train,Spell Of The Freight Train,0,1,1
spend-my-time,Spend My Time,0,0,1
spider-bit-the-baby,Spider Bit the Baby,1,3,0
spirit-in-the-sky,Spirit In The Sky,0,0,3
spirit-of-a-boy-wisdom-of-a-man,Spirit Of A Boy Wisdom Of A Man,0,0,0
spirit-of-america,Spirit Of America,0,1,3
spirit-of-christmas,Spirit Of Christmas,0,1,7
spirit-of-love-watches-over-me-the,"Spirit Of Love Watches Over Me, The",0,0,0
spirits-of-st-louis,Spirits Of St. Louis,0,0,0
spiritually-bankrupt,Spiritually Bankrupt,0,0,1
split-wood-hornpipe,Split Wood Hornpipe,0,0,0
spotted-pony,Spotted Pony,1,6,1
spread-a-little-love-around,Spread A Little Love Around,0,0,0
spring-fever,Spring Fever,0,1,8
squaws-along-the-yukon-lyrics-chords,Squaws Along the Yukon Lyrics Chords,0,0,0
squeeze-me-in,Squeeze Me In,0,0,1
stagger-lee,Stagger Lee,0,2,5
stairway-of-love,Stairway of Love,0,0,1
stairway-to-heaven,Stairway To Heaven,0,6,10
stairway-to-heaven-1,Stairway To Heaven,1,6,10
stairway-to-the-sky,Stairway To The Sky,0,0,0
stand-at-your-window,Stand At Your Window,0,0,1
stand-beside-me,Stand Beside Me,0,1,3
stand-beside-me-behind-me,Stand Beside Me Behind Me,0,1,0
stand-by-me,Stand By Me,0,5,30
stand-by-me-1,Stand By Me,0,5,30
stand-by-me-2,Stand by Me,0,5,30
stand-by-my-woman-man,Stand By My Woman Man,0,0,0
stand-by-your-man,Stand by Your Man,0,3,3
stand-in,Stand In,0,0,2
standing-at-the-end-of-my-world,Standing At The End Of My World,0,1,1
standing-by-the-river,Standing By The River,0,2,1
standing-in-the-need-of-prayer,Standing In The Need Of Prayer,1,6,0
standing-in-the-need-of-prayer-1,Standing In The Need Of Prayer,1,6,0
standing-in-the-shadows,Standing In The Shadows,0,0,3
standing-knee-deep-in-a-river,Standing Knee Deep In A River,0,0,1
standing-on-the-mountain,Standing On The Mountain,0,7,0
standing-on-the-promises,Standing on the Promises,0,3,1
standing-outside-the-fire,Standing Outside The Fire,0,0,1
standing-room-only,Standing Room Only,0,3,5
standing-somewhere-in-the-shadows,Standing Somewhere In The Shadows,0,1,1
stand-on-my-own-two-knees,Stand On My Own Two Knees,0,0,1
stand-still,Stand Still,0,0,13
stand-up,Stand Up,0,1,132
st-anne-s-reel,St. Anne's Reel,1,10,1
star-crossed,Star Crossed,0,0,12
starlight-and-stone,Starlight and Stone,0,0,1
starlight-schottische,Starlight Schottische,0,0,1
star-of-the-county-down,Star of the County Down,1,3,3
stars-and-stripes-on-iwo-jima,Stars and Stripes on Iwo Jima,0,0,1
stars-are-the-windows-of-heaven,Stars Are The Windows Of Heaven,0,0,1
stars-fell-on-alabama,Stars Fell On Alabama,0,1,5
stars-of-the-midnight-range,Stars Of The Midnight Range,0,0,0
stars-on-the-water,Stars On The Water,0,0,1
star-studded-nights,Star Studded Nights,0,0,0
starting-all-over-again,Starting All Over Again,0,0,5
starting-new-memories-today,Starting New Memories Today,0,0,0
starting-today,Starting Today,0,1,2
starting-tonight,Starting Tonight,0,0,1
starving-for-love,Starving For Love,0,0,0
state-of-mind,State Of Mind,0,7,52
stateside,Stateside,0,0,4
statue-of-a-fool,Statue Of A Fool,0,0,2
statue-of-a-fool-1,Statue of a Fool,0,0,2
stay-a-little-longer-in-your-bed,Stay A Little Longer In Your Bed,0,0,0
stay-all-night,Stay All Night,1,3,6
stay-all-night-stay-a-little-longer,Stay All Night Stay A Little Longer,1,5,0
stay-away-from-me,Stay Away From Me,1,20,11
stay-close-to-me,Stay Close To Me,0,0,5
staying-together,Staying Together,0,0,1
stay-on-his-mind,Stay On His Mind,0,0,0
stay-out-of-my-arms,Stay Out Of My Arms,0,1,1
stay-there-till-i-get-there,Stay There Till I Get There,0,0,0
stay-young,Stay Young,0,0,8
steal-away-and-die,Steal Away and Die,1,0,0
steam-powered-aereo-plane,Steam Powered Aereo Plane,1,8,1
steel-guitar-rag,Steel Guitar Rag,1,23,5
steel-rails,Steel Rails,1,6,1
step-into-my-soul,Step Into My Soul,0,0,0
step-into-my-soul-1,Step Into My Soul,0,0,0
step-into-the-water,Step Into The Water,0,0,0
step-it-up-and-go,Step It Up And Go,1,5,3
step-out-into-the-sunshine,Step Out Into The Sunshine,1,0,0
stepping-out,Stepping Out,0,0,13
stepping-stone,Stepping Stone,0,0,19
steppin-out,Steppin' Out,0,1,23
steppin-out-1,Steppin' Out,0,1,23
steppin-out-on-you,Steppin' Out On You,0,0,0
steps-1-and-2,Steps 1 and 2,0,0,0
stepstone,Stepstone,1,1,1
stern-old-bachelor,Stern Old Bachelor,1,2,0
still,Still,0,0,170
still-got-a-couple-of-good-years-left,Still Got A Couple Of Good Years Left,0,0,0
still-holding-on,Still Holding On,0,0,3
stillhouse-branch,Stillhouse Branch,0,0,0
still-losing-you,Still Losing You,0,0,0
still-loving-you,Still Loving You,0,1,5
still-they-call-me-love,Still They Call Me Love,0,2,0
still-water-runs-the-deepest,Still Water Runs The Deepest,0,0,1
sting-in-this-old-bee,Sting In This Old Bee,0,0,0
stirring-up-the-ashes,Stirring Up The Ashes,0,0,1
st-james-hospital,St. James Hospital,1,4,1
st-james-infirmary,St. James Infirmary,1,6,7
st-louis-blues,St. Louis Blues,0,8,4
st-louis-blues-1,St. Louis Blues,0,8,4
st-louis-named-a-shoe-after-me,St. Louis Named A Shoe After Me,0,0,1
stolen-love,Stolen Love,0,2,5
stolen-love-1,Stolen Love,0,2,5
stolen-love-is-the-beginning-of-the-end,Stolen Love Is The Beginning Of The End,0,0,0
stompin-at-the-savoy,Stompin' at the Savoy,1,4,2
stomp-them-grapes,Stomp Them Grapes,0,0,0
stone-by-stone,Stone By Stone,0,0,5
stone-cold-heart,Stone Cold Heart,0,0,3
stoned-again,Stoned Again,0,0,3
stoned-at-the-jukebox,Stoned At The Jukebox,0,0,0
stone-heart,Stone Heart,0,0,4
stone-s-rag,Stone's Rag,1,4,0
stone-wall,Stone Wall,1,2,1
stone-wall-all-around-your-heart,Stone Wall All Around Your Heart,1,0,0
stone-walls-and-steel-bars,Stone Walls And Steel Bars,1,9,1
stone-walls-and-steel-bars-1,Stone Walls And Steel Bars,1,9,1
stoney-lonesome,Stoney Lonesome,1,9,2
stoney-point,Stoney Point,1,7,0
stony-mountain-west-virginia,Stony Mountain West Virginia,0,2,1
stood-up,Stood Up,0,0,7
stop-and-drink,Stop And Drink,0,0,0
stop-and-take-the-time,Stop And Take The Time,0,0,0
stop-me-if-you-ve-heard-this-one-before,Stop Me If You've Heard This One Before,0,0,0
stop-sneakin-around,Stop Sneakin' Around,0,0,0
stop-the-world-and-let-me-off,Stop The World and Let Me Off,0,1,0
storm-of-love,Storm Of Love,0,0,3
storms-are-on-the-ocean,Storms Are On The Ocean,1,17,2
storms-of-troubled-times-aka-happy-anniversary,Storms Of Troubled Times ( aka Happy Anniversary),0,0,0
stormy-horizons,Stormy Horizons,0,2,0
stormy-waters,Stormy Waters,1,9,4
storybook-children,Storybook Children,0,0,2
story-of-a-broken-heart,Story Of A Broken Heart,0,0,1
story-of-parson-joe,Story Of Parson Joe,0,0,0
straighten-out-your-troubles-with-the-lord,Straighten Out Your Troubles (With the Lord),0,0,0
straight-from-heaven,Straight From Heaven,0,0,0
straight-from-the-factory,Straight From The Factory,0,0,1
stranded-on-a-dead-end-street,Stranded On A Dead End Street,0,0,0
strange,Strange,0,0,66
strange-empty-world,Strange Empty World,0,0,0
stranger,Stranger,0,8,166
stranger-1,Stranger,0,8,166
stranger-2,Stranger,0,8,166
stranger-at-my-door,Stranger At My Door,0,0,3
stranger-drive-away,Stranger Drive Away,0,0,0
stranger-i-love,Stranger I Love,0,0,1
stranger-in-my-arms,Stranger In My Arms,0,0,3
stranger-in-my-arms-1,Stranger In My Arms,0,0,3
stranger-in-my-house,Stranger In My House,0,0,1
stranger-in-my-mirror,Stranger In My Mirror,0,0,0
stranger-in-my-place,Stranger In My Place,0,0,1
stranger-in-our-house-tonight,Stranger in Our House Tonight,0,0,0
stranger-nine-to-five,Stranger Nine To Five,0,0,0
stranger-shake-hands-with-a-fool,Stranger Shake Hands with a Fool,0,0,0
stranger-things-have-happened,Stranger Things Have Happened,0,2,3
stranger-things-have-happened-1,Stranger Things Have Happened,0,2,3
strawberry-roan,Strawberry Roan,0,2,1
strawberry-snow,Strawberry Snow,0,0,1
streamline-cannonball,Streamline Cannonball,0,5,0
streamlined-cannonball,Streamlined Cannonball,1,6,0
streets-of-bakersfield,Streets Of Bakersfield,0,1,2
streets-of-baltimore,Streets of Baltimore,0,2,1
streets-of-dodge,Streets Of Dodge,0,0,0
streets-of-gold,Streets Of Gold,0,0,8
streets-of-gold-1,Streets Of Gold,0,0,8
streets-of-laredo,Streets of Laredo,1,7,4
streets-of-london,Streets of London,1,3,5
streets-of-san-francisco,Streets Of San Francisco,0,0,0
street-where-the-lonely-walk,Street Where The Lonely Walk,0,0,0
strike-it-rich,Strike It Rich,0,0,2
string-along,String Along,0,0,2
strong-chains-of-love,Strong Chains of Love,0,0,0
strong-enough,Strong Enough,0,4,10
strong-enough-to-bend,Strong Enough To Bend,0,0,1
strong-heart,Strong Heart,0,1,3
strong-weakness,Strong Weakness,0,0,1
stubborn-heart,Stubborn Heart,0,0,1
stuck-on-you,Stuck On You,0,0,19
stuck-right-in-the-middle-of-your-love,Stuck Right In The Middle Of Your Love,0,0,0
stupid-cupid,Stupid Cupid,0,0,4
subconscious-mind,Subconscious Mind,0,0,2
success-lyrics-chords,Success Lyrics Chords,0,0,0
such-a-fool,Such A Fool,0,0,2
such-an-easy-question,Such An Easy Question,0,0,0
such-a-night,Such a Night,0,0,3
such-a-waste-of-love,Such A Waste Of Love,0,0,1
such-a-waste-of-mind,Such A Waste Of Mind,0,0,0
suffer-in-silence,Suffer In Silence,0,0,8
suffer-time,Suffer Time,0,0,1
sugar-coated-baby,Sugar Coated Baby,0,0,0
sugar-coated-love,Sugar Coated Love,1,6,2
sugar-coated-sweetheart,Sugar Coated Sweetheart,0,0,1
sugar-daddy,Sugar Daddy,0,1,19
sugaree,Sugaree,1,1,2
sugarfoot-rag,Sugarfoot Rag,1,10,1
sugar-hill,Sugar Hill,1,8,6
sugar-in-the-gourd,Sugar In the Gourd,1,20,1
sugar-in-your-coffee,Sugar In Your Coffee,0,0,1
sugar-moon,Sugar Moon,0,0,2
sugartime,Sugartime,0,0,4
summer-love,Summer Love,0,0,39
summer-of-roses,Summer Of Roses,0,0,1
summer-s-comin,Summer's Comin',0,0,1
summertime,Summertime,1,8,115
summertime-blues,Summertime Blues,0,2,5
summertime-fever,Summertime Fever,0,0,0
summertime-is-past-and-gone,Summertime Is Past And Gone,1,12,1
summer-wages,Summer Wages,1,2,1
sunbonnet-sue,Sunbonnet Sue,0,0,1
sunday-christian,Sunday Christian,0,1,1
sunday-kind-of-woman,Sunday Kind Of Woman,0,0,1
sunday-morning,Sunday Morning,0,3,72
sunday-morning-christian,Sunday Morning Christian,0,0,0
sunday-morning-coming-down,Sunday Morning Coming Down,0,2,0
sunday-morning-we-ll-be-singing,Sunday Morning We'll Be Singing,0,0,0
sunday-string-band,Sunday String Band,0,0,0
sundown,Sundown,0,5,84
sundown-and-sorrow,Sundown and Sorrow,1,8,1
sundown-in-nashville,Sundown In Nashville,1,0,1
sundown-mary,Sundown Mary,0,0,0
sunny-nights,Sunny Nights,0,0,1
sunnyside,Sunnyside,0,0,8
sunny-side-of-life,Sunny Side Of Life,1,18,0
sunny-side-of-my-life,Sunny Side Of My Life,0,1,2
sunny-side-of-the-mountain,Sunny Side Of The Mountain,1,27,1
sunny-tennessee,Sunny Tennessee,0,4,1
sun-of-the-soul-the,"Sun Of The Soul, The",0,0,0
sunrise,Sunrise,0,7,233
sunset,Sunset,0,1,131
sunset-and-vine,Sunset And Vine,0,0,1
sunset-years-of-life,Sunset Years of Life,0,0,1
sunshine,Sunshine,0,5,220
sunshine-and-rainbows,Sunshine And Rainbows,0,0,2
sunshine-in-the-shadows,Sunshine In The Shadows,1,0,1
sunshine-on-my-shoulders,Sunshine On My Shoulders,0,0,1
sun-shines-down-on-me,Sun Shines Down On Me,0,0,1
sunshiny-day,Sunshiny Day,0,0,3
suppertime,Suppertime,1,5,7
suppose-tonight-would-be-our-last,Suppose Tonight Would Be Our Last,0,0,1
surely-goodness-and-mercy,Surely Goodness And Mercy,0,0,2
surprise-birthday-party,Surprise Birthday Party,0,0,0
surround-me-with-love,Surround Me With Love,0,0,1
susan-when-she-tried,Susan When She Tried,0,1,1
suspicion,Suspicion,0,0,52
suspicious-minds,Suspicious Minds,0,4,1
sweet-allis-chalmers,Sweet Allis Chalmers,0,1,1
sweet-and-easy-to-love-you,Sweet And Easy To Love You,0,0,0
sweet-and-tender-times,Sweet And Tender Times,0,0,1
sweet-as-the-flowers-in-maytime,Sweet As The Flowers In Maytime,1,1,1
sweet-baby-jesus,Sweet Baby Jesus,0,0,1
sweet-baby-mine,Sweet Baby Mine,0,0,1
sweet-betsy-from-pike,Sweet Betsy From Pike,0,3,1
sweet-bird-of-paradise,Sweet Bird Of Paradise,0,0,1
sweet-bunch-of-daisies,Sweet Bunch of Daisies,1,5,1
sweet-caroline,Sweet Caroline,0,1,4
sweet-charlotte-ann,Sweet Charlotte Ann,0,0,0
sweet-chile,Sweet Chile,0,0,0
sweet-country-woman,Sweet Country Woman,0,0,1
sweet-darling,Sweet Darling,0,0,2
sweet-desire,Sweet Desire,0,0,1
sweet-dreams-of-you,Sweet Dreams Of You,0,0,2
sweet-dream-woman,Sweet Dream Woman,0,0,1
sweeter-and-sweeter,Sweeter And Sweeter,0,0,0
sweeter-than-the-flowers,Sweeter Than The Flowers,1,9,1
sweeter-than-you,Sweeter Than You,0,0,1
sweetest-gift-the,"Sweetest Gift, The",1,0,0
sweetest-love,Sweetest Love,1,5,4
sweet-fern,Sweet Fern,0,2,1
sweet-fever,Sweet Fever,0,0,1
sweet-flowers,Sweet Flowers,0,0,0
sweet-georgia-brown,Sweet Georgia Brown,1,27,2
sweetheart-of-the-rodeo,Sweetheart Of The Rodeo,0,2,0
sweetheart-of-the-town,Sweetheart Of The Town,0,0,0
sweetheart-of-the-year-aka-happy-anniversary,Sweetheart of the Year ( aka Happy Anniversary),0,0,0
sweethearts-again,Sweethearts Again,0,3,0
sweethearts-in-heaven,Sweethearts in Heaven,1,6,1
sweethearts-on-parade,Sweethearts On Parade,0,1,2
sweethearts-or-strangers,Sweethearts Or Strangers,0,0,1
sweetheart-you-done-me-wrong,Sweetheart You Done Me Wrong,1,14,1
sweetheart-you-know-i-love-you-so,Sweetheart You Know I Love You So,0,0,0
sweet-heaven-in-my-view,Sweet Heaven In My View,1,0,0
sweet-heaven-when-i-die,Sweet Heaven When I Die,1,7,1
sweet-hour-of-prayer,Sweet Hour Of Prayer,1,5,1
sweet-jennie-lee,Sweet Jennie Lee,0,0,1
sweet-kind-of-love,Sweet Kind of Love,0,0,1
sweet-lies,Sweet Lies,0,0,10
sweet-lips,Sweet Lips,0,0,5
sweet-little-country-girl,Sweet Little Country Girl,0,1,0
sweet-little-jesus-boy,Sweet Little Jesus Boy,0,0,1
sweet-little-miss-blue-eyes,Sweet Little Miss Blue Eyes,1,7,1
sweet-little-sixteen,Sweet Little Sixteen,0,2,1
sweet-lovin,Sweet Lovin',0,0,4
sweet-loving-word,Sweet Loving Word,0,0,0
sweet-magnolia-blossom,Sweet Magnolia Blossom,0,0,0
sweet-mama-good-times,Sweet Mama Good Times,0,0,0
sweet-mama-hurry-home,Sweet Mama Hurry Home,0,0,0
sweet-melody,Sweet Melody,0,0,6
sweet-memories,Sweet Memories,0,2,22
sweet-memories-1,Sweet Memories,0,2,22
sweet-mercy-brown,Sweet Mercy Brown,0,0,0
sweet-misery,Sweet Misery,0,0,11
sweet-mother-texas,Sweet Mother Texas,0,0,1
sweet-music-man,Sweet Music Man,0,3,1
sweet-promises,Sweet Promises,0,0,1
sweet-sixteen,Sweet Sixteen,0,0,11
sweet-sue,Sweet Sue,0,0,2
sweet-summer-lovin,Sweet Summer Lovin',0,1,1
sweet-summertime,Sweet Summertime,0,1,0
sweet-sunny-south,Sweet Sunny South,1,23,1
sweet-surrender,Sweet Surrender,0,0,25
sweet-susannah,Sweet Susannah,0,1,1
sweet-sweet-girl,Sweet Sweet Girl,0,0,2
sweet-sweetheart,Sweet Sweetheart,0,0,1
sweet-sweet-judy,Sweet Sweet Judy,0,0,0
sweet-temptation,Sweet Temptation,0,2,11
sweet-thang,Sweet Thang,0,1,6
sweet-things-i-remember-about-you,Sweet Things I Remember About You,0,0,1
swimming-upstream,Swimming Upstream,0,0,1
swing-51,Swing 51,1,3,1
swing-baby-swing,Swing Baby Swing,0,0,0
swing-blues-no-1,Swing Blues No. 1,0,1,1
swinging-a-nine-pound-hammer-all-day,Swinging A Nine Pound Hammer All Day,1,0,0
swinging-doors,Swinging Doors,1,3,2
swing-low-sweet-chariot,"Swing Low, Sweet Chariot",1,27,4
swing-wide-them-golden-gates,Swing Wide Them Golden Gates,0,0,0
swing-wide-your-gate-of-love,Swing Wide Your Gate of Love,0,0,2
swoop-down-sweet-jesus,Swoop Down Sweet Jesus,0,0,1
tabernacle-tom,Tabernacle Tom,0,0,0
table-for-two,Table For Two,0,0,14
table-in-the-corner,Table In The Corner,0,0,2
table-next-to-me,Table Next To Me,0,0,0
tacoma,Tacoma,0,2,1
tag-along,Tag Along,0,0,1
tagging-along,Tagging Along,0,0,0
tahiti,Tahiti,0,0,14
taillights-blue,Taillights Blue,0,1,0
take-a-letter-miss-gray,Take A Letter Miss Gray,0,0,0
take-a-look-at-me,Take A Look At Me,0,0,2
take-a-look-at-this-broken-heart-of-mine,Take A Look At This Broken Heart Of Mine,0,0,1
take-a-message-to-mary,Take A Message To Mary,0,0,2
take-an-old-cold-tater-and-wait,Take An Old Cold Tater And Wait,0,0,0
take-another-swing-at-me,Take Another Swing At Me,0,0,1
take-a-taste-of-my-wine,Take A Taste Of My Wine,0,0,1
take-away-jesus,Take Away Jesus,0,0,0
take-back-it-s-over,Take Back It's Over,0,0,0
take-care-of-the-little-things,Take Care Of The Little Things,0,0,1
take-em-away,Take Em Away,1,1,0
take-good-care-of-her,Take Good Care of Her,0,0,3
take-good-care-of-him,Take Good Care of Him,0,0,0
take-it-easy,Take It Easy,0,2,53
take-it-easy-rider,Take It Easy Rider,0,0,1
take-it-from-me,Take It From Me,0,0,11
take-it-like-a-man,Take It Like A Man,0,1,14
take-me,Take Me,0,2,59
take-me-as-i-am-or-let-me-go,Take Me As I Am (Or Let Me Go),0,1,1
take-me-as-i-am-or-let-me-go-1,Take Me As I Am Or Let Me Go,0,1,0
take-me-back,Take Me Back,0,25,84
take-me-back-1,Take Me Back,0,25,84
take-me-back-2,Take Me Back,0,25,84
take-me-back-again,Take Me Back Again,0,0,4
take-me-back-into-your-heart,Take Me Back into Your Heart,1,3,1
take-me-back-to-georgia,Take Me Back to Georgia,0,1,0
take-me-back-to-my-boots-and-saddle,Take Me Back To My Boots And Saddle,0,0,1
take-me-back-to-renfro-valley,Take Me Back To Renfro Valley,0,2,1
take-me-back-to-texas,Take Me Back To Texas,0,0,0
take-me-back-to-tulsa,Take Me Back to Tulsa,1,7,1
take-me-down,Take Me Down,0,1,27
take-me-home,Take Me Home,0,22,121
take-me-home-1,Take Me Home,0,22,121
take-me-home-2,Take Me Home,0,22,121
take-me-home-3,Take Me Home,0,22,121
take-me-home-and-love-me,Take Me Home And Love Me,0,0,1
take-me-home-country-roads,Take Me Home Country Roads,1,11,1
take-me-home-to-alabama,Take Me Home To Alabama,0,0,1
take-me-home-to-mama,Take Me Home To Mama,0,2,2
take-me-in-your-lifeboat,Take Me In Your Lifeboat,1,14,0
take-me-like-i-am,Take Me Like I Am,0,0,3
take-me-out-to-the-ball-game,Take Me Out to the Ball Game,1,5,2
take-me-to-heaven,Take Me To Heaven,0,0,9
take-me-to-your-world,Take Me to Your World,0,0,1
take-me-with-you-when-you-go,Take Me With You When You Go,0,0,2
take-my-breath-away,Take My Breath Away,0,0,10
take-my-hand,Take My Hand,0,7,48
take-my-hand-and-tell-me,Take My Hand and Tell Me,1,0,0
take-my-hand-precious-lord,Take My Hand Precious Lord,1,5,5
take-my-ring-from-your-finger,Take My Ring From Your Finger,1,7,1
take-my-ring-off-of-your-finger,Take My Ring Off of Your Finger,0,0,0
take-my-word,Take My Word,0,0,2
taken,Taken,0,2,32
takes-one-to-know-one,Takes one to Know One,1,5,3
take-the-keys-to-my-heart,Take The Keys To My Heart,0,0,1
take-these-chains-from-my-heart,Take These Chains From My Heart,0,1,1
take-the-world-but-give-me-jesus,Take The World But Give Me Jesus,0,0,1
take-this-hammer,Take This Hammer,1,10,2
take-this-job-and-shove-it,Take This Job And Shove It,0,0,1
take-time,Take Time,0,0,7
take-time-to-be-holy,Take Time To Be Holy,0,0,1
take-time-to-love-her,Take Time To Love Her,0,0,0
take-up-thy-cross,Take Up Thy Cross,0,2,3
take-up-thy-cross-1,Take Up Thy Cross,0,2,3
take-your-hands-off-my-heart,Take Your Hands Off My Heart,0,0,0
take-your-love-away,Take Your Love Away,0,0,2
take-your-memory-with-you,Take Your Memory With You,0,1,1
take-your-shoes-off-moses,Take Your Shoes Off Moses,1,3,1
take-your-time,Take Your Time,0,1,64
takin-chances,Takin' Chances,0,0,0
taking-a-chance-on-love,Taking A Chance On Love,0,0,1
taking-chances,Taking Chances,0,0,8
taking-it-easy-here,Taking It Easy Here,0,0,0
taking-the-place-of-my-man,Taking The Place Of My Man,0,0,0
takin-it-easy,Takin' It Easy,0,0,9
talk-about-jesus,Talk About Jesus,0,0,1
talk-about-me-and-see-what-she-ll-say,Talk About Me And See What She'll Say,0,0,0
talk-about-sufferin,Talk About Sufferin’,0,1,0
talk-about-suffering,Talk About Suffering,1,7,2
talk-back-trembling-lips,Talk Back Trembling Lips,0,1,1
talk-gobbler-talk,Talk Gobbler Talk,0,0,0
talking-in-your-sleep,Talking In Your Sleep,0,2,5
talking-to-god,Talking To God,0,0,2
talking-to-the-wall,Talking To The Wall,0,0,5
talking-to-the-wrong-man,Talking To the Wrong Man,0,0,0
talking-to-your-memory-again,Talking To Your Memory Again,0,0,0
talkin-to-myself-again,Talkin’ To Myself Again,0,0,1
talk-it-all-over-with-him,Talk It All Over With Him,0,4,1
talk-me-some-sense,Talk Me Some Sense,0,0,1
talk-of-the-school,Talk Of The School,0,0,0
talk-of-the-town,Talk Of The Town,0,8,18
talk-to-me,Talk To Me,0,3,110
talk-to-me-lonesome-heart,Talk To Me Lonesome Heart,0,0,1
talk-to-me-texas,Talk To Me Texas,1,0,1
talk-to-your-heart,Talk to Your Heart,1,3,1
tall-dark-stranger,Tall Dark Stranger,0,0,2
tall-oak-tree,Tall Oak Tree,0,0,1
tall-oak-tree-1,Tall Oak Tree,0,0,1
tall-pines,Tall Pines,1,5,1
tall-pines-1,Tall Pines,1,5,1
tall-tall-trees,Tall Tall Trees,0,1,1
tam-lin,Tam Lin,1,0,3
tammy,Tammy,0,1,3
tangled-web,Tangled Web,0,0,6
tanqueray,Tanqueray,0,0,2
taos-new-mexico,Taos New Mexico,0,0,1
tarnished-angel,Tarnished Angel,0,0,1
taste-of-heaven,Taste Of Heaven,0,0,2
taste-of-life,Taste Of Life,0,0,0
taste-of-the-truth,Taste Of The Truth,0,0,0
tater-pie,Tater Pie,0,0,2
tattlers-wagon,Tattlers Wagon,0,0,0
tattletale-eyes,Tattletale Eyes,0,0,1
tattle-tale-tears,Tattle Tale Tears,0,0,0
t-b-blues,T.B. Blues,0,5,3
teach-me-how-to-lie,Teach Me How To Lie,0,0,1
teach-me-how-to-pray,Teach Me How To Pray,0,0,1
teach-me-the-words-to-your-song,Teach Me The Words To Your Song,0,0,1
teach-me-to-cheat,Teach Me To Cheat,0,0,0
teach-me-to-forget,Teach Me To Forget,0,0,1
teach-my-daddy-how-to-pray-with-chords,Teach My Daddy How To Pray with chords,0,0,0
tear-by-tear,Tear By Tear,0,0,1
tear-down-the-wall,Tear Down The Wall,0,0,3
teardrop-inn,Teardrop Inn,0,0,0
teardrops-falling-in-the-snow,Teardrops Falling In The Snow,0,2,0
teardrops-from-my-eyes,Teardrops From My Eyes,0,0,1
teardrops-in-my-eyes,Teardrops In My Eyes,1,14,1
teardrops-in-my-heart,Teardrops in My Heart,0,0,1
teardrops-of-regret,Teardrops Of Regret,0,0,1
teardrops-on-the-rocks,Teardrops On The Rocks,0,0,1
teardrops-on-the-roses,Teardrops On The Roses,0,0,0
teardrops-on-your-letter,Teardrops On Your Letter,0,0,1
teardrops-over-you,Teardrops Over You,0,1,0
teardrops-will-kiss-the-morning-dew,Teardrops Will Kiss the Morning Dew,1,2,1
tearful-earful,Tearful Earful,0,0,0
tear-my-stillhouse-down,Tear My Stillhouse Down,1,0,1
tears-are-only-rain,Tears Are Only Rain,0,0,1
tears-broke-out-on-me,Tears Broke Out On Me,0,0,0
tears-can-never-drown-the-flame,Tears Can Never Drown The Flame,0,0,0
tears-for-two,Tears For Two,0,0,0
tears-of-regret,Tears Of Regret,0,2,2
tears-of-the-lonely,Tears Of The Lonely,0,0,1
tears-on-my-pillow,Tears on My Pillow,0,0,7
tears-on-the-city,Tears On The City,0,0,0
tears-stain-my-pillow,Tears Stain My Pillow,0,0,0
tear-stained-guitar,Tear Stained Guitar,0,0,0
tear-stained-letter,Tear Stained Letter,0,2,3
tears-will-never-stain-the-streets-of-that-city,Tears Will Never Stain The Streets Of That City,0,0,0
teddy,Teddy,0,0,8
teddy-bear-song,Teddy Bear Song,0,0,1
teenage-boogie,Teenage Boogie,0,0,0
teenage-dream,Teenage Dream,0,0,8
teenage-idol,Teenage Idol,0,0,3
teenage-wedding,Teenage Wedding,0,0,0
telephone-line,Telephone Line,0,0,3
tell-another-lie,Tell Another Lie,0,0,0
tell-her-lies-and-feed-her-candy,Tell Her Lies And Feed Her Candy,0,6,0
tell-her-so,Tell Her So,0,0,0
tell-him-that-you-love-him,Tell Him That You Love Him,0,0,0
telling-my-troubles,Telling My Troubles,0,0,0
telling-my-troubles-to-my-old-guitar,Telling My Troubles To My Old Guitar,0,0,0
tell-it-like-it-was,Tell It Like It Was,0,1,2
tell-laura-i-love-her,Tell Laura I Love Her,0,0,1
tell-lorrie-i-love-her,Tell Lorrie I Love Her,0,0,0
tell-me,Tell Me,0,2,192
tell-me-about-it,Tell Me About It,0,0,4
tell-me-again,Tell Me Again,0,0,10
tell-me-how,Tell Me How,0,1,15
tell-me-more,Tell Me More,0,0,8
tell-me-my-lying-eyes-are-wrong,Tell Me My Lying Eyes Are Wrong,0,0,1
tell-me-now-or-tell-me-never,Tell Me Now Or Tell Me Never,1,0,0
tell-me-one-more-time,Tell Me One More Time,0,1,3
tell-me-pretty-words,Tell Me Pretty Words,0,0,0
tell-me-something-bad-about-tulsa,Tell Me Something Bad About Tulsa,0,0,1
tell-me-something-i-don-t-know,Tell Me Something I Don't Know,0,0,8
tell-me-that-you-love-me,Tell Me That You Love Me,0,3,9
tell-me-the-story-of-jesus,Tell Me The Story Of Jesus,0,2,0
tell-me-what-i-want-to-hear,Tell Me What I Want To Hear,0,0,0
tell-me-why,Tell Me Why,0,6,97
tell-me-why-my-daddy-dont-come-home,Tell Me Why My Daddy Don’t Come Home,1,6,0
tell-me-with-your-heart,Tell Me With Your Heart,0,0,0
tell-mother-i-ll-be-there,Tell Mother I'll Be There,0,2,1
tell-my-baby-i-love-her,Tell My Baby I Love Her,0,0,0
tell-ole-i-ain-t-here-he-better-get-on-home,Tell Ole I Ain't Here He Better Get On Home,0,0,0
tell-your-children,Tell Your Children,0,0,1
temperance-reel,Temperance Reel,1,8,1
temporarily-yours,Temporarily Yours,0,0,1
tempted,Tempted,0,1,12
tempted-1,Tempted,0,1,12
ten-cent-cotton,Ten Cent Cotton,0,0,0
ten-degrees-and-getting-colder,Ten Degrees And Getting Colder,1,5,1
tender-feeling,Tender Feeling,0,0,2
tender-hearted-baby,Tender Hearted Baby,0,0,0
tender-lie,Tender Lie,0,1,1
tender-lovin-care,Tender Lovin' Care,0,0,0
tenderly-calling,Tenderly Calling,0,1,1
tender-years,Tender Years,0,0,3
ten-dollars-and-a-clean-white-shirt,Ten Dollars And A Clean White Shirt,0,0,1
ten-feet-away,Ten Feet Away,0,0,1
ten-feet-tall-and-bulletproof,Ten Feet Tall And Bulletproof,0,0,1
ten-little-fingers,Ten Little Fingers,0,0,0
ten-little-numbers,Ten Little Numbers,0,0,0
ten-minutes-till-heartaches,Ten Minutes Till Heartaches,0,0,0
tennessee,Tennessee,1,14,23
tennessee-1,Tennessee,1,14,23
tennessee-1949,Tennessee 1949,1,6,1
tennessee-bird-walk,Tennessee Bird Walk,0,0,1
tennessee-blues,Tennessee Blues,1,13,4
tennessee-border,Tennessee Border,0,2,1
tennessee-breakdown,Tennessee Breakdown,1,6,1
tennessee-christmas,Tennessee Christmas,0,1,1
tennessee-church-bells,Tennessee Church Bells,0,0,0
tennessee-courage,Tennessee Courage,0,0,1
tennessee-farmer-the,Tennessee Farmer (The),0,0,0
tennessee-flat-top,Tennessee Flat Top,1,2,0
tennessee-girl,Tennessee Girl,0,0,1
tennessee-girls,Tennessee Girls,1,1,0
tennessee-grey-eagle,Tennessee Grey Eagle,1,0,0
tennessee-homesick-blues,Tennessee Homesick Blues,0,1,1
tennessee-hornpipe,Tennessee Hornpipe,1,0,0
tennessee-hound-dog,Tennessee Hound Dog,1,2,0
tennessee-jed,Tennessee Jed,1,1,1
tennessee-moon,Tennessee Moon,0,1,1
tennessee-mountain-fox-chase,Tennessee Mountain Fox Chase,1,3,0
tennessee-mountain-home,Tennessee Mountain Home,1,2,0
tennessee-nights,Tennessee Nights,0,0,0
tennessee-reel,Tennessee Reel,1,0,0
tennessee-river,Tennessee River,0,1,1
tennessee-rock-n-roll,Tennessee Rock'n Roll,0,0,0
tennessee-rose,Tennessee Rose,0,0,0
tennessee-saturday-night,Tennessee Saturday Night,0,0,1
tennessee-senorita,Tennessee Senorita,0,0,0
tennessee-stud,Tennessee Stud,1,13,1
tennessee-sunshine,Tennessee Sunshine,0,0,0
tennessee-tears,Tennessee Tears,0,0,0
tennessee-truck-driving-man,Tennessee Truck Driving Man,1,2,0
tennessee-two-step,Tennessee Two-Step,1,2,1
tennessee-wagoner,Tennessee Wagoner,1,12,1
tennessee-waltz,Tennessee Waltz,1,18,6
tennessee-waltz-1,Tennessee Waltz,1,18,6
tennessee-waltz-2-the,Tennessee Waltz (2) (The),1,0,0
tennessee-whiskey-lyrics-chords,Tennessee Whiskey Lyrics Chords,1,0,0
tennessee-woman,Tennessee Woman,0,0,2
ten-nights-in-a-bar-room,Ten Nights in a Bar Room,0,0,0
ten-rounds-with-jose-cuervo,Ten Rounds With Jose Cuervo,0,0,0
ten-shades-of-green,Ten Shades Of Green,0,0,0
ten-thousand-angels,Ten Thousand Angels,0,0,4
ten-thousand-drums,Ten Thousand Drums,0,0,0
ten-thousands-angels-cried,Ten Thousands Angels Cried,0,0,0
ten-thousand-teardrops,Ten Thousand Teardrops,0,0,0
ten-thousand-tears,Ten Thousand Tears,0,0,1
ten-years,Ten Years,0,1,15
ten-years-1,Ten Years,0,1,15
ten-years-three-kids-two-loves-too-late,Ten Years Three Kids Two Loves Too Late,0,0,0
terrible-tangled-web,Terrible Tangled Web,0,0,0
terrific-together,Terrific Together,0,0,0
texarkana-baby,Texarkana Baby,0,0,1
texas,Texas,1,5,37
texas-bein-texas,Texas Bein' Texas,0,0,0
texas-bluebonnets,Texas Bluebonnets,1,0,0
texas-blues,Texas Blues,0,3,4
texas-dance-hall-girl-with-chords,Texas Dance Hall Girl with chords,0,0,0
texas-echo,Texas Echo,0,0,1
texas-fiddle-song,Texas Fiddle Song,0,0,1
texas-gals,Texas Gals,0,2,0
texas-girl,Texas Girl,0,1,0
texas-heartache-number-one,Texas Heartache Number One,0,0,0
texas-honky-tonk,Texas Honky Tonk,0,0,0
texas-is-calling-me-home,Texas Is Calling Me Home,0,0,0
texas-lullaby,Texas Lullaby,0,0,3
texas-moon,Texas Moon,0,0,0
texas-playboy-rag,Texas Playboy Rag,0,0,1
texas-proud,Texas Proud,0,0,0
texas-quickstep,Texas Quickstep,0,2,1
texas-saturday-night,Texas Saturday Night,0,0,0
texas-schottische,Texas Schottische,1,0,0
texas-tea,Texas Tea,0,0,1
texas-up-here-tennessee,Texas Up Here Tennessee,0,0,0
texas-when-i-die,Texas When I Die,0,0,0
t-for-texas,T for Texas,1,9,0
thankful-for-your-love,Thankful For Your Love,0,0,0
thank-god,Thank God,0,0,9
thank-god-and-greyhound-you-re-gone,Thank God and Greyhound You're Gone,0,0,0
thank-god-for-a-mother-like-mine,Thank God For A Mother Like Mine,0,0,0
thank-god-for-believers,Thank God For Believers,0,0,0
thank-god-for-kids,Thank God For Kids,0,2,1
thank-god-for-the-radio,Thank God For The Radio,0,1,1
thank-god-for-the-radio-1,Thank God For The Radio,0,1,1
thank-god-for-the-u-s-a,Thank God For The U.S.A.,1,3,0
thank-god-i-am-free,Thank God I Am Free,0,0,0
thank-god-i-ve-got-you,Thank God I've Got You,0,0,0
thank-goodness-it-s-forever,Thank Goodness It's Forever,0,0,0
thank-heaven-for-sending-me-you,Thank Heaven For Sending Me You,0,0,0
thanks,Thanks,0,1,32
thanks-again,Thanks Again,0,2,3
thanks-a-lot,Thanks A Lot,1,3,5
thanks-a-lot-for-trying-anyway,Thanks A Lot For Trying Anyway,0,0,0
thanks-a-lot-with-chords,Thanks A Lot with chords,0,0,0
thanks-for-all-the-yesterdays,Thanks For All The Yesterdays,0,1,0
thanks-for-nothing,Thanks For Nothing,0,0,9
thanks-to-calvary,Thanks To Calvary,0,0,0
thank-you-darlin,Thank You Darlin',0,0,1
thank-you-for-a-life,Thank You For a Life,0,0,1
thank-you-for-being-you,Thank You For Being You,0,1,0
thank-you-for-calling,Thank You For Calling,0,0,1
thank-you-for-keeping-my-house,Thank You For Keeping My House,0,0,1
thank-you-for-loving-me,Thank You For Loving Me,0,0,4
thank-you-for-thinking-of-me,Thank You For Thinking Of Me,0,0,0
thank-you-lord-for-your-blessings-on-me,Thank You Lord For Your Blessings On Me,0,3,0
thank-you-old-flag-of-mine,Thank You Old Flag Of Mine,0,0,1
thank-you-teardrop,Thank You Teardrop,0,0,0
thank-you-world,Thank You World,0,1,2
that-ain-t-a-woman-s-way,That Ain't A Woman's Way,0,0,0
that-beautiful-picture,That Beautiful Picture,0,2,0
that-big-old-moon,That Big Old Moon,0,0,1
that-boy-s-got-the-habit,That Boy's Got The Habit,0,0,0
that-certain-one,That Certain One,0,0,0
that-christmasy-feeling,That Christmasy Feeling,0,0,1
that-dawn-the-day-you-left-me,That Dawn The Day You Left Me,1,0,0
that-do-make-it-nice,That Do Make It Nice,0,0,0
that-don-t-change-the-way-i-feel-about-you,That Don't Change The Way I Feel About You,0,0,0
that-dont-make-her-a-bad-girl,That Don’t Make Her A Bad Girl,0,0,0
that-feeling,That Feeling,0,0,10
that-girl-is-a-cowboy,That Girl Is A Cowboy,0,0,0
that-girl-who-waits-on-tables,That Girl Who Waits On Tables,0,0,0
that-glory-bound-train,That Glory Bound Train,1,0,0
that-happy-night,That Happy Night,1,2,0
that-home-above,That Home Above,1,4,1
that-home-far-away,That Home Far Away,1,4,1
that-honky-tonk-call,That Honky Tonk Call,0,0,0
that-hot-lick-fiddlin-man,That Hot Lick Fiddlin' Man,0,0,1
that-i-m-leavin-look-in-your-eyes,That I'm Leavin' Look In Your Eyes,0,0,0
that-just-about-does-it-don-t-it,That Just About Does it Don't it,0,0,0
that-kind-of-fool,That Kind Of Fool,0,0,1
that-little-boy-of-mine,That Little Boy Of Mine,0,0,1
that-little-kid-sister-of-mine,That Little Kid Sister Of Mine,0,5,1
that-ll-be-the-day,That'll Be the Day,0,0,6
that-loving-feeling,That Loving Feeling,0,0,4
that-makes-it-tough,That Makes It Tough,0,0,1
that-makes-two-of-us,That Makes Two of Us,0,0,2
that-makes-two-of-us-1,That Makes Two Of Us,0,0,2
that-makes-two-of-us-2,That Makes Two Of Us,0,0,2
that-new-old-fashioned-love,That New Old Fashioned Love,0,0,0
that-old-bourbon-street-church,That old Bourbon Street Church,0,0,0
that-old-silvertone,That Old Silvertone,0,0,0
that-old-texas-two-step,That Old Texas Two Step,0,0,0
that-old-wheel,That Old Wheel,0,0,1
that-ol-train,That Ol' Train,0,1,0
that-ol-wind,That Ol' Wind,0,0,1
that-over-thirty-look,That Over Thirty Look,0,0,0
that-rain-makin-baby-of-mine,That Rain Makin' Baby Of Mine,0,0,0
that-reminds-me-of-me,That Reminds Me Of Me,0,0,0
that-s-a-lie,That's A Lie,0,0,0
that-s-a-lie-1,That's A Lie,0,0,0
that-s-all-i-need-to-know,That's All I Need To Know,0,1,1
that-s-all-it-took,That's All It Took,0,1,1
that-s-all-over,That's All Over,0,0,1
that-s-all-right,That's All Right,0,6,5
that-s-all-she-needs-to-hear,That's All She Needs To Hear,0,0,0
that-s-all-she-wrote,That's All She Wrote,0,1,7
that-s-all-she-wrote-1,That's All She Wrote,0,1,7
that-s-all-that-matters,That's All That Matters,0,0,1
that-s-all-that-s-left-of-my-baby,That's All That's Left Of My Baby,0,0,1
that-s-all-you-gotta-do,That's All You Gotta Do,0,0,1
that-same-ol-look-of-love,That Same Ol' Look Of Love,0,0,0
that-same-spirit,That Same Spirit,0,0,0
that-s-a-sad-affair,That's A Sad Affair,0,0,1
that-s-enough,That's Enough,0,1,10
that-she-s-leaving-feeling,That She's Leaving Feeling,0,0,0
that-s-how-heartache-begins,That's How Heartache Begins,0,0,0
thats-how-i-got-to-memphis,That’s How I Got To Memphis,0,4,1
that-s-how-i-measure-my-love-for-you,That's How I Measure My Love For You,0,0,1
that-s-how-it-s-got-to-be,That's How It's Got To Be,0,0,0
that-s-how-much-i-love-you,That's How Much I Love You,0,0,3
that-s-jesus,That's Jesus,0,0,0
that-s-love,That's Love,0,2,12
that-s-me-every-chance-i-get,That's Me Every Chance I Get,0,0,0
that-s-me-without-you,That's Me Without You,0,0,1
that-s-my-desire,That's My Desire,0,0,1
thats-my-desire,That’s My Desire,0,0,1
that-s-my-heart-s-desire,That's My Heart's Desire,0,0,0
that-s-my-kind-of-woman,That's My Kind Of Woman,0,0,0
that-s-my-lord,That's My Lord,0,0,1
that-s-okay,That's Okay,0,0,1
that-something-in-my-life,That Something In My Life,0,0,1
that-song-is-driving-me-crazy,That Song Is Driving Me Crazy,0,0,1
that-spirit-of-christmas,That Spirit of Christmas,0,0,2
that-s-the-chance-i-ll-have-to-take,That's The Chance I'll Have To Take,0,1,1
that-s-the-day,That's The Day,0,0,0
that-s-the-kind-of-love-i-m-looking-for,That's The Kind Of Love I'm Looking For,0,0,0
that-s-the-man-i-m-looking-for,That's The Man I'm Looking For,0,1,0
that-s-the-only-way-to-cry,That's The Only Way To Cry,0,0,0
thats-the-recipe-for-a-heartache,That’s The Recipe For A Heartache,0,0,1
that-s-the-thing-about-a-memory,That's The Thing About A Memory,0,0,0
that-s-the-thing-about-love,That's The Thing About Love,0,0,1
that-s-the-truth,That's The Truth,0,0,3
that-s-the-way-i-feel,That's The Way I Feel,0,0,2
that-s-the-way-it-s-always-been,That's The Way It's Always Been,0,0,1
that-s-the-way-it-s-gotta-be,That's The Way It's Gotta Be,0,0,2
that-s-the-way-love-goes,That's the Way Love Goes,0,1,5
thats-the-way-that-it-goes,That’s the Way that it Goes,1,0,0
that-s-too-good-to-be-true,That's Too Good To Be True,0,0,1
that-stuff,That Stuff,0,0,0
that-summer,That Summer,0,0,2
that-s-what-breaking-hearts-do,That's What Breaking Hearts Do,0,0,0
that-s-what-fools-are-for,That's What Fools Are For,0,0,0
that-s-what-friends-are-for,That's What Friends Are For,0,0,9
that-s-what-he-said,That's What He Said,0,0,1
that-s-what-i-d-do-for-you,That's What I'd Do For You,0,0,0
that-s-what-i-do-best,That's What I Do Best,0,0,0
that-s-what-i-get-for-loving-you,That's What I Get For Loving You,0,0,1
thats-what-i-get-for-loving-you,That’s What I Get For Loving You,0,0,1
thats-what-i-like-about-the-south,That’s what I like about the South,1,0,0
that-s-what-i-m-like-without-you,That's What I'm Like Without You,0,0,1
that-s-what-i-tell-myself,That's What I Tell Myself,0,0,0
that-s-what-it-s-like-to-be-lonesome,That's What It's Like To Be Lonesome,0,0,2
that-s-what-lonesome-is,That's What Lonesome Is,0,0,1
that-s-what-made-me-love-you,That's What Made Me Love You,0,0,1
that-s-what-makes-the-jukebox-play,That's What Makes The Jukebox Play,0,0,1
that-s-what-sells-the-wine,That's What Sells The Wine,0,0,0
that-s-what-they-say,That's What They Say,0,0,3
that-s-what-you-do-to-me,That's What You Do To Me,0,0,1
that-s-what-you-do-to-me-1,That's What You Do To Me,0,0,1
that-s-what-you-get-for-loving-me,That's What You Get For Loving Me,0,2,0
that-s-what-you-think,That's What You Think,0,0,2
that-s-when-i-miss-you,That's When I Miss You,0,0,0
that-s-when-i-see-the-blues,That's When I See The Blues,0,0,0
that-s-when-it-hurts-the-most,That's When It Hurts The Most,0,0,0
that-s-when-it-s-coming-home-to-you,That's When It's Coming Home To You,0,0,0
that-s-when-she-started-to-stop-loving-you,That's When She Started To Stop Loving You,0,0,0
that-s-when-you-know-it-s-over,That's When You Know It's Over,0,0,0
that-s-when-your-heartaches-begins,That's When Your Heartaches Begins,0,0,0
that-s-where-i-draw-the-line,That's Where I Draw The Line,0,0,0
that-s-where-i-wanna-take-our-love,That's Where I Wanna Take Our Love,0,0,0
that-s-where-i-want-to-be,That's Where I Want To Be,0,0,1
that-s-where-my-baby-feels-at-home,That's Where My Baby Feels At Home,0,0,1
that-s-where-my-money-goes,That's Where My Money Goes,0,1,2
that-s-where-our-love-must-be,That's Where Our Love Must Be,0,0,1
that-s-why-i-cry,That's Why I Cry,0,0,0
that-s-why-i-love-you-like-i-do,That's Why I Love You Like I Do,0,0,1
that-s-why-i-love-you-so-much,That's Why I Love You So Much,0,0,1
that-s-why-i-m-walking,That's Why I'm Walking,0,0,0
that-s-why-jesus-went-to-calvary,That's Why Jesus Went To Calvary,0,0,1
that-warm-summer-night,That Warm Summer Night,0,0,1
that-was-the-way-it-was-then,That Was The Way It Was Then,0,0,1
that-was-us,That Was Us,0,0,1
that-wild-and-wicked-look-in-your-eye,That Wild And Wicked Look In Your Eye,0,0,0
that-woman-of-mine,That Woman Of Mine,0,0,0
that-wonderful-someone,That Wonderful Someone,0,0,1
the-air-conditioner-song,The Air Conditioner Song,0,0,1
the-alabama-waltz,The Alabama Waltz,1,3,1
the-almighty-power-of-a-good-woman-s-love,The Almighty Power Of A Good Woman's Love,0,0,0
the-alphabet,The Alphabet,0,0,16
the-andy-griffith-show,The Andy Griffith Show,0,0,1
the-angel-and-the-little-blue-bell,The Angel And The Little Blue Bell,0,0,1
the-angel-of-death,The Angel Of Death,0,4,22
the-angels-are-singing,The Angels Are Singing,1,2,1
the-angels-cried,The Angels Cried,0,2,2
the-angel-song,The Angel Song,0,1,7
the-angels-rejoiced-last-night,The Angels Rejoiced Last Night,1,5,1
the-animal-of-man,The Animal Of Man,0,1,1
the-answer-is-love,The Answer Is Love,0,0,2
the-armour,The Armour,0,0,12
the-arms-of-my-love,The Arms Of My Love,0,0,0
the-auction,The Auction,0,0,14
the-back-of-my-hand,The Back Of My Hand,0,0,5
the-ballad-of-jed-clampett,The Ballad of Jed Clampett,1,10,1
the-ballad-of-paladin,The Ballad Of Paladin,0,0,1
the-ballad-of-thunder-road,The Ballad Of Thunder Road,0,2,1
the-band-keeps-playing,The Band Keeps Playing,0,0,0
the-baptism-of-jesse-taylor,The Baptism Of Jesse Taylor,1,6,1
the-barn-dance,The Barn Dance,0,0,10
the-battle-for-daddy-s-soul,The Battle For Daddy's Soul,0,0,0
the-battle-of-armageddon,The Battle of Armageddon,0,1,2
the-beaches-of-cheyenne,The Beaches Of Cheyenne,0,0,1
the-beautiful-city,The Beautiful City,0,1,3
the-bedroom,The Bedroom,0,0,18
the-bed-you-made-for-me,The Bed You Made For Me,0,0,0
the-beech-nut-tree,The Beech Nut Tree,1,3,0
the-beginning-and-the-end,The Beginning And The End,0,0,9
the-beginning-of-goodbye,The Beginning Of Goodbye,0,0,1
the-beginning-of-the-end,The Beginning Of The End,0,2,69
the-beginning-of-the-end-1,The Beginning Of The End,0,2,69
the-beginning-of-the-end-2,The Beginning Of The End,0,2,69
the-bells-of-st-marys,The Bells of St. Mary's,1,4,2
the-bells-that-broke-my-heart,The Bells That Broke My Heart,0,0,0
the-bend-in-the-river,The Bend In The River,0,1,3
the-best-day,The Best Day,0,0,8
the-best-dressed-beggar-in-town,The Best Dressed Beggar In Town,0,2,0
the-best-game-in-town,The Best Game In Town,0,0,1
the-best-i-can-give-her,The Best I Can Give Her,0,0,1
the-best-i-ever-had,The Best I Ever Had,0,0,6
the-best-i-ever-had-1,The Best I Ever Had,0,0,6
the-best-i-have,The Best I Have,0,0,0
the-best-i-know-how,The Best I Know How,0,0,0
the-best-part-of-loving-you,The Best Part Of Loving You,0,0,0
the-best-thing-going,The Best Thing Going,0,0,0
the-best-way-i-know-how,The Best Way I Know How,0,0,0
the-bible-trail,The Bible Trail,0,0,0
the-big-beat,The Big Beat,0,0,6
the-bigger-the-fool-the-harder-the-fall,The Bigger The Fool The Harder The Fall,0,1,0
the-big-heartbreak,The Big Heartbreak,0,0,0
the-big-man-above,The Big Man Above,0,0,0
the-big-one,The Big One,0,0,9
the-bird-i-held-in-my-hand,The Bird I Held In My Hand,0,0,0
the-birds-and-the-bees,The Birds And The Bees,0,0,4
the-birds-and-the-bees-1,The Birds And The Bees,0,0,4
the-birthday-of-our-king,The Birthday Of Our King,0,2,0
the-birth-of-the-blues,The Birth Of The Blues,0,5,1
the-blame,The Blame,0,0,45
the-blame-lies-with-me,The Blame Lies With Me,0,0,0
the-blessings,The Blessings,0,0,15
the-blind-child,The Blind Child,0,0,1
the-blind-man,The Blind Man,0,1,18
the-blizzard,The Blizzard,0,3,33
the-blood-that-stained-the-old-rugged-cross,The Blood That Stained The Old Rugged Cross,0,1,1
the-bluebirds-are-singing-for-me,The Bluebirds Are Singing For Me,1,10,0
the-blues-come-around,The Blues Come Around,0,0,1
the-blues-come-in,The Blues Come In,0,0,0
the-blues-don-t-care-who-s-got-em,The Blues Don't Care Who's Got 'Em,0,0,1
the-blues-don-t-care-who-s-got-em-1,The Blues Don't Care Who's Got 'Em,0,0,1
the-blues-in-black-and-white,The Blues In Black And White,0,0,0
the-blues-man,The Blues Man,0,2,5
the-bluest-eyes-in-texas,The Bluest Eyes In Texas,0,0,1
the-bluest-man-in-town,The Bluest Man In Town,1,4,2
the-boat-of-love,The Boat Of Love,1,8,2
the-bobba-wobba-wedding,The Bobba Wobba Wedding,0,0,0
the-borderline,The Borderline,0,2,89
the-bottle-for-the-cross,The Bottle For The Cross,0,0,0
the-bottle-is-just-fooling-you,The Bottle Is Just Fooling You,0,0,0
the-bottle-let-me-down,The Bottle Let Me Down,0,5,2
the-bottle-that-pours-the-wine,The Bottle That Pours The Wine,0,0,0
the-bottle-the-glass-and-me,The Bottle The Glass And Me,0,0,0
the-box,The Box,0,0,56
the-boxer,The Boxer,0,3,17
the-box-it-came-in,The Box It Came In,0,0,1
the-boy-who-didn-t-pass,The Boy Who Didn't Pass,0,0,0
the-boy-who-wouldnt-hoe-corn,The Boy Who Wouldn't Hoe Corn,1,2,2
the-brakeman-s-blues,The Brakeman's Blues,1,10,1
the-brakemans-blues,The Brakeman’s Blues,1,10,1
the-bramble-and-the-rose,The Bramble And The Rose,0,3,1
the-bridge,The Bridge,1,5,101
the-bridge-i-have-never-crossed,The Bridge I Have Never Crossed,0,0,0
the-bridge-i-m-still-building-on,The Bridge I'm Still Building On,0,0,1
the-bridge-of-love,The Bridge Of Love,0,0,1
the-bright-crystal-sea,The Bright Crystal Sea,0,1,0
the-burden-of-freedom,The Burden of Freedom,0,0,1
the-butcher-boy,The Butcher Boy,1,5,2
the-call,The Call,0,1,115
the-call-1,The Call,0,1,115
the-call-2,The Call,0,1,115
the-calvary-road,The Calvary Road,0,0,0
the-captive,The Captive,0,0,21
the-carpenter,The Carpenter,0,0,3
the-carter-boys,The Carter Boys,0,0,1
the-cat-came-back,The Cat Came Back,1,5,1
the-chair,The Chair,0,1,15
the-cheating-game,The Cheating Game,0,0,0
the-children-are-crying,The Children Are Crying,0,3,2
the-child-s-side-of-life,The Child's Side Of Life,0,0,1
the-chill-of-an-early-fall,The Chill Of An Early Fall,0,0,0
the-chocolate-song,The Chocolate Song,0,0,3
the-choices-she-made-now,The Choices She Made Now,0,0,0
the-choking-kind,The Choking Kind,0,0,0
the-christmas-song-chestnuts-roasting-on-an-open-fire-chords,The Christmas Song (Chestnuts Roasting On An Open Fire) chords,0,0,0
the-christmas-spirit,The Christmas Spirit,0,1,7
the-christmas-tree,The Christmas Tree,0,0,15
the-church-back-home,The Church Back Home,0,3,1
the-church-by-the-road,The Church By The Road,0,1,0
the-church-in-the-wildwood,The Church In The Wildwood,1,6,2
the-circle-game,The Circle Game,0,0,6
the-circuit-ridin-preacher,The Circuit Ridin' Preacher,0,0,0
the-city,The City,0,0,105
the-city-cries-at-night,The City Cries at Night,0,0,0
the-closer-you-are,The Closer You Are,0,0,2
the-closer-you-get,The Closer You Get,0,0,3
the-closest-thing-to-heaven,The Closest Thing To Heaven,0,2,6
the-closest-thing-to-love,The Closest Thing To Love,0,0,1
the-closest-thing-to-me,The Closest Thing To Me,0,0,0
the-clown,The Clown,0,0,41
the-coast-is-clear,The Coast Is Clear,0,0,5
the-cold-grey-light-of-dawn,The Cold Grey Light of Dawn,0,0,0
the-cold-hard-facts,The Cold Hard Facts,0,2,1
the-cold-hard-truth,The Cold Hard Truth,0,1,5
the-color-of-love,The Color of Love,0,0,5
the-comancheros,The Comancheros,0,0,2
the-comeback,The Comeback,0,0,34
the-conversion-of-ronnie-jones,The Conversion Of Ronnie Jones,0,0,0
the-coo-coo-bird,The Coo-Coo Bird,1,13,0
the-coolest-pair,The Coolest Pair,0,0,0
the-court-of-love,The Court Of Love,0,1,1
the-covered-wagon-rolled-right-along,The Covered Wagon Rolled Right Along,0,0,1
the-cowboy,The Cowboy,0,2,42
the-cowboy-and-the-lady,The Cowboy And The Lady,0,1,2
the-cowboy-rides-away,The Cowboy Rides Away,0,0,1
the-creek-will-still-be-running,The Creek Will Still Be Running,0,0,0
the-crowd,The Crowd,0,3,6
the-crow-flying-backwards,The Crow Flying Backwards,0,0,0
the-cuckoo,The Cuckoo,1,11,32
the-cuckoo-bird,The Cuckoo Bird,1,11,0
the-dance,The Dance,0,0,169
the-darker-the-night-the-better-i-see,The Darker The Night The Better I See,0,1,0
the-darkest-hour-lyrics-chords,The Darkest Hour Lyrics Chords,0,0,0
the-day-elvis-died,The Day Elvis Died,0,0,0
the-day-has-passed,The Day Has Passed,1,0,0
the-day-he-turned-sixty-five,The Day He Turned Sixty-Five,0,0,0
the-day-is-almost-over,The Day Is Almost Over,0,0,0
the-days-not-over-yet,The Day’s Not Over Yet,0,0,0
the-day-that-love-walked-in,The Day That Love Walked In,0,0,0
the-day-the-rains-came,The Day The Rains Came,0,0,1
the-day-the-saw-mill-closed-down,The Day The Saw Mill Closed Down,0,0,1
the-day-the-world-stood-still,The Day The World Stood Still,0,1,3
the-day-will-come,The Day Will Come,0,2,10
the-day-you-stop-loving-me,The Day You Stop Loving Me,0,0,1
the-deal-s-still-on,The Deal's Still On,0,0,0
the-decision,The Decision,0,0,57
the-deeper-we-fall,The Deeper We Fall,0,0,0
the-devil-ain-t-a-lonely-woman-s-friend,The Devil Ain't a Lonely Woman's Friend,0,0,1
the-devil-aint-lazy,The Devil Ain’t Lazy,0,0,1
the-devil-made-a-masterpiece,The Devil Made A Masterpiece,0,0,1
the-devils-right-hand,The Devil’s Right Hand,0,1,1
the-devils-train,The Devil’s Train,0,1,0
the-difference-between-going-and-really-gone,The Difference Between Going And Really Gone,0,0,0
the-dj-cried,The DJ Cried,0,0,0
the-dogs-they-really-miss-you,The Dogs They Really Miss You,0,1,0
the-doll-house-is-empty,The Doll House Is Empty,0,0,0
the-door,The Door,0,0,64
the-door-is-always-open,The Door Is Always Open,0,1,1
the-door-is-still-open-to-my-heart,The Door Is Still Open To My Heart,0,0,0
the-dream,The Dream,0,6,344
the-east-bound-train,The East Bound Train,1,5,1
the-eastern-gate,The Eastern Gate,0,1,2
the-easy-part-s-over-now,The Easy Part's Over Now,0,0,0
the-easy-way,The Easy Way,0,0,11
the-echo-of-your-footsteps,The Echo of Your Footsteps,0,0,1
the-electrified-donkey,The Electrified Donkey,0,1,0
the-emptiest-arms-in-the-world,The Emptiest Arms in the World,0,0,1
the-end,The End,0,3,340
the-end-of-the-lyin,The End Of The Lyin',0,0,0
the-end-of-the-road,The End Of The Road,0,3,47
the-end-of-the-road-1,The End Of The Road,0,3,47
the-end-of-time,The End Of Time,0,0,42
the-end-of-understanding,The End Of Understanding,0,0,1
the-eyes-of-the-world,The Eyes Of The World,0,1,9
the-fall-that-pride-goes-before,The Fall That Pride Goes Before,0,0,0
the-family-who-prays-never-shall-part,The Family Who Prays Never Shall Part,1,2,0
the-farther-i-go,The Farther I Go,0,0,2
the-feeling-never-goes-away,The Feeling Never Goes Away,0,0,0
the-fiddle-man,The Fiddle Man,0,0,0
the-fiddler,The Fiddler,0,3,6
the-fields-have-turned-brown,The Fields Have Turned Brown,1,12,1
the-fields-of-home,The Fields Of Home,0,3,3
the-fighting-side-of-me,The Fighting Side Of Me,0,2,0
the-fireman,The Fireman,0,0,16
the-first-christmas,The First Christmas,0,0,5
the-first-day,The First Day,0,0,40
the-first-hello-the-last-goodbye,The First Hello The Last Goodbye,0,0,1
the-first-in-line,The First In Line,0,1,5
the-first-noel,The First Noel,1,14,22
the-first-one-to-find-that-rainbow,The First One To Find That Rainbow,0,0,0
the-first-step-down-is-the-longest,The First Step Down Is The Longest,0,0,0
the-first-time,The First Time,0,3,77
the-first-time-1,The First Time,0,3,77
the-first-time-i-heard-about-heaven,The First Time I Heard About Heaven,0,1,0
the-fish-aren-t-biting-today,The Fish Aren't Biting Today,0,0,0
the-flame,The Flame,0,2,70
the-fool,The Fool,0,1,104
the-fool-strikes-again,The Fool Strikes Again,0,0,1
the-footsteps-of-my-lord,The Footsteps of My Lord,0,0,0
the-fragrance-of-her-perfume,The Fragrance Of Her Perfume,0,0,0
the-funeral,The Funeral,0,0,134
the-future-remains,The Future Remains,0,0,0
the-gambler,The Gambler,0,1,26
the-games-people-play,The Games People Play,0,2,3
the-games-that-daddies-play,The Games That Daddies Play,0,0,1
the-garden,The Garden,0,2,159
the-garden-wall,The Garden Wall,0,0,1
the-ghost-of-jim-bob-wilson,The Ghost Of Jim Bob Wilson,0,0,0
the-gift,The Gift,0,2,142
the-gift-1,The Gift,0,2,142
the-girl-at-the-end-of-the-bar,The Girl At The End Of The Bar,0,0,1
the-girl-behind-the-bar,The Girl Behind The Bar,0,3,2
the-girl-from-the-canyon,The Girl From The Canyon,0,2,1
the-girl-i-left-behind-me,The Girl I Left Behind Me,1,15,5
the-girl-i-left-in-sunny-tennessee,The Girl I Left In Sunny Tennessee,1,9,1
the-girl-i-love,The Girl I Love,0,4,5
the-girl-i-love-1,The Girl I Love,0,4,5
the-girl-i-love-don-t-pay-me-no-mind,The Girl I Love Don't Pay Me No Mind,1,7,1
the-girl-i-never-loved,The Girl I Never Loved,0,0,1
the-girl-in-my-life,The Girl In My Life,0,0,0
the-girl-in-the-blue-velvet-band,The Girl in the Blue Velvet Band,1,12,1
the-girl-in-the-valley,The Girl In The Valley,0,1,0
the-girl-i-used-to-run-around-on,The Girl I Used To Run Around On,0,0,0
the-girl-of-my-best-friend,The Girl Of My Best Friend,0,0,1
the-girl-on-the-billboard,The Girl on the Billboard,0,2,1
the-girl-who-broke-my-heart,The Girl Who Broke My Heart,1,0,2
the-girl-with-gardenias-in-her-hair,The Girl With Gardenias In Her Hair,0,0,0
the-gloaming-robert-wheeler-iv,The Gloaming,1,0,8
the-gloryland-way,The Gloryland Way,0,1,0
the-glory-of-the-lord-came-down,The Glory Of The Lord Came Down,0,0,0
the-gods-were-angry-with-me,The Gods Were Angry With Me,0,0,1
the-god-that-never-fails,The God That Never Fails,1,0,0
the-golden-hills-ahead,The Golden Hills Ahead,0,0,0
the-good-book-song,The Good Book Song,0,0,1
the-goodbye-of-the-year,The Goodbye Of The Year,0,0,0
the-good-lord-giveth-and-uncle-sam-taketh-away,The Good Lord Giveth (And Uncle Sam Taketh Away),0,0,0
the-good-lord-knows-i-tried,The Good Lord Knows I Tried,0,0,1
the-good-lord-must-have-sent-you,The Good Lord Must Have Sent You,0,0,0
the-good-old-days,The Good Old Days,0,4,35
the-good-ole-bible,The Good Ole Bible,0,0,0
the-gosh-darn-wheel,The Gosh Darn Wheel,0,0,0
the-gospel-according-to-luke,The Gospel According To Luke,0,1,0
the-gospel-way,The Gospel Way,0,3,1
the-grandest-lady-of-them-all,The Grandest Lady Of Them All,0,0,0
the-grand-tour,The Grand Tour,0,0,8
the-grass-is-always-greener,The Grass Is Always Greener,0,0,3
the-grass-looks-greener-over-yonder,The Grass Looks Greener Over Yonder,0,0,1
the-great-atomic-power,The Great Atomic Power,0,2,1
the-great-divide,The Great Divide,0,2,51
the-great-divide-1,The Great Divide,0,2,51
the-greatest,The Greatest,0,0,24
the-greatest-actor,The Greatest Actor,0,0,0
the-greatest-christmas-gift,The Greatest Christmas Gift,0,0,2
the-greatest-cowboy-of-all,The Greatest Cowboy Of All,0,0,0
the-greatest-friend-of-all,The Greatest Friend Of All,0,0,1
the-great-judgment-morning,The Great Judgment Morning,0,2,1
the-great-judgment-morning-1,The Great Judgment Morning,0,2,1
the-great-mail-robbery,The Great Mail Robbery,0,0,0
the-great-pretender,The Great Pretender,0,4,12
the-great-pretender-1,The Great Pretender,0,4,12
the-great-snowman,The Great Snowman,0,0,1
the-great-society,The Great Society,0,0,2
the-great-speckled-bird,The Great Speckled Bird,1,13,2
the-green-rolling-hills-of-west-virginia,The Green Rolling Hills Of West Virginia,1,3,1
the-greenville-trestle,The Greenville Trestle,0,0,0
the-greenville-trestle-high,The Greenville Trestle High,1,4,1
the-gulf-of-mexico,The Gulf Of Mexico,0,2,5
the-guns-of-johnny-rondo,The Guns Of Johnny Rondo,0,0,0
the-gun-the-gold-and-the-girl,The Gun The Gold And The Girl,0,0,0
the-hands-of-a-man,The Hands Of A Man,0,0,0
the-hands-you-re-holding-now,The Hands You're Holding Now,0,0,1
the-hand-that-rocks-the-cradle,The Hand That Rocks The Cradle,0,1,4
the-hanging-tree,The Hanging Tree,0,0,13
the-happiest-girl-in-the-whole-u-s-a,The Happiest Girl In The Whole U.S.A.,0,0,0
the-happiness-of-having-you,The Happiness Of Having You,0,0,1
the-hardest-part-of-livin-s-loving-me,The Hardest Part Of Livin's Loving Me,0,0,0
the-hard-times-will-be-the-best-times,The Hard Times Will Be The Best Times,0,0,1
the-harm-you-ve-done,The Harm You've Done,0,0,0
the-harvest-is-ripe,The Harvest Is Ripe,0,0,0
the-hat,The Hat,0,0,7
the-heart,The Heart,0,3,91
the-heartaches-are-free,The Heartaches Are Free,0,0,0
the-heart-of-a-clown,The Heart of a Clown,0,0,1
the-heart-of-worship,The Heart of Worship,0,0,1
the-high-road,The High Road,1,4,21
the-highwaymen,The Highwaymen,0,0,1
the-hills-of-caroline,The Hills Of Caroline,0,2,1
the-hills-of-roane-county,The Hills Of Roane County,1,11,1
the-hills-that-i-call-home,The Hills That I Call Home,1,0,0
the-hinges-on-the-door,The Hinges On The Door,0,0,0
the-hole,The Hole,0,1,45
the-hole-he-said-he-d-dig-for-me,The Hole He Said He'd Dig For Me,0,0,1
the-holy-city,The Holy City,0,1,4
the-holy-hills-of-heaven-call-me,The Holy Hills Of Heaven Call Me,0,0,1
the-honky-tonks-are-calling-me-again,The Honky Tonks Are Calling Me Again,0,0,0
the-honky-tonk-side-of-me,The Honky Tonk Side Of Me,0,0,0
the-house-we-ve-been-calling-home,The House We've Been Calling Home,0,0,0
the-human-race-1,The Human Race,0,0,17
the-hunger,The Hunger,0,2,80
the-hurt-feels-so-good,The Hurt Feels So Good,0,0,0
the-hurt-goes-on,The Hurt Goes On,0,0,1
the-hurtin-s-all-over,The Hurtin's All Over,0,0,1
the-hurt-is-on,The Hurt Is On,0,0,0
the-image-of-me,The Image of Me,0,0,2
the-image-of-me-1,The Image of Me,0,0,2
the-irish-washerwoman,The Irish Washerwoman,1,2,3
the-jamestown-ferry,The Jamestown Ferry,0,0,1
the-jogger,The Jogger,0,0,3
the-joy-of-being-a-woman,The Joy Of Being A Woman,0,0,1
the-joy-of-christmas,The Joy Of Christmas,0,0,2
the-jukebox-never-plays-home-sweet-home,The Jukebox Never Plays Home Sweet Home,0,0,0
the-jukebox-played-along,The Jukebox Played Along,0,0,0
the-keeper-of-the-key,The Keeper of the Key,0,0,2
the-kentuckian-song,The Kentuckian Song,0,1,1
the-key,The Key,1,4,69
the-key-s-in-the-mailbox,The Key's in the Mailbox,0,1,1
the-key-that-fits-her-door,The Key That Fits Her Door,0,0,0
the-key-to-life,The Key To Life,0,1,5
the-kind-of-love-i-can-t-forget,The Kind Of Love I Can't Forget,0,0,1
the-kind-of-love-i-cant-forget,The Kind Of Love I Can’t Forget,0,0,1
the-kind-of-love-she-gave-to-me,The Kind Of Love She Gave To Me,0,0,1
the-kind-of-needin-i-need,The Kind Of Needin' I Need,0,0,1
the-kind-of-woman-ive-got,The Kind Of Woman I’ve Got,0,0,0
the-kingdom-of-heaven-is-at-hand,The Kingdom Of Heaven Is At Hand,0,0,0
the-king-is-coming,The King Is Coming,0,0,4
the-king-is-gone-so-are-you,The King Is Gone So Are You,0,0,0
the-king-of-broken-hearts,The King Of Broken Hearts,0,2,2
the-king-of-oak-street,The King Of Oak Street,0,0,0
the-king-of-western-swing,The King Of Western Swing,0,0,0
the-knoxville-girl,The Knoxville Girl,1,14,3
the-lady-s-got-pride,The Lady's Got Pride,0,0,0
the-lady-takes-a-cowboy-everytime,The Lady Takes A Cowboy Everytime,0,0,0
the-last-cheater-s-waltz,The Last Cheater's Waltz,0,0,1
the-last-farewell,The Last Farewell,0,0,22
the-last-few-miles-i-ve-traveled-on-my-knees-chords,The Last Few Miles I've Traveled On My Knees chords,0,0,0
the-last-goodbye,The Last Goodbye,0,0,64
the-last-letter,The Last Letter,1,10,11
the-last-look-at-mother,The Last Look At Mother,0,0,0
the-last-love-song,The Last Love Song,0,0,10
the-last-mountain,The Last Mountain,0,0,2
the-last-one-to-know,The Last One To Know,0,0,6
the-last-one-to-touch-me,The Last One To Touch Me,0,1,1
the-last-round-up,The Last Round Up,0,0,1
the-last-suit-you-wear,The Last Suit You Wear,0,1,0
the-last-supper,The Last Supper,0,0,21
the-last-thing-i-planned-to-do-today-was-cheat,The Last Thing I Planned To Do Today Was Cheat,0,0,0
the-last-thing-on-my-mind,The Last Thing On My Mind,1,19,5
the-last-time,The Last Time,0,2,96
the-last-time-i-called-somebody-darlin,The Last Time I Called Somebody Darlin',0,0,0
the-last-time-i-saw-her-face,The Last Time I Saw Her Face,0,0,0
the-last-time-the-first-time,The Last Time The First Time,0,0,0
the-last-town-i-painted,The Last Town I Painted,0,0,1
the-last-walk,The Last Walk,0,0,9
the-last-waltz-lyrics-chords,The Last Waltz Lyrics Chords,0,0,0
the-last-word-in-lonesome-is-me,The Last Word in Lonesome Is Me,0,2,1
the-latest-shade-of-blue,The Latest Shade Of Blue,0,0,0
the-laying-on-of-hands,The Laying On Of Hands,0,0,0
the-leaf-of-love,The Leaf Of Love,1,0,1
the-leaves-mustn-t-fall,The Leaves Mustn't Fall,0,0,0
the-legend-of-bonnie-and-clyde,The Legend Of Bonnie and Clyde,0,1,1
the-legend-of-the-johnson-boys,The Legend of the Johnson Boys,1,5,1
the-letter-that-johnny-walker-read,The Letter That Johnny Walker Read,0,0,1
the-letter-that-never-came,The Letter That Never Came,0,1,1
the-life-of-a-fool,The Life Of A Fool,0,0,1
the-life-of-the-party,The Life Of The Party,0,4,14
the-life-story-of-hank-williams,The Life Story Of Hank Williams,0,0,0
the-life-they-live-in-song,The Life They Live In Song,0,0,0
the-light,The Light,0,3,196
the-lighthouse,The Lighthouse,1,5,125
the-lighthouses-tale,The Lighthouse's Tale,1,0,1
the-light-in-your-eyes,The Light In Your Eyes,0,0,9
the-likes-of-you,The Likes Of You,0,1,3
the-little-folks,The Little Folks,0,3,2
the-little-girl-in-my-hometown,The Little Girl In My Hometown,0,0,0
the-little-lady-preacher,The Little Lady Preacher,0,0,1
the-little-mountain-church,The Little Mountain Church,1,2,0
the-little-mountain-church-house,The Little Mountain Church House,0,2,0
the-little-old-church-by-the-road,The Little Old Church By The Road,1,1,0
the-ln-dont-stop-here-anymore,The L&N Don’t Stop Here Anymore,1,3,0
the-locket,The Locket,0,1,12
the-lone-green-valley,The Lone Green Valley,1,0,0
the-loneliest-girl-in-the-crowd,The Loneliest Girl In The Crowd,0,0,1
the-loneliest-sound,The Loneliest Sound,0,0,0
the-lonely-know-my-secret,The Lonely Know My Secret,0,0,1
the-lonely-side-of-love,The Lonely Side Of Love,0,2,2
the-lonely-years-belong-to-me,The Lonely Years Belong To Me,1,0,0
the-lone-ranger,The Lone Ranger,0,1,9
the-lonesome-in-me,The Lonesome In Me,0,0,0
the-lonesome-river,The Lonesome River,1,18,2
the-lonesomest-lonesome,The Lonesomest Lonesome,0,0,2
the-longer-we-re-together,The Longer We're Together,0,0,0
the-longer-you-wait,The Longer You Wait,1,0,1
the-long-way,The Long Way,0,1,29
the-look-in-baby-s-eyes,The Look In Baby's Eyes,0,0,0
the-lord-is-counting-on-you,The Lord Is Counting On You,0,1,0
the-lord-is-smiling-on-me,The Lord Is Smiling On Me,0,1,1
the-lord-knows-i-m-drinking,The Lord Knows I'm Drinking,0,1,1
the-lord-made-a-hobo-out-of-me,The Lord Made A Hobo Out Of Me,0,0,0
the-lord-s-last-supper,The Lord's Last Supper,1,11,1
the-lord-s-prayer,The Lord's Prayer,0,1,41
the-lord-s-way-of-saying-goodnight,The Lord's Way Of Saying Goodnight,0,0,0
the-loser,The Loser,0,4,79
the-lost-soul,The Lost Soul,0,2,24
the-love-i-have-for-you,The Love I Have For You,0,0,1
the-love-of-god,The Love Of God,0,1,7
the-love-you-steal,The Love You Steal,0,0,0
the-loving-gift,The Loving Gift,0,0,1
the-luckiest-guy-in-the-world,The Luckiest Guy In The World,0,1,1
the-maker-said-take-her,The Maker Said Take Her,0,0,1
the-man-and-me-and-you,The Man And Me And You,0,0,0
the-man-in-love-with-you,The Man In Love With You,0,0,1
the-man-i-used-to-be,The Man I Used To Be,0,0,5
the-man-i-was,The Man I Was,0,0,1
the-man-on-the-hill,The Man On The Hill,0,0,1
the-mansion-you-stole,The Mansion You Stole,0,0,1
the-man-that-broke-your-heart,The Man That Broke Your Heart,0,0,0
the-man-that-turned-my-mama-on,The Man That Turned My Mama On,0,0,1
the-man-upstairs,The Man Upstairs,0,0,2
the-man-who-had-everything,The Man Who Had Everything,0,0,1
the-man-who-owes-everyone,The Man Who Owes Everyone,0,0,0
the-man-who-picked-the-wildwood-flower,The Man Who Picked The Wildwood Flower,0,0,1
the-man-who-shot-liberty-valance,The Man Who Shot Liberty Valance,0,0,1
the-man-worth-loving-you,The Man Worth Loving You,0,0,0
the-man-you-want-me-to-be,The Man You Want Me To Be,0,0,0
the-mark-around-my-finger,The Mark Around My Finger,0,0,0
the-mark-of-a-heel,The Mark Of A Heel,0,0,0
the-masquerade-party,The Masquerade Party,0,0,1
the-master-s-call,The Master's Call,0,1,1
the-master-s-touch,The Master's Touch,0,0,1
the-meeting-in-the-air,The Meeting in the Air,0,3,1
the-memory,The Memory,0,1,126
the-memory-of-an-old-christmas-card,The Memory Of An Old Christmas Card,0,0,0
the-memory-of-your-smile,The Memory of Your Smile,1,8,1
the-middle-of-nowhere,The Middle Of Nowhere,0,1,13
the-minute-men-are-turning-in-their-graves,The Minute Men (Are Turning In Their Graves),0,0,0
the-minute-you-re-gone,The Minute You're Gone,0,0,1
the-miracle-of-the-rosary,The Miracle Of The Rosary,0,0,1
the-missing-piece-of-puzzle,The Missing Piece Of Puzzle,0,0,1
the-missouri-waltz,The Missouri Waltz,0,1,1
the-model-church,The model church,1,8,0
the-moon-is-high,The Moon Is High,0,0,4
the-moon-the-stars-and-me,The Moon The Stars And Me,0,1,1
the-more-i-do,The More I Do,0,0,1
the-more-i-see-of-those-cowboys,The More I See Of Those Cowboys,0,0,0
the-more-you-trusted-me,The More You Trusted Me,0,0,0
the-morning-after,The Morning After,0,0,65
the-most-beautiful-girl,The Most Beautiful Girl,0,1,6
the-mountain,The Mountain,1,3,100
the-mountain-of-everlasting-life,The Mountain Of Everlasting Life,0,0,0
the-movies,The Movies,0,0,16
then-again,Then Again,0,1,8
the-nail-scarred-hand,The Nail Scarred Hand,0,0,0
then-and-only-then,Then And Only Then,0,0,1
the-nearness-of-you,The Nearness Of You,0,0,5
the-neon-and-the-rain,The Neon And The Rain,0,0,0
the-neon-lights,The Neon Lights,0,0,15
the-new-wears-off-too-fast,The New Wears Off Too Fast,0,0,1
then-for-them,Then For Them,0,0,0
then-go-home-to-her,Then Go Home To Her,0,0,1
then-he-touched-me,Then He Touched Me,0,0,1
then-i-found-you,Then I Found You,0,0,2
the-night-hank-williams-came-to-town,The Night Hank Williams Came To Town,0,0,1
the-night-is-young,The Night Is Young,0,0,7
the-night-s-just-right-for-love,The Night's Just Right For Love,0,0,0
the-night-s-too-long,The Night's Too Long,0,1,1
the-night-they-drove-old-dixie-down,The Night They Drove Old Dixie Down,1,4,1
the-night-watch,The Night Watch,0,0,26
then-i-ll-be-free,Then I'll Be Free,0,0,0
then-i-ll-come-back-to-you,Then I'll Come Back To You,0,1,1
then-i-ll-stop-loving-you,Then I'll Stop Loving You,0,0,1
then-i-ll-stop-loving-you-1,Then I'll Stop Loving You,0,0,1
then-i-met-the-master,Then I Met The Master,0,0,1
then-it-s-love,Then It's Love,0,0,1
then-i-turned-and-walked-slowly-away,Then I Turned and Walked Slowly Away,0,0,1
then-maybe-i-can-get-some-sleep,Then Maybe I Can Get Some Sleep,0,0,1
the-north-won-the-war-again-last-night,The North Won The War Again Last Night,0,0,0
the-note,The Note,0,0,32
the-number-he-gave-me-was-mine,The Number He Gave Me Was Mine,0,0,0
then-who-am-i,Then Who Am I,0,0,1
then-you-can-let-me-out-of-your-mind,Then You Can Let Me (Out Of Your Mind),0,0,0
then-you-can-tell-me-goodbye,Then You Can Tell Me Goodbye,0,0,1
the-object-of-my-affection,The Object Of My Affection,0,2,4
the-official-historian-on-shirley-jean-berrell,The Official Historian On Shirley Jean Berrell,0,0,0
the-okie-from-muskogee-is-coming-home,The Okie From Muskogee Is Coming Home,0,0,0
the-old-account,The Old Account,0,4,0
the-old-blind-fiddler,The Old Blind Fiddler,0,0,0
the-old-chisholm-trail,The Old Chisholm Trail,0,7,1
the-old-church-yard,The Old Church Yard,0,3,0
the-old-country-church,The Old Country Church,1,9,3
the-old-country-waltz,The Old Country Waltz,0,0,1
the-old-cross-road,The Old Cross Road,0,9,0
the-old-fiddler,The Old Fiddler,0,3,1
the-old-french-quarter,The Old French Quarter,0,0,0
the-old-gang-s-gone,The Old Gang's Gone,0,0,0
the-old-home-town,The Old Home Town,1,5,2
the-old-iron-trail,The Old Iron Trail,0,0,0
the-old-lamplighter,The Old Lamplighter,0,1,1
the-old-log-train,The Old Log Train,0,0,0
the-old-man,The Old Man,0,5,39
the-old-man-and-his-fiddle,The Old Man And His Fiddle,0,1,0
the-old-man-and-his-horn,The Old Man And His Horn,0,0,0
the-old-man-is-dead,The Old Man Is Dead,0,0,1
the-old-man-no-one-loves,The Old Man No One Loves,0,0,1
the-old-old-house,The Old Old House,1,10,1
the-old-refrain,The Old Refrain,0,0,2
the-old-rugged-cross,The Old Rugged Cross,1,22,4
the-old-side-of-town,The Old Side Of Town,0,1,1
the-old-spinning-wheel,The Old Spinning Wheel,1,11,3
the-old-stuff,The Old Stuff,0,0,2
the-old-trail,The Old Trail,0,0,1
the-old-village-choir,The Old Village Choir,0,0,0
the-one-i-can-t-live-without,The One I Can't Live Without,0,0,0
the-one-i-loved-back-then-the-corvette-song,The One I Loved Back Then (The Corvette Song),0,0,1
the-one-that-got-away,The One That Got Away,0,1,29
the-one-you-need,The One You Need,0,0,4
the-only-girl-i-cant-forget,The Only Girl I Can’t Forget,0,0,0
the-only-one-i-ever-loved-i-lost,The Only One I Ever Loved I Lost,0,0,1
the-only-ones-we-truly-hurt,The Only Ones We Truly Hurt,0,0,0
the-only-real-peace,The Only Real Peace,0,0,0
the-only-thing-i-have-left,The Only Thing I Have Left,0,0,1
the-only-thing-i-want,The Only Thing I Want,0,0,0
the-only-time-i-hurt,The Only Time I Hurt,0,0,0
the-only-time-i-m-really-me,The Only Time I'm Really Me,0,0,1
the-only-trouble-with-me,The Only Trouble With Me,0,0,1
the-only-way-out-is-to-walk-over-me,The Only Way Out (Is To Walk Over Me),0,1,1
the-other-shoe,The Other Shoe,0,0,5
the-other-side,The Other Side,0,1,184
the-other-side-of-life,The Other Side Of Life,0,2,6
the-other-side-of-love,The Other Side Of Love,0,0,10
the-other-side-of-the-cross,The Other Side Of The Cross,0,0,0
the-other-side-of-the-door,The Other Side Of The Door,0,0,3
the-other-side-of-you,The Other Side Of You,0,0,6
the-other-woman,The Other Woman,0,1,16
the-other-woman-1,The Other Woman,0,1,16
the-other-woman-2,The Other Woman,0,1,16
the-pain-of-it-all,The Pain of it All,0,0,1
the-pain-of-loving-you,The Pain Of Loving You,1,6,2
the-pale-horse-and-his-rider,The Pale Horse And His Rider,1,3,1
the-palm-of-your-hand,The Palm Of Your Hand,0,3,8
the-party-ain-t-over-yet,The Party Ain't Over Yet,0,1,1
the-partys-over,The Party’s Over,0,1,24
the-past-is-all-the-future-i-see,The Past Is All The Future I See,0,0,0
the-pay-phone,The Pay Phone,0,0,2
the-phone-call,The Phone Call,0,1,45
the-pick-of-the-week,The Pick Of The Week,0,0,1
the-picture,The Picture,0,1,28
the-pillow-that-whispers,The Pillow That Whispers,0,0,1
the-pittsburgh-stealers,The Pittsburgh Stealers,0,0,0
the-place-and-time,The Place And Time,0,0,1
the-place-where-i-worship,The Place Where I Worship,0,0,0
the-pool-shark,The Pool Shark,0,0,3
the-power-of-positive-drinking,The Power Of Positive Drinking,0,0,2
the-preacher-and-the-bear,The Preacher and the Bear,1,5,2
the-preacher-said-jesus-said,The Preacher Said Jesus Said,0,0,0
the-precious-jewel,The Precious Jewel,1,8,2
the-prettiest-flowers-will-be-blooming,The Prettiest Flowers Will Be Blooming,0,3,1
the-price-you-pay,The Price You Pay,0,0,8
the-prodigal-son,The Prodigal Son,0,6,23
the-promise,The Promise,0,5,212
the-promise-and-the-dream,The Promise And The Dream,0,0,1
the-promised-land,The Promised Land,0,2,106
the-race-is-on,The Race Is On,0,2,8
the-raging-storm,The Raging Storm,0,1,6
the-rain-don-t-ever-stop-in-oklahoma,The Rain Don't Ever Stop In Oklahoma,0,0,0
the-rain-never-falls-in-denver,The Rain Never Falls In Denver,0,0,0
there-ain-t-enough-love-to-go-around,There Ain't Enough Love To Go Around,0,0,0
there-ain-t-no-future-in-this,There Ain't No Future In This,0,0,1
there-ain-t-no-getting-over-me,There Ain't No Getting Over Me,0,0,0
there-aint-no-good-chain-gang,There Ain’t No Good Chain Gang,0,0,1
there-ain-t-no-grave-deep-enough,There Ain't No Grave Deep Enough,0,0,0
there-ain-t-no-love,There Ain't No Love,0,0,1
there-ain-t-no-queen-in-my-king-size-bed,There Ain't No Queen (In My King Size Bed),0,0,0
there-ain-t-nothing-wrong,There Ain't Nothing Wrong,0,0,0
the-real-mr-heartache,The Real Mr. Heartache,0,0,0
the-real-thing,The Real Thing,0,0,63
the-real-thing-1,The Real Thing,0,0,63
the-real-thing-stayed-just-out-of-our-reach,The Real Thing (Stayed Just Out Of Our Reach),0,0,0
the-reason-my-heart-s-in-misery,The Reason My Heart's In Misery,0,0,0
the-rebel-aka-the-ballad-of-johnny-yuma,The Rebel (Aka The Ballad Of Johnny Yuma),0,0,0
the-record,The Record,0,0,8
the-red-river-rose,The Red River Rose,0,0,1
the-red-strokes,The Red Strokes,0,0,1
there-goes,There Goes,0,1,2
there-goes-a-man,There Goes A Man,0,0,1
there-goes-my-baby,There Goes My Baby,0,0,7
there-goes-my-everything,There Goes My Everything,0,2,1
there-goes-my-heart,There Goes My Heart,0,0,6
there-goes-my-heart-again,There Goes My Heart Again,0,0,4
there-goes-my-love,There Goes My Love,0,0,2
there-goes-my-world,There Goes My World,0,0,0
there-he-goes,There He Goes,0,1,2
there-i-go-dreamin,There I Go Dreamin',0,0,1
there-is-a-ship,There is a Ship,1,0,0
there-is-a-time,There Is A Time,1,6,5
there-is-no-easy-way,There Is No Easy Way,0,1,0
there-is-no-god-but-god,There Is No God But God,0,0,1
there-is-power-in-the-blood,There is Power in the Blood,1,5,3
there-ive-said-it-again,There I’ve Said It Again,0,0,1
there-lies-the-difference,There Lies The Difference,0,0,1
there-ll-always-be-a-honky-tonk-somewhere,There'll Always Be A Honky Tonk Somewhere,0,0,1
there-ll-always-be-honky-tonks-in-texas,There'll Always Be Honky Tonks In Texas,0,0,0
therell-be-joy-joy-joy,"There’ll Be Joy, Joy, Joy",1,0,0
therell-be-no-distinction,There’ll Be No Distinction,1,1,0
there-ll-be-no-other,There'll Be No Other,0,0,1
there-ll-be-no-teardrops-tonight,There'll Be No Teardrops Tonight,0,2,1
there-ll-come-a-time,There'll Come A Time,0,8,5
there-ll-never-be-anyone-else,There'll Never Be Anyone Else,0,0,0
there-may-be-no-tomorrow,There May Be No Tomorrow,0,0,0
there-must-be-another-way-to-live,There Must Be Another Way To live,0,0,1
there-must-be-more-to-love-than-this,There Must Be More To Love Than This,0,0,1
there-must-be-something-about-me-that-she-loves,There Must Be Something About Me That She Loves,0,0,0
there-my-future-goes,There My Future Goes,0,0,1
there-never-was-a-fool,There Never Was A Fool,0,0,1
there-never-was-a-time,There Never Was A Time,0,1,1
there-never-was-a-train,There Never Was A Train,0,0,1
there-s-a-better-home,There's a Better Home,0,0,0
there-s-a-better-place,There's A Better Place,0,0,0
there-s-a-big-rock-in-the-road,There's A Big Rock In The Road,0,0,1
there-s-a-big-wheel,There's A Big Wheel,0,0,1
there-s-a-bluebird-on-your-windowsill,There's A Bluebird On Your Windowsill,0,0,1
theres-a-bottle-where-she-used-to-be,There’s A Bottle Where She Used To Be,0,0,0
there-s-a-brand-new-day-on-the-horizon,There's A Brand New Day On The Horizon,0,0,1
there-s-a-bridle-hanging-on-the-wall,There's A Bridle Hanging On The Wall,0,0,0
there-s-a-devil-in-the-bottle,There's A Devil In The Bottle,0,0,0
there-s-a-fire-in-the-night,There's A Fire In The Night,0,0,0
there-s-a-friend-in-the-way,There's A Friend In The Way,0,0,0
there-s-a-gold-mine-in-the-sky,There's A Gold Mine In The Sky,0,0,0
there-s-a-gonna-come-a-day,There's A Gonna Come A Day,0,0,0
there-s-a-heartache-following-me,There's A Heartache Following Me,0,0,1
there-s-a-higher-power,There's A Higher Power,1,5,1
there-s-a-home-in-wyoming,There's A Home In Wyoming,0,0,0
theres-a-honky-tonk-angel,There’s a Honky Tonk Angel,0,0,0
there-s-a-light-guiding-me,There's A Light Guiding Me,0,2,1
there-s-a-light-lit-up-in-galilee,There's A Light Lit Up In Galilee,0,0,1
there-s-a-limit,There's A Limit,0,0,0
there-s-a-little-bit-of-everything-in-texas,There's A Little Bit Of Everything In Texas,0,1,1
there-s-a-little-bit-of-hank-in-me,There's A Little Bit Of Hank In Me,0,0,1
there-s-always-a-mother-waiting-at-home,There's Always A Mother Waiting At Home,0,0,0
there-s-always-another-day,There's Always Another Day,0,0,0
there-s-always-me,There's Always Me,0,0,1
there-s-always-one,There's Always One,0,0,0
there-s-a-man-in-here,There's A Man In Here,0,0,1
there-s-a-new-kid-in-town,There's A New Kid In Town,0,3,1
theres-a-new-moon-over-my-shoulder,There's a New Moon Over My Shoulder,1,4,1
theres-a-new-star-over-texas,There’s A New Star Over Texas,1,0,0
theres-another-baby-waiting-for-me-down-the-line,There’s Another Baby Waiting For Me Down The Line,1,2,1
there-s-another-place-i-can-t-go,There's Another Place I Can't Go,0,0,1
there-s-a-pair-of-blue-eyes-down-in-texas,There's A Pair Of Blue Eyes Down In Texas,0,0,0
there-s-a-rainbow-in-every-teardrop,There's A Rainbow In Every Teardrop,0,0,0
there-s-a-song-on-the-juke-box,There's A Song On The Juke Box,0,0,0
there-s-a-song-on-the-jukebox,There's A Song On The Jukebox,0,0,1
there-s-a-teardrop-in-your-eye,There's A Teardrop In Your Eye,0,0,0
there-s-a-tear-in-my-beer,There's A Tear In My Beer,0,0,1
there-s-a-treasure-in-heaven,There's A Treasure In Heaven,1,0,0
theres-a-whole-lot-about-a-woman-a-man-dont-know,There’s A Whole Lot About A Woman A Man Don’t Know,0,0,0
there-s-been-a-change-in-me,There's Been A Change In Me,0,0,1
there-s-been-a-lot-of-tears-today,There's Been a Lot of Tears Today,0,1,0
there-s-better-times-coming,There's Better Times Coming,0,0,0
there-s-gonna-be-more-loving,There's Gonna Be More Loving,0,0,0
there-s-good-rockin-tonight,There's Good Rockin' Tonight,0,0,0
there-s-gotta-be-much-more-to-life-than-you,There's Gotta Be Much More To Life Than You,0,0,0
there-s-gotta-be-some-changes-made,There's Gotta Be Some Changes Made,0,0,1
there-shall-be-showers-of-blessing,There Shall Be Showers Of Blessing,0,0,1
there-she-goes,There She Goes,0,1,27
there-she-goes-i-wish-her-well,There She Goes I Wish Her Well,0,0,0
there-s-just-one-way,There's Just One Way,0,0,1
there-s-just-something-about-that-name,There's Just Something About That Name,1,0,0
there-s-more-behind-the-picture-than-the-wall,There's More Behind The Picture Than The Wall,0,0,0
there-s-more-that-holds-the-picture,There's More That Holds The Picture,0,1,0
there-s-more-to-love,There's More To Love,0,0,0
there-s-never-been-a-time,There's Never Been A Time,0,0,1
there-s-nobody-home-to-go-home-to,There's Nobody Home To Go Home To,0,0,0
there-s-nobody-like-you,There's Nobody Like You,0,0,2
theres-no-disappointment-in-heaven,There’s No Disappointment In Heaven,1,0,1
there-s-no-excuse,There's No Excuse,0,1,1
there-s-no-food-in-this-house,There's No Food In This House,0,0,0
there-s-no-fool-like-a-young-fool,There's No Fool Like A Young Fool,0,0,2
there-s-no-greater-time-than-now,There's No Greater Time Than Now,0,0,0
there-s-no-hell-in-georgia,There's no Hell in Georgia,1,0,0
there-s-no-justice,There's No Justice,0,0,1
there-s-no-more-love,There's No More Love,0,0,0
there-s-no-need-to-try,There's No Need To Try,0,0,0
theres-no-one-like-mother-to-me,There’s No One Like Mother To Me,1,0,0
there-s-no-one-like-you,There's No One Like You,0,0,2
theres-no-place-like-home-on-christmas,There’s No Place Like Home On Christmas,0,0,0
there-s-no-reason-to-be-living,There's No Reason To Be Living,0,0,0
there-s-no-room-in-my-heart-for-the-blues,There's No Room in My Heart For the Blues,0,0,2
there-s-not-a-minute,There's Not A Minute,0,0,0
theres-not-any-like-you-left-lyrics-and-chords,There’s Not Any Like You Left Lyrics and chords,0,0,0
there-s-not-a-thing-i-wouldnt-do-for-you,There's Not A Thing I Wouldn’t Do For You,0,0,0
there-s-nothing-as-sweet-as-my-baby,There's Nothing As Sweet As My Baby,0,0,1
there-s-nothing-left-for-me-to-take-for-granted,There's Nothing Left For Me To Take For Granted,0,0,1
there-s-nothing-more-to-say,There's Nothing More To Say,0,0,1
there-s-nothing-on-my-mind,There's Nothing On My Mind,0,0,0
there-s-not-much-love-here-anymore,There's Not Much Love Here Anymore,0,1,1
there-s-no-use-hanging-on,There's No Use Hanging On,0,0,1
there-s-no-way,There's No Way,0,0,4
there-s-no-way-to-get-there-from-here,There's No Way To Get There From Here,0,0,0
there-s-no-wings-on-my-angel,There's No Wings On My Angel,0,0,1
there-s-only-one-george-jones,There's Only One George Jones,0,0,0
there-s-poison-in-your-heart-lyrics-chords,There's Poison In Your Heart Lyrics Chords,0,0,0
there-s-room-at-the-cross-for-you,There's Room At The Cross For You,0,0,0
there-s-room-at-the-cross-for-you-1,There's Room At The Cross For You,0,0,0
theres-someone-awaiting-for-me,There’s Someone Awaiting For Me,1,0,0
there-s-something-about-a-lady,There's Something About A Lady,0,0,1
there-s-something-fishy-going-on,There's Something Fishy Going On,1,0,0
there-s-something-lonely-in-this-house,There's Something Lonely In This House,0,0,0
theres-still-a-lot-of-love-in-san-antone,There’s Still A Lot Of Love In San Antone,0,0,1
there-s-still-someone-i-can-t-forget,There's Still Someone I Can't Forget,0,0,1
there-stands-the-glass,There Stands The Glass,0,2,1
there-s-that-smile-again,There's That Smile Again,0,0,1
there-s-the-door,There's the Door,0,0,1
the-reverend-mr-black,The Reverend Mr. Black,0,0,1
there-was-jesus,There Was Jesus,0,1,1
there-was-nothing-we-could-do,There Was Nothing We Could Do,1,1,1
there-will-always-be-honky-tonks-in-texas,There Will Always Be Honky Tonks In Texas,0,0,0
there-will-never-ever-be-another-you,There Will Never Ever Be Another You,0,0,0
there-won-t-be-anymore,There Won't be Anymore,0,0,1
there-won-t-be-any-patches-in-heaven,There Won't Be Any Patches In Heaven,0,0,0
there-you-go,There You Go,0,3,12
there-you-go-again,There You Go Again,0,0,2
the-richest-fool-alive,The Richest Fool Alive,0,1,1
the-riddle,The Riddle,0,1,30
the-rider,The Rider,0,5,19
the-right-combination,The Right Combination,0,1,3
the-right-left-hand,The Right Left Hand,0,0,1
the-right-place,The Right Place,0,0,8
the-rise-and-fall-of-the-roman-empire,The Rise And Fall Of The Roman Empire,0,0,0
the-river,The River,0,5,253
the-river-of-happiness,The River Of Happiness,0,1,1
the-road-is-closed,The Road Is Closed,0,0,0
the-road-less-traveled,The Road Less Traveled,0,0,5
the-roadmaster,The Roadmaster,0,0,2
the-road-of-broken-hearts,The Road Of Broken Hearts,0,3,0
the-road-of-no-return,The Road Of No Return,0,2,0
the-road-to-heaven,The Road To Heaven,0,1,3
the-rock,The Rock,0,1,48
the-rock-1,The Rock,0,1,48
the-rock-2,The Rock,0,1,48
the-rock-im-leaning-on,The Rock I’m Leaning On,0,0,1
the-room-at-the-top-of-the-stairs,The Room At The Top Of The Stairs,0,8,2
the-rose,The Rose,0,1,108
the-roving-gambler,The Roving Gambler,1,16,2
the-running-kind,The Running Kind,0,0,3
the-sad-lover,The Sad Lover,0,0,2
the-sad-side-of-town,The Sad Side Of Town,0,0,0
the-same-old-tale-the-crow-told-me,The Same Old Tale The Crow Told Me,0,0,1
the-same-sweet-girl,The Same Sweet Girl,0,0,1
the-same-two-lips,The Same Two Lips,0,1,1
the-savior-i-sing-of-today,The Savior I Sing Of Today,0,0,0
the-sea-between-our-hearts,The Sea Between Our Hearts,0,0,1
the-search-has-ended-lyrics-chords,The Search Has Ended Lyrics Chords,0,0,0
these-are-my-mountains,These Are My Mountains,0,0,0
these-arms-of-mine,These Arms Of Mine,0,0,5
these-blues,These Blues,1,0,3
these-chains,These Chains,0,0,6
these-days-i-barely-get-by,These Days I Barely Get By,0,0,0
the-seeker,The Seeker,0,2,29
these-excuses,These Excuses,0,0,0
these-foolish-things,These Foolish Things,0,2,1
these-lips-don-t-know-how-to-say-goodbye,These Lips Don't Know How To Say Goodbye,0,0,0
these-lonely-hands-of-mine,These Lonely Hands Of Mine,0,0,0
these-memories,These Memories,0,0,3
these-men-of-god,These Men Of God,1,4,1
these-old-blues,These Old Blues,1,6,1
these-old-eyes-have-seen-it-all,These Old Eyes Have Seen It All,0,0,1
the-sermon-on-the-mount,The Sermon On The Mount,0,0,4
these-shoes,These Shoes,0,0,4
these-things-shall-pass,These Things Shall Pass,0,0,0
these-two,These Two,0,0,1
the-sheik-of-araby,The Sheik of Araby,1,4,3
the-shelter-of-your-eyes,The Shelter Of Your Eyes,0,2,1
the-shepherd-s-call,The Shepherd's Call,0,0,0
the-shining-path,The Shining Path,1,2,13
the-shoe-goes-on-the-other-foot-tonight,The Shoe Goes On The Other Foot Tonight,0,1,1
the-shoes-you-re-wearing,The Shoes You're Wearing,0,0,1
the-show-s-almost-over,The Show's Almost Over,0,0,1
the-shrine-of-saint-cecilia,The Shrine Of Saint Cecilia,0,0,0
the-shuffle-of-my-feet,The Shuffle Of My Feet,1,0,0
the-silver-that-nailed-him-to-the-cross,The Silver That Nailed Him To The Cross,0,0,0
the-silver-tongued-devil,The Silver Tongued Devil,0,0,2
the-sinking-of-the-reuben-james,The Sinking Of The Reuben James,0,1,1
the-smile-of-a-clown,The Smile of a Clown,0,0,1
the-snakes-crawl-at-night,The Snakes Crawl at Night,0,0,1
the-soldiers-sweetheart,The Soldiers Sweetheart,0,0,0
the-song-we-fell-in-love-to,The Song We Fell In Love To,0,0,0
the-song-we-made-love-to,The Song We Made Love To,0,0,0
the-son-of-clayton-delaney,The Son Of Clayton Delaney,0,0,1
the-sound-of-your-footsteps,The Sound Of Your Footsteps,0,0,0
the-sounds,The Sounds,0,1,9
the-sounds-of-goodbye,The Sounds Of Goodbye,0,1,1
the-s-s-lurline,The S.S. Lurline,0,0,0
the-stairs,The Stairs,0,0,26
the-starspangled-banner,The Star‐Spangled Banner,1,11,16
the-star-still-shines,The Star Still Shines,0,0,0
the-steal-of-the-night,The Steal Of The Night,0,1,0
the-storm,The Storm,0,2,263
the-storm-has-just-begun,The Storm Has Just Begun,0,0,1
the-storms-are-on-the-ocean,The Storms Are On The Ocean,1,17,2
the-storms-of-life,The Storms of Life,0,0,1
the-storm-within-my-heart,The Storm Within My Heart,0,0,0
the-story-of-my-life,The Story of my Life,0,2,34
the-story-of-silent-night,The Story Of Silent Night,0,0,0
the-straight-life-behind,The Straight Life Behind,0,0,0
the-strand,The Strand,0,0,18
the-sun-never-comes-up-again,The Sun Never Comes Up Again,0,0,0
the-sweet-by-and-by,The Sweet By-and-By,1,10,3
the-sweetest-gift,The Sweetest Gift,1,10,2
the-sweetest-song-i-sing,The Sweetest Song I Sing,1,3,0
the-sweetest-words-he-ever-said,The Sweetest Words He Ever Said,0,0,0
the-table-next-to-mine,The Table Next To Mine,0,0,0
the-tail-s-been-waggin-the-dog-too-long,The Tail's Been Waggin' The Dog Too Long,0,0,0
the-taker,The Taker,0,0,3
the-talking-walls,The Talking Walls,0,0,3
the-tall-tall-gentleman,The Tall Tall Gentleman,0,0,0
the-tears-that-i-cry,The Tears That I Cry,0,0,1
the-ten-commandments,The Ten Commandments,0,0,12
the-tender-side-of-me,The Tender Side Of Me,0,0,0
the-testing-time,The Testing Time,1,0,2
the-thanksgiving-prayer,The Thanksgiving Prayer,0,0,0
the-the-year-clayton-delaney-died,The The Year Clayton Delaney Died,0,0,0
the-thought-of-losing-you,The Thought Of Losing You,0,1,3
the-three-bells,The Three Bells,0,4,3
the-thrill-is-back,The Thrill Is Back,0,1,0
the-thunder-rolls,The Thunder Rolls,0,0,1
the-tie-that-binds,The Tie That Binds,0,0,5
the-times-they-are-achangin,The Times They Are A‐Changin’,1,5,3
the-touch-of-god-s-hand,The Touch Of God's Hand,0,2,1
the-touch-of-the-masters-hand,The Touch Of The Master’s Hand,0,1,1
the-town-i-loved-so-well,The Town I Loved So Well,0,0,1
the-town-that-broke-my-heart,The Town That Broke My Heart,0,0,1
the-town-where-you-live,The Town Where You Live,0,0,0
the-trail-of-the-lonesome-pine,The Trail Of The Lonesome Pine,0,0,1
the-train-carrying-jimmie-rogers-home,The Train Carrying Jimmie Rogers Home,1,0,0
the-train-that-carried-my-girl-from-town,The Train That Carried My Girl From Town,1,13,1
the-tramp-on-the-street,The Tramp on the Street,1,8,2
the-traveler,The Traveler,1,4,50
the-traveling-kind,The Traveling Kind,0,5,0
the-tried-and-tested-kind,The Tried And Tested Kind,0,0,0
the-trouble-with-the-truth,The Trouble With The Truth,1,1,0
the-truth-about-men,The Truth About Men,0,0,0
the-truth-is-i-lied,The Truth Is I Lied,0,0,1
the-truth-is-lyin-next-to-you,The Truth Is Lyin' Next To You,0,0,0
the-twelfth-of-never,The Twelfth Of Never,0,1,1
the-twelfth-rose,The Twelfth Rose,0,0,0
the-twentieth-century-is-almost-over,The Twentieth Century Is Almost Over,0,0,1
the-two-of-us-together,The Two Of Us Together,0,0,2
the-unicorn,The Unicorn,0,0,32
the-union-mare-and-the-confederate-grey,The Union Mare And The Confederate Grey,0,0,0
the-upper-room,The Upper Room,0,1,2
the-valley-of-peace,The Valley Of Peace,1,6,3
the-very-best-is-you,The Very Best Is You,0,0,1
the-very-thought-of-losing-you,The Very Thought Of Losing You,0,0,1
the-violet-and-the-rose,The Violet and the Rose,0,4,0
the-visit,The Visit,0,0,32
the-voice-of-my-darling,The Voice Of My Darling,1,3,0
the-vows-go-unbroken,The Vows Go Unbroken,0,0,0
the-waitress-at-main-street-cafe,The Waitress At Main Street Cafe,0,0,0
the-wall,The Wall,0,3,59
the-wall-1,The Wall,0,3,59
the-waltz-you-saved-for-me,The Waltz You Saved for Me,1,8,1
the-warmest-winter,The Warmest Winter,0,0,1
the-warm-red-wine,The Warm Red Wine,0,1,1
the-water-is-wide,The Water Is Wide,1,8,10
the-water-s-so-cold,The Water's So Cold,0,0,1
the-waves-on-the-sea,The Waves On The Sea,0,3,0
the-way-back-home,The Way Back Home,0,5,36
the-way-i-am,The Way I Am,1,5,18
the-way-i-lose-my-mind,The Way I Lose My Mind,0,0,0
the-way-i-m-needing-you,The Way I'm Needing You,0,0,1
the-way-it-was,The Way It Was,0,1,8
the-way-it-was-in-51,The Way It Was In '51,0,0,1
the-way-of-a-hopeless-love,The Way of a Hopeless Love,0,0,0
the-way-that-he-loves,The Way That He Loves,0,0,0
the-way-that-i-love-you-lyrics-with-chords,The Way That I Love You Lyrics with Chords,0,0,0
the-wayward-wind,The Wayward Wind,0,2,1
the-way-you-are,The Way You Are,0,0,14
the-way-you-see-me,The Way You See Me,0,0,0
the-weak-and-the-strong,The Weak And The Strong,0,0,0
the-weight,The Weight,1,5,23
the-white-cliffs-of-dover,The White Cliffs Of Dover,0,0,1
the-whole-world-comes-to-me,The Whole World Comes To Me,0,0,0
the-whole-world-seems-different,The Whole World Seems Different,0,0,0
the-wilder-your-heart-beats,The Wilder Your Heart Beats,0,0,1
the-wild-one,The Wild One,0,3,22
the-will,The Will,0,1,51
the-will-to-love,The Will To Love,0,0,3
the-wind-beneath-my-wings,The Wind Beneath My Wings,0,0,4
the-wind-blows-every-day-in-oklahoma-with-chords,The Wind Blows Every Day In Oklahoma with chords,0,0,0
the-wind-changes,The Wind Changes,0,0,1
the-window-up-above,The Window Up Above,0,4,1
the-wind-that-shakes-the-barley,The Wind That Shakes the Barley,1,3,6
the-winner,The Winner,0,0,43
the-winner-of-your-heart,The Winner Of Your Heart,0,0,0
the-wintering-kind,The Wintering Kind,0,1,0
the-wire-and-the-rail,The Wire And The Rail,0,0,0
the-woman-he-loves,The Woman He Loves,0,0,0
the-woman-i-need-honky-tonk-mind,The Woman I Need (Honky Tonk Mind),0,0,0
the-woman-in-me,The Woman in Me,0,0,3
the-wonder,The Wonder,0,0,78
the-wonderful-world-of-christmas,The Wonderful World Of Christmas,0,0,1
the-wonder-of-it-all,The Wonder Of It All,0,0,8
the-wonder-of-you,The Wonder of You,0,0,2
the-wonders-you-perform,The Wonders You Perform,0,0,1
the-words-don-t-fit-the-picture,The Words Don't Fit The Picture,0,0,1
the-world-according-to-raymond,The World According To Raymond,0,0,1
the-world-is-waiting-for-the-sunrise,The World Is Waiting For The Sunrise,1,9,2
the-world-i-used-to-know,The World I Used To Know,0,0,2
the-world-needs-a-washin,The World Needs A Washin',0,0,1
the-world-s-most-broken-heart,The World's Most Broken Heart,0,0,1
the-world-the-way-i-want-it,The World The Way I Want It,0,0,1
the-world-you-left-behind,The World You Left Behind,0,0,1
the-worst-is-yet-to-come,The Worst Is Yet To Come,0,0,6
the-worst-of-the-hurt-is-over,The Worst Of The Hurt Is Over,0,0,0
the-wreck-of-the-number-nine,The Wreck Of The Number Nine,1,3,1
the-wreck-of-the-old-97,The Wreck Of The Old 97,1,23,2
the-writing-on-the-wall,The Writing On The Wall,0,0,26
the-writing-s-on-the-wall,The Writing's On The Wall,0,0,11
the-wrong-kind-of-girl,The Wrong Kind Of Girl,0,1,1
they-always-remind-me-of-you,They Always Remind Me Of You,0,0,0
they-called-it-music,They Called It Music,0,1,0
they-call-her-mother,They Call Her Mother,1,0,0
they-call-it-making-love,They Call It Making Love,0,0,1
they-call-the-wind-mariah,They Call the Wind Mariah,0,0,0
they-call-you-gigolette,They Call You Gigolette,0,0,0
they-can-t-take-your-love,They Can't Take Your Love,0,0,0
they-covered-up-the-old-swimmin-hole,They Covered Up The Old Swimmin' Hole,0,0,0
they-d-have-to-carry-me-away,They'd Have To Carry Me Away,0,0,1
they-don-t-break-em-like-they-used-to,They Don't Break 'Em Like They Used To,0,0,1
they-don-t-make-em-like-my-daddy-anymore,They Don't Make'em Like My Daddy Anymore,0,1,0
they-don-t-make-love-like-they-used-to,They Don't Make Love Like They Used To,0,0,1
the-yellow-bandana,The Yellow Bandana,0,0,1
the-yellow-rose-of-texas,The Yellow Rose Of Texas,1,5,3
the-yellow-rose-of-texas-1,The Yellow Rose of Texas,1,5,3
the-yellow-rose-of-texas-the-eyes-of-texas,The Yellow Rose Of Texas/The Eyes Of Texas,0,0,0
they-listened-while-you-said-goodbye,They Listened While You Said Goodbye,0,0,1
they-ll-never-break-the-chains,They'll Never Break The Chains,0,0,0
they-ll-never-take-her-love-from-me,They'll Never Take Her Love From Me,0,4,1
they-ll-never-take-his-love-from-me,They'll Never Take His Love From Me,0,0,0
they-made-me-fall-in-love-with-you,They Made Me Fall In Love With You,0,0,0
they-never-made-it-to-memphis,They Never Made It To Memphis,0,0,0
they-rage-on,They Rage On,0,0,0
they-re-hanging-me-tonight,They're Hanging Me Tonight,0,0,3
they-re-holding-up-the-ladder,They're Holding Up The Ladder,0,3,1
they-remind-me-too-much-of-you,They Remind Me Too Much Of You,0,0,1
they-re-not-teardrops,They're Not Teardrops,0,0,0
they-shined-up-rudolph-s-nose,They Shined Up Rudolph's Nose,0,0,1
they-stood-in-silent-prayer,They Stood In Silent Prayer,0,0,1
they-tell-me,They Tell Me,0,0,1
they-took-the-stars-out-of-heaven,They Took The Stars Out Of Heaven,0,0,1
they-tore-the-old-country-church-down,They Tore The Old Country Church Down,0,0,0
they-ve-got-the-church-outnumbered,They've Got The Church Outnumbered,0,1,1
they-ve-stole-my-steel-guitar,They've Stole My Steel Guitar,0,0,0
thicker-than-blood,Thicker Than Blood,0,0,8
things,Things,0,0,30
things-aren-t-funny-anymore,Things Aren't Funny Anymore,0,0,1
things-god-gave-me,Things God Gave Me,0,0,0
things-have-gone-to-pieces,Things Have Gone To Pieces,0,0,1
things-i-almost-had-with-you,Things I Almost Had With You,0,0,0
things-i-lost-in-you,Things I Lost In You,0,0,0
things-i-might-have-been,Things I Might Have Been,0,0,1
things-in-life,Things In Life,1,8,2
things-that-i-don-t-know,Things That I Don't Know,0,0,1
things-that-lovers-do,Things That Lovers Do,0,0,1
things-that-mean-the-most-to-me,Things That Mean The Most To Me,0,0,0
things-to-remember-lyrics-and-chords,Things To Remember Lyrics and chords,0,0,0
things-you-said-to-me,Things You Said To Me,0,0,1
think,Think,0,1,31
think-about-a-lullaby,Think About A Lullaby,0,0,0
think-about-it-darling,Think About It Darling,0,0,0
think-about-the-good-times,Think About the Good Times,0,0,3
think-i-ll-call-myself-and-say-hello,Think I'll Call Myself And Say Hello,0,0,0
thinkin-again,Thinkin' Again,0,0,1
thinkin-bout-you,Thinkin' Bout You,0,0,9
thinking-about-leaving,Thinking About Leaving,0,0,3
thinking-about-me,Thinking About Me,0,0,1
thinking-about-you,Thinking About You,1,11,33
thinking-bout-leaving,Thinking Bout Leaving,0,0,0
thinking-bout-you-babe,Thinking Bout You Babe,0,0,0
thinking-of-a-rendezvous,Thinking Of A Rendezvous,0,0,0
thinking-of-home,Thinking of Home,1,0,1
thinking-of-you,Thinking Of You,0,2,89
thinking-problem,Thinking Problem,0,0,0
thinking-right,Thinking Right,1,1,0
thinking-tonight-of-my-blue-eyes,Thinking Tonight Of My Blue Eyes,1,15,0
thinkin-of-the-old-days,Thinkin’ Of The Old Days,1,0,0
thinkin-of-you,Thinkin' Of You,0,0,5
think-it-over,Think It Over,0,2,35
think-it-over-1,Think It Over,0,2,35
think-it-over-2,Think It Over,0,2,35
think-it-over-3,Think It Over,0,2,35
think-of-me,Think Of Me,0,0,21
think-of-me-1,Think Of Me,0,0,21
think-of-me-2,Think Of Me,0,0,21
think-of-what-youve-done,Think Of What You’ve Done,1,14,1
third-rate-romance,Third Rate Romance,0,1,1
thirteen,Thirteen,0,0,38
thirteen-at-the-table,Thirteen At The Table,0,0,0
thirty-links-of-chain,Thirty Links Of Chain,0,0,0
thirty-nine-and-holding,Thirty Nine And Holding,0,0,1
thirty-two-acres,Thirty Two Acres,1,0,0
thirty-years-of-farming,Thirty Years of Farming,1,0,1
this-ain-t-a-home-no-more,This Ain't A Home No More,0,0,0
this-ain-t-just-another-lust-affair,This Ain't Just Another Lust Affair,0,0,0
this-ain-t-just-another-rainy-day,This Ain't Just Another Rainy Day,0,0,0
this-ain-t-my-first-rodeo,This Ain't My First Rodeo,0,0,1
this-ain-t-no-way-to-be,This Ain't No Way To Be,0,0,0
this-bottle-in-my-hand,This Bottle In My Hand,0,0,0
this-broken-heart-of-mine,This Broken Heart Of Mine,0,0,2
this-circus-that-you-call-a-rodeo,This Circus That You Call A Rodeo,0,0,0
this-cold-war-with-you,This Cold War with You,0,0,1
this-country-s-bigger-than-texas,This Country's Bigger Than Texas,0,0,0
this-divorce-lyrics-chords,This Divorce Lyrics Chords,0,0,0
this-dream-s-on-me,This Dream's On Me,0,0,0
this-empty-house,This Empty House,0,0,0
this-guitar-is-for-sale,This Guitar Is For Sale,0,0,1
this-has-been-your-life,This Has Been Your Life,0,0,0
this-has-got-to-last,This Has Got To Last,0,0,0
this-haunted-house,This Haunted House,0,0,1
this-heart-of-mine-can-never-say-goodbye,This Heart Of Mine Can Never Say Goodbye,0,1,0
this-here-cheating-is-not-my-life,This Here Cheating Is Not My Life,0,0,0
this-highway-leads-to-glory,This Highway Leads To Glory,0,0,1
this-is-heaven-to-me,This Is Heaven To Me,1,0,0
this-is-me,This Is Me,0,2,18
this-is-my-heaven,This Is My Heaven,0,0,1
this-is-my-year-for-mexico,This Is My Year For Mexico,0,0,1
this-is-texas-land,This Is Texas Land,0,0,0
this-is-the-girl-i-love,This Is The Girl I Love,0,2,0
this-is-the-part-where-i-cry,This Is The Part Where I Cry,0,0,0
this-is-the-thanks-i-get,This Is The Thanks I Get,0,0,1
this-just-ain-t-no-good-day-for-leavin,This Just Ain't No Good Day For Leavin',0,0,0
this-kind-of-love,This Kind Of Love,0,0,4
this-kind-of-love-ain-t-meant-for-sunday,This Kind Of Love Ain't Meant For Sunday,0,0,0
this-kind-of-man,This Kind of Man,0,0,0
this-lady-loving-me,This Lady Loving Me,0,0,0
this-land-is-your-land,This Land Is Your Land,1,12,3
this-land-is-your-land-1,This Land is Your Land,1,12,3
this-land-the-lord-and-me,This Land The Lord And Me,0,0,1
this-little-girl-of-mine,This Little Girl Of Mine,0,0,3
this-little-girl-of-mine-1,This Little Girl Of Mine,0,0,3
this-little-light-of-mine,This Little Light Of Mine,1,10,9
this-little-sparrow,This Little Sparrow,1,0,0
this-lonesome-old-feeling,This Lonesome Old Feeling,0,1,1
this-love-of-mine,This Love Of Mine,0,0,5
this-love-s-on-me,This Love's On Me,0,0,1
this-memory,This Memory,0,0,0
this-memory-is-mine,This Memory Is Mine,0,0,0
this-moment-of-love,This Moment Of Love,0,0,1
this-morning-at-nine,This Morning At Nine,1,9,1
this-much-i-know,This Much I Know,0,0,1
this-old-guitar-lyrics-and-chords,This Old Guitar Lyrics and Chords,0,0,0
this-old-heart,This Old Heart,0,1,1
this-old-house,This Old House,0,5,7
this-old-road,This Old Road,0,5,1
this-old-song,This Old Song,0,0,0
this-old-white-doorway,This Old White Doorway,0,0,0
this-one-belongs-to-me,This One Belongs To Me,0,0,0
this-one-gets-my-vote,This One Gets My Vote,0,0,0
this-one-s-gonna-hurt-you,This One's Gonna Hurt You,0,1,0
this-one-s-on-the-house,This One's On The House,0,0,0
this-orchid-means-goodbye,This Orchid Means Goodbye,0,0,0
this-precious-love,This Precious Love,0,0,0
this-road-that-i-walk,This Road That I Walk,0,0,0
this-season-will-never-grow-old,This Season Will Never Grow Old,0,0,1
this-should-go-on-forever,This Should Go On Forever,0,0,1
this-song-is-for-you,This Song Is For You,0,0,1
this-song-s-for-you,This Song's For You,0,2,2
this-song-s-just-for-you,This Song's Just For You,0,0,1
this-stranger-my-little-girl,This Stranger (My Little Girl),0,0,0
this-thing,This Thing,0,0,5
this-thing-of-ours,This Thing Of Ours,0,0,0
this-time,This Time,0,2,116
this-time-1,This Time,0,2,116
this-time-2,This Time,0,2,116
this-time-3,This Time,0,2,116
this-time-i-almost-made-it,This Time I Almost Made It,0,0,1
this-time-i-m-in-it-for-the-love,This Time I'm In It For The Love,0,0,0
this-time-ive-hurt-her-more-than-she-loves-me,This Time I’ve Hurt Her More Than She Loves Me,0,0,0
this-time-i-won-t-cheat-on-her-again,This Time I Won't Cheat On Her Again,0,0,0
this-time-of-the-year,This Time Of The Year,0,0,2
this-time-the-hurtin-s-on-me,This Time The Hurtin's on Me,0,0,0
thistlehair-the-christmas-bear,Thistlehair The Christmas Bear,0,0,1
this-town,This Town,0,0,39
this-town-s-not-big-enough,This Town's Not Big Enough,0,0,1
this-train,This Train,1,4,10
this-train-1,This Train,1,4,10
this-troubled-mind-of-mine,This Troubled Mind Of Mine,0,0,0
this-wanting-you,This Wanting You,0,1,1
this-weary-heart-you-stole-away,This Weary Heart You Stole Away,0,4,1
this-white-circle-on-my-finger-lyrics-chords,This White Circle On My Finger Lyrics Chords,0,0,0
this-woman-is-mine,This Woman Is Mine,0,0,0
this-world-holds-nothing-since-you-re-gone,This World Holds Nothing Since You're Gone,0,0,0
this-world-holds-nothing-since-you-re-gone-1,This World Holds Nothing Since You're Gone,0,0,0
this-world-is-not-my-home,This World Is Not My Home,1,22,1
this-world-is-not-my-home-1,This World is Not My Home,1,22,1
thorn-in-my-heart,Thorn in My Heart,0,0,1
thorns-of-life,Thorns Of Life,0,0,2
those-brown-eyes,Those Brown Eyes,0,2,0
those-gone-and-left-me-blues,Those Gone And Left Me Blues,0,3,1
those-low-down-blues,Those Low Down Blues,0,0,1
those-memories,Those Memories,0,1,1
those-memories-of-you,Those Memories Of You,0,7,1
those-old-love-letters-from-you,Those Old Love Letters From You,0,0,0
those-tears-in-your-eyes,Those Tears In Your Eyes,0,0,0
those-two-blue-eyes,Those Two Blue Eyes,0,1,2
those-wonderful-years,Those Wonderful Years,0,0,0
though-the-days-were-only-seven,Though The Days Were Only Seven,0,0,1
thoughts-of-a-fool,Thoughts Of A Fool,0,0,1
thoughts-of-a-lonely-man,Thoughts Of A Lonely Man,0,0,0
thou-shall-not-steal,Thou Shall Not Steal,0,0,0
three-a-m,Three A.M.,0,0,2
three-cheers-for-the-red-white-and-blue,Three Cheers For The Red White And Blue,0,0,0
three-cheers-to-the-loser,Three Cheers To The Loser,0,0,0
three-chord-country-song,Three Chord Country Song,0,0,0
three-cigarettes-in-an-ashtray,Three Cigarettes in an Ashtray,0,0,0
three-corn-patches,Three Corn Patches,0,0,1
three-dimension-love,Three Dimension Love,0,0,1
three-hearts-in-a-tangle,Three Hearts In A Tangle,0,0,1
three-in-a-room,Three In A Room,0,0,0
three-little-pennies,Three Little Pennies,0,0,0
three-lovers-were-losers-today,Three Lovers Were Losers Today,0,0,0
three-men-on-a-mountain,Three Men On A Mountain,0,0,0
three-men-on-a-mountain-1,Three Men On A Mountain,0,0,0
three-miles-to-right,Three Miles To Right,0,0,0
three-minute-positive-not-too-country-up-tempo-love-song,Three Minute Positive Not Too Country Up-Tempo Love Song,0,1,0
three-minutes-at-a-time,Three Minutes At A Time,0,0,0
three-nickels-and-a-dime,Three Nickels And A Dime,0,0,0
three-nights-a-week,Three Nights A Week,0,0,1
three-o-clock-in-the-morning,Three O'Clock In The Morning,0,1,2
three-s-a-crowd,Three's A Crowd,0,0,5
three-sides-to-every-story,Three Sides To Every Story,0,0,1
three-steps-to-heaven,Three Steps To Heaven,0,0,2
three-steps-to-the-phone,Three Steps To The Phone,0,0,1
three-strikes-and-you-re-out,Three Strikes And You're Out,0,0,0
three-times-seven,Three Times Seven,0,1,1
three-ways-to-love-you,Three Ways To Love You,0,0,0
three-wooden-crosses,Three Wooden Crosses,0,0,1
threshold,Threshold,0,1,49
thrill-of-your-love,Thrill of Your Love,0,0,1
through-it-all,Through It All,0,1,12
through-my-eyes,Through My Eyes,0,1,10
throughout-all-time,Throughout All Time,0,0,1
through-the-bottom-of-the-glass,Through The Bottom Of The Glass,0,1,1
through-the-eyes-of-a-child,Through the Eyes of a Child,0,0,10
through-the-eyes-of-a-fool,Through The Eyes Of A Fool,0,0,0
through-the-eyes-of-love,Through The Eyes Of Love,0,0,4
through-the-fire,Through The Fire,0,0,12
through-the-years,Through The Years,0,0,10
through-the-years-1,Through The Years,0,0,10
throw-down-your-earthly-crown,Throw Down Your Earthly Crown,1,0,0
throwing-memories-on-the-fire,Throwing Memories On The Fire,0,0,0
throwin-kisses,Throwin' Kisses,0,0,1
throw-out-the-lifeline,Throw Out the Lifeline,0,1,1
throw-your-hat-in-first,Throw Your Hat In First,0,0,0
throw-your-love-my-way,Throw Your Love My Way,0,0,0
thunderstorms,Thunderstorms,0,0,4
thy-burdens-are-greater-than-mine,Thy Burdens Are Greater Than Mine,1,5,1
tic-toc,Tic Toc,0,0,9
tie-a-yellow-ribbon-round-the-old-oak-tree,Tie A Yellow Ribbon Round The Old Oak Tree,0,0,0
tied-to-a-stone,Tied To A Stone,0,0,1
tie-me-down,Tie Me Down,0,1,6
tie-me-to-your-apron-strings-again-lyrics-and-chords,Tie Me To Your Apron Strings Again Lyrics and Chords,0,0,0
tie-that-binds,Tie That Binds,0,0,5
tie-your-dreams-to-mine,Tie Your Dreams to Mine,0,0,1
tight-as-twin-fiddles,Tight As Twin Fiddles,0,0,1
tight-fitting-jeans,Tight Fitting Jeans,0,0,0
tight-levis-and-yellow-ribbon,Tight Levis and Yellow Ribbon,0,0,0
til-i-was-a-daddy-too,'Til I Was A Daddy Too,0,0,0
till-a-better-memory-comes-along,Till A Better Memory Comes Along,0,0,0
till-death-do-us-part,Till Death Do Us Part,0,2,8
till-each-tear-becomes-a-rose,Till Each Tear Becomes A Rose,0,0,0
till-hell-freezes-over,Till Hell Freezes Over,0,0,0
till-i-can-make-it-on-my-own,Till I Can Make it on my Own,0,0,0
till-i-cant-take-it-anymore,Till I Can’t Take It Anymore,0,0,1
till-i-couldn-t-stand-no-more,Till I Couldn't Stand No More,0,0,1
till-i-drink-milwaukee-dry,Till I Drink Milwaukee Dry,0,0,0
till-i-found-you,Till I Found You,0,1,1
till-i-gain-control-again,Till I Gain Control Again,0,1,1
till-i-get-it-right,Till I Get It Right,0,0,0
till-i-get-used-to-the-pain,Till I Get Used To The Pain,0,0,1
till-i-kissed-you,Till I Kissed You,0,0,0
till-i-m-over-gettin-over-you,Till I'm Over Gettin' Over You,0,0,1
till-im-too-old-to-die-young,Till I’m Too Old To Die Young,0,0,0
till-i-stop-needing-you,Till I Stop Needing You,0,0,0
till-i-stop-shaking,Till I Stop Shaking,0,0,0
till-it-snows-in-mexico,Till It Snows In Mexico,0,0,1
till-i-waltz-again-with-you,Till I Waltz Again With You,0,0,0
till-love-comes-again,Till Love Comes Again,0,0,0
till-melinda-comes-around,Till Melinda Comes Around,0,0,0
till-morning,Till Morning,0,0,1
till-my-dying-day,Till My Dying Day,0,0,0
till-my-get-up-has-got-up-and-gone,Till My Get up Has Got Up and Gone,0,0,0
till-something-better-comes-along,Till Something Better Comes Along,0,1,2
till-the-best-comes-along,Till The Best Comes Along,0,0,0
till-the-end,Till The End,0,4,17
till-the-end-of-the-world,Till The End Of The World,0,7,1
till-the-end-of-the-world-rolls-round,Till The End Of The World Rolls Round,1,8,1
till-the-last-leaf-shall-fall,Till The Last Leaf Shall Fall,0,0,0
till-then,Till Then,0,0,3
till-then-1,Till Then,0,0,3
till-the-pain-outwears-the-shame,Till The Pain Outwears The Shame,0,0,1
till-there-s-not-a-cow-in-texas,Till There's Not A Cow In Texas,0,0,1
till-the-rivers-all-run-dry,Till the Rivers All Run Dry,0,2,1
till-the-season-comes-round-again,Till The Season Comes Round Again,0,0,0
till-these-dreams-come-true,Till These Dreams Come True,0,2,0
till-the-storm-passes-by,Till The Storm Passes By,0,0,0
till-the-want-to-s-out-of-me,Till The Want To's Out Of Me,0,0,0
till-today,Till Today,0,0,0
till-tomorrow,Till Tomorrow,0,0,4
till-we-meet-again,Till We Meet Again,0,0,11
till-we-two-are-one,Till We Two Are One,0,0,1
till-you-can-make-it-on-your-own,Till You Can Make It On Your Own,0,0,0
till-you-come-back-again-lyrics-and-chords,Till You Come Back Again Lyrics and Chords,0,0,0
til-the-end-of-the-world-rolls-round,Til The End Of The World Rolls Round,1,6,0
til-you-love-me-again,Til You Love Me Again,1,0,0
timber-im-falling,Timber I’m Falling,0,1,1
timber-i-m-falling-in-love,Timber I'm Falling In Love,0,1,1
timberline,Timberline,0,2,4
time,Time,0,3,386
time-1,Time,0,3,386
time-2,Time,0,3,386
time-after-time,Time After Time,0,1,51
time-and-time-again,Time And Time Again,0,0,28
time-between-bottles-of-wine,Time Between Bottles Of Wine,0,0,2
time-can-t-make-me-forget,Time Can't Make Me Forget,0,0,1
time-changed-everything,Time Changed Everything,0,0,1
time-changes-everything,Time Changes Everything,1,6,1
time-changes-things,Time Changes Things,0,0,2
time-don-t-run-out-on-me,Time Don't Run Out On Me,0,0,1
time-goes-by,Time Goes By,0,2,17
time-goes-so-slow,Time Goes So Slow,0,2,1
time-has-proven-me-wrong,Time Has Proven Me Wrong,0,0,0
time-has-treated-you-well,Time Has Treated You Well,0,0,0
time-hurts,Time Hurts,0,0,0
time-is-the-only-thing-im-after,Time Is The Only Thing I’m After,0,0,0
timeless-and-true-love,Timeless And True Love,0,2,0
time-marches-on,Time Marches On,0,1,6
time-of-the-preacher,Time Of The Preacher,0,0,1
time-out-for-jesus,Time Out for Jesus,0,0,1
time-out-for-the-blues,Time Out For The Blues,0,0,1
time-s-a-gettin-hard-lyrics-and-chords,Time's A Gettin' Hard Lyrics and Chords,0,0,0
times-are-getting-hard,Times Are Getting Hard,0,1,0
time-stood-still,Time Stood Still,0,0,8
times-were-good,Times Were Good,0,0,0
time-to-bum-again,Time To Bum Again,0,0,1
time-to-cry,Time To Cry,0,0,2
time-will-tell-the-story,Time Will Tell The Story,0,0,1
tim-guiheen-s-polka,Tim Guiheen's Polka,0,0,0
timothy-the-tow-truck,Timothy The Tow Truck,0,0,0
ting-a-ling,Ting-A-Ling,0,0,6
tiny-blue-transistor-radio,Tiny Blue Transistor Radio,0,0,1
tiny-broken-heart,Tiny Broken Heart,1,8,1
tiny-town,Tiny Town,0,0,4
tiny-white-circle,Tiny White Circle,0,0,0
tippy-toeing,Tippy Toeing,0,0,1
tips-of-my-fingers,Tips of My Fingers,0,0,1
tired-of-crying,Tired Of Crying,0,0,1
tired-of-living,Tired Of Living,0,0,2
tired-of-losing-you,Tired of Losing You,1,0,1
tis-so-sweet-to-trust-in-jesus,Tis So Sweet to Trust in Jesus,0,2,2
tis-sweet-to-be-remembered,Tis Sweet To Be Remembered,1,6,0
to-all-the-girls-i-ve-loved-before,To All The Girls I've Loved Before,0,0,1
to-be-alone,To Be Alone,0,0,9
to-be-in-love-with-her,To Be In Love With Her,0,0,1
to-daddy,To Daddy,0,3,1
today,Today,0,4,98
today-1,Today,0,4,98
today-all-over-again,Today All Over Again,0,0,1
today-has-already-come-to-pass,Today Has Already Come to Pass,0,0,0
today-is-mine,Today Is Mine,0,0,1
today-i-started-loving-you-again,Today I Started Loving You Again,0,4,0
today-is-that-tomorrow,Today Is That Tomorrow,0,0,1
today-is-that-tomorrow-i-dreamed-of-yesterday,Today Is That Tomorrow (I Dreamed Of Yesterday),0,0,0
today-is-the-end-of-the-world,Today Is The End Of The World,0,0,0
today-my-world-slipped-away,Today My World Slipped Away,0,0,1
today-s-lonely-fool,Today's Lonely Fool,0,0,0
today-s-teardrops,Today's Teardrops,0,0,1
today-tomorrow-and-forever,Today Tomorrow and Forever,0,1,2
today-will-be-the-first-day-of-the-rest-of-my-life,Today Will Be The First Day Of The Rest Of My Life,0,0,0
to-do-what-i-do,To Do What I Do,0,2,1
to-each-his-own,To Each His Own,0,0,3
toe-to-toe-with-the-devil,Toe To Toe With The Devil,0,0,1
to-feel-that-way-at-all,To Feel That Way At All,0,1,0
together,Together,0,1,236
together-1,Together,0,1,236
together-again,Together Again,1,4,39
together-again-1,Together Again,1,4,39
together-alone,Together Alone,0,0,18
together-always,Together Always,0,1,2
togetherness,Togetherness,0,0,22
together-we-stand,Together We Stand,0,0,6
to-get-to-you,To Get To You,0,3,4
to-god-to-be-the-glory,To God To Be The Glory,0,0,0
to-have-you-back-again,To Have You Back Again,0,1,0
to-heck-with-old-santa-claus,To Heck With Old Santa Claus,0,0,0
to-help-you-love-again,To Help You Love Again,0,0,0
to-know-him-is-to-love-him,To Know Him Is To Love Him,0,2,1
tolivar,Tolivar,0,0,1
to-make-a-long-story-short-she-s-gone,To Make A Long Story Short (She's Gone),0,0,0
to-make-a-man-feel-like-a-man,To Make A Man Feel Like A Man,0,0,0
to-make-love-sweeter-for-you,To Make Love Sweeter For You,0,1,1
to-make-you-feel-my-love,To Make You Feel My Love,0,0,1
tomb-of-the-unknown-love,Tomb Of The Unknown Love,0,0,1
tombstone-every-mile,Tombstone Every Mile,0,1,1
tom-dooley,Tom Dooley,1,9,8
tom-dooley-1,Tom Dooley,1,9,8
to-me,To Me,0,0,5
tom-jerry,Tom & Jerry,1,4,1
tomorrow,Tomorrow,0,2,236
tomorrow-1,Tomorrow,0,2,236
tomorrow-ill-be-gone,Tomorrow I’ll Be Gone,0,5,0
tomorrow-is-christmas-day,Tomorrow Is Christmas Day,0,0,1
tomorrow-is-forever,Tomorrow Is Forever,0,1,2
tomorrow-never-comes,Tomorrow Never Comes,0,2,16
tomorrow-night,Tomorrow Night,0,0,13
tomorrow-night-1,Tomorrow Night,0,0,13
tomorrow-night-2,Tomorrow Night,0,0,13
tomorrow-s-gonna-be-better-than-today,Tomorrow's Gonna Be Better Than Today,0,0,1
tomorrows-just-another-day-to-cry,Tomorrow’s Just Another Day To Cry,0,0,0
tomorrow-the-suns-gonna-shine,Tomorrow The Sun’s Gonna Shine,0,0,0
tomorrow-you-ll-be-gone,Tomorrow You'll Be Gone,0,0,2
to-my-baby-i-m-a-big-star-all-the-time,To My Baby I'm a Big Star All the Time,0,0,0
to-my-mansion-in-the-sky,To My Mansion In The Sky,0,3,1
to-my-mansion-in-the-sky-1,To My Mansion In The Sky,0,3,1
to-my-sorrow,To My Sorrow,0,0,1
to-my-sorrow-1,To My Sorrow,0,0,1
tonight-carmen,Tonight Carmen,0,0,1
tonight-i-climbed-the-wall,Tonight I Climbed The Wall,0,1,0
tonight-i-found-my-true-love,Tonight I Found My True Love,0,0,0
tonight-i-m-coming-home-to-an-angel,Tonight I'm Coming Home To An Angel,0,0,0
tonight-is-christmas,Tonight is Christmas,0,0,1
tonight-is-so-right-for-love,Tonight Is So Right For Love,0,0,1
tonight-my-baby-s-coming-home,Tonight My Baby's Coming Home,0,1,1
tonight-s-the-night,Tonight's The Night,0,0,20
tonight-the-bottle-let-me-down,Tonight the Bottle Let Me Down,1,5,0
tonight-the-heartache-s-on-me,Tonight The Heartache's On Me,0,1,1
tonight-we-re-calling-it-a-day,Tonight We're Calling It A Day,0,0,0
tonight-we-re-gonna-tear-down-the-walls,Tonight We're Gonna Tear Down The Walls,0,0,0
tonight-we-steal-heaven-again,Tonight We Steal Heaven Again,0,0,0
tonight-you-belong-to-me,Tonight You Belong To Me,0,1,3
tony-s-tank-up-drive-in-cafe,Tony's Tank Up Drive In Cafe,0,0,0
too-big-to-fight,Too Big To Fight,0,0,0
too-broke-to-break,Too Broke To Break,0,0,0
too-busy-being-in-love,Too Busy Being In Love,0,0,1
too-busy-saying-goodbye,Too Busy Saying Goodbye,0,0,0
too-close-to-her-and-too-far-from-you,Too Close To Her (And Too Far From You),0,0,0
too-cold-at-home,Too Cold At Home,0,0,1
too-damned-old,Too Damned Old,0,0,0
too-deep-for-tears,Too Deep For Tears,0,0,2
too-far,Too Far,0,0,18
too-far-from-god,Too Far From God,0,0,0
too-far-gone,Too Far Gone,0,3,42
too-far-gone-f,Too Far Gone f,0,0,0
too-far-gone-to-find,Too Far Gone To Find,0,0,1
too-gone-too-long,Too Gone Too Long,0,0,2
too-hard-to-say-im-sorry,Too Hard To Say I’m Sorry,0,1,1
took-it-like-a-man-cried-like-a-baby,Took It Like A Man Cried Like A Baby,0,0,1
too-late,Too Late,0,4,125
too-late-now,Too Late Now,0,10,9
too-late-to-cry,Too Late To Cry,1,8,2
too-late-to-go-home,Too Late To Go Home,0,0,0
too-late-to-turn-back-now,Too Late To Turn Back Now,0,0,4
too-late-to-walk-the-floor,Too Late To Walk The Floor,1,3,0
too-late-to-worry-now,Too Late To Worry Now,0,0,0
too-late-to-worry-to-blue-to-cry,Too Late To Worry To Blue To Cry,0,0,0
too-lonely-too-long,Too Lonely Too Long,0,1,2
too-long,Too Long,0,0,19
too-long-1,Too Long,0,0,19
too-long-gone,Too Long Gone,0,0,2
too-many-bridges-to-cross-over,Too Many Bridges to Cross Over,0,0,1
too-many-daddies,Too Many Daddies,0,0,1
too-many-lovers,Too Many Lovers,0,0,1
too-many-memories,Too Many Memories,0,1,3
too-many-memories-1,Too Many Memories,0,1,3
too-many-memories-all-around,Too Many Memories All Around,0,0,0
too-many-nights-alone,Too Many Nights Alone,0,0,1
too-many-parties-too-many-pals,Too Many Parties Too Many Pals,0,0,0
too-many-places,Too Many Places,0,0,1
too-many-rivers,Too Many Rivers,0,1,1
too-many-rules,Too Many Rules,0,0,1
too-many-secrets,Too Many Secrets,0,0,3
too-many-teardrops,Too Many Teardrops,0,1,4
too-many-teardrops-too-late,Too Many Teardrops Too Late,0,0,0
too-many-tears-to-make-love-strong,Too Many Tears To Make Love Strong,0,0,0
too-many-times,Too Many Times,0,0,12
too-many-times-1,Too Many Times,0,0,12
too-much,Too Much,0,2,76
too-much-1,Too Much,0,2,76
too-much-blood-in-my-alcohol-level,Too Much Blood in My Alcohol Level,0,0,0
too-much-candy-for-a-dime,Too Much Candy For A Dime,0,0,0
too-much-hurt,Too Much Hurt,0,0,0
too-much-is-not-enough,Too Much Is Not Enough,0,0,3
too-much-love-between-us,Too Much Love Between Us,0,0,0
too-much-love-is-spoiling-you,Too Much Love Is Spoiling You,0,0,0
too-much-mountain-dew,Too Much Mountain Dew,1,1,1
too-much-noise,Too Much Noise,0,0,0
too-much-of-a-good-thing,Too Much Of A Good Thing,0,1,9
too-much-of-me-loving-you,Too Much Of Me Loving You,0,0,1
too-much-of-too-little,Too Much Of Too Little,0,0,0
too-much-of-you,Too Much Of You,0,0,2
too-much-on-my-heart,Too Much on My Heart,0,1,0
too-much-rock,Too Much Rock,0,0,0
too-much-to-gain-to-lose,Too Much To Gain To Lose,0,0,1
too-much-to-gain-to-lose-1,Too Much To Gain To Lose,0,0,1
too-much-to-lose,Too Much To Lose,0,0,6
too-much-water,Too Much Water,0,1,1
too-old-to-cut-the-mustard,Too Old To Cut The Mustard,0,0,1
too-old-to-die-young,Too Old To Die Young,0,4,6
toormore-polka,Toormore Polka,0,0,0
too-soon-to-know,Too Soon To Know,0,0,1
too-sweet-to-last,Too Sweet To Last,1,0,0
too-tough-to-tame,Too Tough To Tame,0,0,1
too-used-to-being-with-you,Too Used To Being With You,0,0,1
top-of-the-mountain,Top Of The Mountain,0,1,7
top-of-the-world,Top of the World,0,48,53
to-prove-my-love-to-you,To Prove My Love To You,0,1,0
tormented-heart,Tormented Heart,0,0,0
torn-between-two-lovers,Torn Between Two Lovers,0,0,1
torn-between-two-lovers-1,Torn between two lovers,0,0,1
torn-from-the-pages-of-life,Torn From The Pages Of Life,0,0,0
to-save-my-wife,To Save My Wife,0,0,0
to-see-my-angel-cry,To See My Angel Cry,0,0,0
to-the-glory-of-my-father,To The Glory Of My Father,0,0,0
to-think-you-ve-chosen-me,To Think You've Chosen Me,0,0,1
touch-and-go-heart,Touch And Go Heart,0,0,0
touching-home,Touching Home,0,0,1
touch-me,Touch Me,0,0,53
touch-me-not,Touch Me Not,0,0,1
touch-me-when-we-re-dancing,Touch Me When We're Dancing,0,0,1
touch-me-with-your-eyes,Touch Me With Your Eyes,0,0,0
touch-my-heart,Touch My Heart,0,1,8
touch-of-god-s-hand,Touch of God's Hand,1,2,1
touch-of-gods-hand,Touch Of God’s Hand,0,2,1
touch-the-hand,Touch The Hand,0,1,1
touch-the-morning,Touch The Morning,0,0,1
touch-your-woman,Touch Your Woman,0,1,1
tougher-than-leather,Tougher Than Leather,0,0,3
tower-of-tears,Tower Of Tears,0,0,1
town-that-never-sleeps,Town That Never Sleeps,0,0,0
toy-heart,Toy Heart,1,19,2
toy-heart-1,Toy Heart,1,19,2
to-you-and-yours-from-me-and-mine,To You and Yours from Me and Mine,0,0,0
trademark,Trademark,0,0,5
trade-some-memories,Trade Some Memories,0,0,0
tragedy,Tragedy,0,0,55
tragic-letter,Tragic Letter,0,0,0
tragic-love,Tragic Love,0,3,3
tragic-romance,Tragic Romance,1,15,1
trail-of-sorrow,Trail Of Sorrow,1,7,1
trail-of-tears,Trail of Tears,0,5,23
trail-of-tears-1,Trail Of Tears,0,5,23
trail-of-time,Trail Of Time,0,0,1
trails-troubles-tribulations,Trials Troubles Tribulations,0,3,1
train-bound-for-glory-land,Train Bound for Glory Land,0,1,0
train-of-life,Train Of Life,0,0,2
train-of-love,Train Of Love,0,1,6
train-on-the-island,Train on the Island,1,19,2
train-that-carried-my-girl,Train That Carried My Girl,1,13,0
train-that-i-ride,Train That I Ride,1,2,0
train-whistle-blues,Train Whistle Blues,0,3,2
train-with-the-rhumba-beat,Train With The Rhumba Beat,0,0,1
train-wreck-of-emotion,Train Wreck Of Emotion,1,0,0
tra-le-la-la-triangle,Tra Le La La Triangle,0,0,0
tramp-on-your-street,Tramp On Your Street,0,0,1
trapped-in-an-old-country-song,Trapped In An Old Country Song,0,0,0
traveling-blues,Traveling Blues,0,1,0
traveling-on,Traveling On,0,2,5
traveling-on-and-on,Traveling On And On,1,3,0
traveling-the-highway-home,Traveling The Highway Home,1,7,1
travelin-this-lonesome-road,Travelin' This Lonesome Road,1,9,1
treadin-water,Treadin' Water,0,0,1
treasure-money-can-t-buy,Treasure Money Can't Buy,0,0,0
treasure-of-love,Treasure Of Love,0,0,3
treasures-untold,Treasures Untold,0,4,2
treat-her-right,Treat Her Right,0,0,4
treat-him-right,Treat Him Right,0,0,0
treat-me-nice,Treat Me Nice,0,1,2
treat-yourself-right,Treat Yourself Right,0,0,0
tree-for-the-cross,Tree For The Cross,0,0,0
triangle,Triangle,0,0,42
tribute-to-the-grand-ole-opry,Tribute To The Grand Ole Opry,0,0,0
tricks-of-the-trade,Tricks Of The Trade,0,0,6
trip-to-heaven,Trip To Heaven,0,0,2
tropical-depression,Tropical Depression,0,1,5
troubadour,Troubadour,0,0,21
t-r-o-u-b-l-e,T-R-O-U-B-L-E,0,0,1
trouble-and-me,Trouble and Me,0,0,1
trouble-and-me-lyrics-chords,Trouble And Me Lyrics chords,0,0,0
trouble-and-misery-lyrics-and-chords,Trouble And Misery Lyrics and Chords,0,0,0
trouble-in-mind,Trouble In Mind,1,9,7
trouble-in-paradise,Trouble In Paradise,0,0,19
trouble-keeps-hanging-around-my-door,Trouble Keeps Hanging Around My Door,0,0,0
trouble-on-the-line,Trouble On The Line,0,0,1
trouble-s-back-in-town,Trouble's Back in Town,0,0,1
troubles-of-my-own,Troubles of My Own,0,1,1
troublesome-waters,Troublesome Waters,0,3,2
troubles-wall-to-wall,Troubles Wall To Wall,0,0,1
trouble-with-girls,Trouble With Girls,0,0,1
trouble-with-the-truth,Trouble With The Truth,0,1,0
truck-driver-s-blues,Truck Driver's Blues,0,4,2
truck-driving-man,Truck Driving Man,1,11,2
truck-driving-son-of-a-gun,Truck Driving Son Of A Gun,0,0,0
truck-drivin-woman,Truck Drivin' Woman,0,0,0
truckers-prayer,Trucker’s Prayer,0,0,1
true,True,0,0,51
true-1,True,0,0,51
true-and-lasting-kind,True And Lasting Kind,0,0,1
true-life-blues,True Life Blues,1,12,1
true-love,True Love,0,2,132
true-love-goes-on-and-on,True Love Goes On And On,0,0,1
true-love-is-a-golden-ring,True Love Is A Golden Ring,0,1,0
true-love-is-always-true,True Love Is Always True,0,0,1
true-love-is-blind,True Love Is Blind,0,0,0
true-love-is-greater-than-friendship,True Love Is Greater Than Friendship,0,0,1
true-love-is-the-greatest-thing,True Love Is The Greatest Thing,0,0,0
true-love-lasts-forever,True Love Lasts Forever,0,0,0
true-love-never-dies,True Love Never Dies,0,2,3
true-love-s-a-blessing,True Love's a Blessing,0,0,1
true-love-travels-on-a-gravel-road,True Love Travels On A Gravel Road,0,0,1
true-love-ways,True Love Ways,0,0,1
truer-than-true,Truer Than True,0,0,1
true-true-love-never-dies,True True Love Never Dies,0,0,0
true-true-loving,True True Loving,0,0,1
truly-truly-true,Truly Truly True,0,0,1
trust-and-obey,Trust And Obey,0,1,1
trust-in-me,Trust In Me,0,0,13
try-again,Try Again,0,0,35
try-a-little-kindness,Try A Little Kindness,0,1,1
try-a-little-tenderness,Try A Little Tenderness,0,0,3
try-being-lonely,Try Being Lonely,0,1,1
trying-not-to-love-you,Trying Not To Love You,0,2,3
trying-to-forget,Trying To Forget,0,0,4
trying-to-forget-the-blues,Trying To Forget The Blues,0,0,0
trying-to-get-to-you,Trying To Get To You,0,2,3
trying-to-get-to-you-1,Trying To Get To You,0,2,3
trying-to-love-two-women,Trying To Love Two Women,0,0,1
trying-to-outrun-the-wind,Trying to Outrun the Wind,0,0,0
tryin-to-get-over-you,Tryin' To Get Over You,0,1,2
try-it-again,Try It Again,0,0,2
try-me-one-more-time,Try Me One More Time,0,2,3
try-to-remember,Try To Remember,0,0,8
try-to-remember-1,Try To Remember,0,0,8
try-to-take-it-like-a-man,Try To Take It Like A Man,0,0,0
tuar-mor-polka-2-the,Tuar Mór Polka (2) (The),0,0,0
tuckered-out,Tuckered Out,0,0,1
tucson-too-soon,Tucson Too Soon,0,0,0
tulare-dust,Tulare Dust,0,0,1
tulsa,Tulsa,0,0,5
tulsa-county,Tulsa County,0,0,1
tulsa-queen,Tulsa Queen,0,0,1
tulsa-telephone-book,Tulsa Telephone Book,0,0,1
tulsa-time,Tulsa Time,0,7,1
tumbleweed-christmas-tree,Tumbleweed Christmas Tree,0,1,0
tumbling-tumbleweed,Tumbling Tumbleweed,0,0,0
tumbling-tumbleweeds,Tumbling Tumbleweeds,1,5,1
tune-for-andy-a,Tune for Andy (A),0,0,0
tune-of-a-twenty-dollar-bill,Tune of a Twenty Dollar Bill,1,2,1
tunnel-of-your-mind,Tunnel Of Your Mind,0,1,0
tupelo-county-jail-lyrics-chords,Tupelo County Jail Lyrics Chords,0,0,0
turkey-in-the-straw,Turkey in the Straw,1,36,6
turmoil-tinfoil,Turmoil & Tinfoil,1,1,1
turn-around,Turn Around,0,2,61
turn-around-1,Turn Around,0,2,61
turn-around-look-at-me,Turn Around Look At Me,0,0,1
turn-back-turn-back,Turn Back Turn Back,0,1,0
turned-you-to-stone,Turned You To Stone,1,0,0
turn-her-down,Turn Her Down,0,0,0
turning-away,Turning Away,0,1,5
turning-off-a-memory,Turning Off a Memory,0,0,0
turning-to-the-light,Turning To The Light,0,1,0
turn-it-on-turn-it-up-turn-me-loose,Turn It On Turn It Up Turn Me Loose,0,0,0
turn-me-loose,Turn Me Loose,0,1,12
turn-me-to-love,Turn Me To Love,0,0,0
turn-on-to-jesus,Turn On To Jesus,0,0,0
turn-the-cards-slowly,Turn The Cards Slowly,0,0,1
turn-the-jukebox-up-louder,Turn The Jukebox Up Louder,0,0,1
turn-the-record-over,Turn The Record Over,0,0,0
turn-the-world-around,Turn The World Around,0,0,5
turn-this-thing-around,Turn This Thing Around,0,0,4
turn-your-eyes-upon-jesus,Turn Your Eyes Upon Jesus,0,1,4
turn-your-radio-on,Turn Your Radio On,1,4,5
twang,Twang,0,0,5
twas-the-dawn-of-a-beautiful-day,Twas The Dawn Of A Beautiful Day,0,0,0
tweedle-dee,Tweedle Dee,0,0,1
tweedle-o-twill,Tweedle O'Twill,0,0,1
twelve-bar-blues,Twelve Bar Blues,0,0,2
twelve-long-stem-roses,Twelve Long Stem Roses,0,0,0
twenty-cigarettes,Twenty Cigarettes,0,0,0
twenty-dollar-jim,Twenty Dollar Jim,0,0,1
twenty-miles-from-shore,Twenty Miles From Shore,0,0,0
twenty-naked-pentecostals-in-a-pontiac,Twenty Naked Pentecostals In A Pontiac,0,1,1
twenty-one-years,Twenty One Years,0,3,2
twenty-one-years-is-a-mighty-long-time,Twenty One Years Is A Mighty Long Time,0,0,0
twenty-twenty-vision,Twenty Twenty Vision,0,5,1
twenty-years,Twenty Years,0,0,6
twenty-years-ago,Twenty Years Ago,0,0,3
twice-as-much,Twice As Much,0,0,2
twice-the-fool,Twice The Fool,0,0,1
twice-the-loving,Twice The Loving,0,0,0
twice-the-speed-of-love,Twice The Speed Of Love,0,0,1
twilight-is-stealing,Twilight is Stealing,0,1,0
twin-fiddles-turn-me-on,Twin Fiddles Turn Me On,0,0,0
twinkle-twinkle-little-star,Twinkle Twinkle Little Star,0,3,7
twinkle-twinkle-lucky-star,Twinkle Twinkle Lucky Star,0,0,0
twin-of-an-angel,Twin Of An Angel,0,0,0
twin-reel,Twin Reel,0,0,0
two-arms-to-hold-me,Two Arms To Hold Me,1,1,0
two-brothers,Two Brothers,1,3,14
two-candles-one-dinner-and-a-bottle,Two Candles One Dinner And A Bottle,0,0,0
two-coats,Two Coats,1,8,2
two-dollars-in-the-jukebox,Two Dollars In The Jukebox,0,0,0
two-doors-down,Two Doors Down,0,1,3
two-empty-arms,Two Empty Arms,0,0,1
two-empty-arms-1,Two Empty Arms,0,0,1
two-empty-glasses,Two Empty Glasses,0,0,0
two-glasses-joe,Two Glasses Joe,0,0,1
two-good-people-with-a-love-gone-bad,Two Good People With A Love Gone Bad,0,0,1
two-good-reasons,Two Good Reasons,0,0,1
two-hearts,Two Hearts,0,2,46
two-hearts-beat-better-than-one,Two Hearts Beat Better Than One,0,0,0
two-hearts-broken-now,Two Hearts Broken Now,0,0,0
two-hearts-deep-in-the-blues,Two Hearts Deep In The Blues,0,0,0
two-hits-and-the-joint-turned-brown,Two Hits and the Joint Turned Brown,1,1,0
two-in-the-cold,Two In The Cold,0,0,0
two-kinds-of-love,Two Kinds Of Love,0,1,3
two-less-lonely-people-in-the-world,Two Less Lonely People In The World,0,0,1
two-little-boys,Two Little Boys,1,6,2
two-lonely-hearts,Two Lonely Hearts,0,4,1
two-lonely-hearts-out-of-hand,Two Lonely Hearts Out Of Hand,0,0,0
two-lonely-people,Two Lonely People,0,0,2
two-more-bottles-of-wine,Two More Bottles Of Wine,0,2,1
two-more-years,Two More Years,0,4,1
two-mules-pull-this-wagon,Two Mules Pull This Wagon,0,0,0
two-of-a-kind,Two Of A Kind,0,3,25
two-of-a-kind-1,Two Of A Kind,0,3,25
two-of-a-kind-workin-on-a-full-house,Two Of A Kind Workin' On A Full House,0,0,1
two-of-the-usual,Two Of The Usual,0,0,1
two-pairs-of-levis-and-a-pair-of-justin-boots,Two Pairs of Levis and a Pair of Justin Boots,0,0,0
two-perfect-people,Two Perfect People,0,0,0
two-pina-coladas,Two Pina Coladas,0,0,0
two-red-lips-and-warm-red-wine,Two Red Lips And Warm Red Wine,0,0,1
two-separate-bar-stools,Two Separate Bar Stools,0,0,0
two-shadows-on-your-window,Two Shadows On Your Window,0,0,0
two-sides-to-every-story,Two Sides To Every Story,0,1,9
two-soldiers,Two Soldiers,1,9,4
two-sparrows-in-a-hurricane,Two Sparrows In A Hurricane,0,0,1
two-step-around-the-christmas-tree,Two Step Around The Christmas Tree,0,0,0
two-step-is-easy,Two Step Is Easy,0,1,0
two-steppin-texas-blue,Two Steppin' Texas Blue,0,0,0
two-steps-forward,Two Steps Forward,0,0,3
two-story-house,Two Story House,0,0,1
two-streaks-of-steel,Two Streaks Of Steel,0,0,1
two-sweethearts,Two Sweethearts,0,0,0
two-timin-woman,Two Timin' Woman,0,0,2
two-together,Two Together,0,0,1
two-voices-two-shadows-two-faces,Two Voices Two Shadows Two Faces,0,0,1
two-whoops-and-a-hollar,Two Whoops And A Hollar,0,0,0
tying-the-pieces-together,Tying The Pieces Together,0,0,0
ultimately-fine,Ultimately Fine,0,0,0
ummm-oh-yeah-dearest,Ummm Oh Yeah (Dearest),0,0,0
unanswered-prayers,Unanswered Prayers,0,0,2
unbelievable-love,Unbelievable Love,0,0,0
unbreakable-heart,Unbreakable Heart,0,0,4
unchained-melody,Unchained Melody,0,3,5
unchained-melody-1,Unchained Melody,0,3,5
uncle-gabriel,Uncle Gabriel,0,0,0
uncle-henry-s-reel,Uncle Henry's Reel,0,0,0
uncle-jim,Uncle Jim,0,1,1
uncle-joe,Uncle Joe,1,4,4
uncle-pen,Uncle Pen,1,30,1
uncle-sam,Uncle Sam,0,2,6
unclouded-day,Unclouded Day,1,11,5
uncloudy-day,Uncloudy Day,1,10,4
undercover-cowboy,Undercover Cowboy,0,0,0
under-his-wings,Under His Wings,0,0,0
under-rachel-s-wings,Under Rachel's Wings,0,0,1
understand-your-man,Understand Your Man,0,0,2
under-suspicion,Under Suspicion,0,0,7
under-the-double-eagle,Under the Double Eagle,1,18,1
under-the-influence-of-love,Under The Influence Of Love,0,0,5
under-the-mistletoe,Under The Mistletoe,0,2,4
under-these-conditions,Under These Conditions,0,1,1
under-these-conditions-1,Under These Conditions,0,1,1
under-the-sun,Under The Sun,0,2,59
under-the-x-in-texas,Under The X In Texas,0,0,0
under-this-old-hat,Under This Old Hat,0,0,1
under-your-spell-again,Under Your Spell Again,1,5,1
undo-the-right,Undo The Right,0,0,1
unfaithful-arms,Unfaithful Arms,0,0,0
unfaithful-fools,Unfaithful Fools,0,0,0
unfaithful-fools-1,Unfaithful Fools,0,0,0
unfaithful-one,Unfaithful One,0,3,2
unforgotten-man,Unforgotten Man,0,0,0
united-we-stand,United We Stand,0,0,17
unless-you-make-him-set-you-free,Unless You Make Him Set You Free,0,0,0
unloved-unwanted,Unloved Unwanted,0,0,1
unmitigated-gall,Unmitigated Gall,0,0,1
unplug-the-jukebox,Unplug the Jukebox,0,0,0
untamed-heart,Untamed Heart,0,0,2
untanglin-my-mind,Untanglin' My Mind,0,0,1
until-at-last-i-m-home,Until at Last I'm Home,0,1,0
until-i-can-make-it-on-my-own,Until I Can Make it On My Own,0,0,0
until-i-met-you,Until I Met You,0,0,5
until-it-happens-to-you,Until It Happens To You,0,0,2
until-my-dreams-come-true,Until My Dreams Come True,0,1,1
until-then,Until Then,0,1,9
until-then-1,Until Then,0,1,9
until-you,Until You,0,0,1
until-you-re-mine,Until You're Mine,0,0,2
untouched,Untouched,0,0,7
unwanted,Unwanted,0,0,8
unwanted-love,Unwanted Love,1,11,1
unwound,Unwound,0,2,6
up-above-my-head,Up Above My Head,0,3,4
up-all-night,Up All Night,0,1,46
up-comes-the-bottle,Up Comes The Bottle,0,0,0
uphill-all-the-way,Uphill All The Way,0,0,0
up-on-the-hill-where-they-do-the-boogie,Up on the Hill Where They Do the Boogie,1,2,1
upon-the-housetop,Upon The Housetop,0,0,0
up-this-hill-and-down,Up This Hill And Down,0,6,1
up-till-now-i-ve-wanted-everything-but-you,Up Till Now I've Wanted Everything But You,0,0,0
up-to-my-ears-in-tears,Up To My Ears In Tears,0,1,0
us,Us,0,2,44
usa-today,USA Today,0,1,0
used-to-be,Used to Be,1,21,18
useless,Useless,0,0,19
u-s-male,U.S. Male,0,0,1
utah-carol,Utah Carol,0,0,1
valentine,Valentine,0,0,74
valley-of-tears,Valley Of Tears,0,0,4
valley-springs-two-step,Valley Springs Two-Step,0,0,0
varsoviana-waltz,Varsoviana Waltz,0,0,0
vaya-con-dios,Vaya Con Dios,0,1,22
veil-of-white-lace,Veil Of White Lace,0,1,1
vertical-expressions,Vertical Expressions,0,0,0
very-merry-christmas,Very Merry Christmas,0,1,4
very-special-love,Very Special Love,0,0,3
veterans-day,Veterans Day,0,0,0
victim-of-the-game,Victim Of The Game,0,0,1
victim-or-a-fool,Victim Or A Fool,0,0,1
victims-of-the-pretty-things-in-life,Victims Of The Pretty Things In Life,0,0,0
victim-to-the-tomb,Victim To The Tomb,0,3,1
victory-in-jesus,Victory In Jesus,0,2,1
vincent-starry-starry-night,Vincent (Starry Starry Night),0,0,0
virginia,Virginia,0,0,28
virginia-reel,Virginia Reel,0,0,1
virginia-street-reel,Virginia Street Reel,0,0,0
virginia-waltz,Virginia Waltz,0,3,1
vision-of-mother,Vision Of Mother,1,10,1
visions-of-sugar-plums,Visions Of Sugar Plums,0,0,0
viva-las-vegas,Viva Las Vegas,0,1,3
voice-of-my-savior,Voice Of My Savior,1,9,1
wabash-cannonball,Wabash Cannonball,1,25,2
wafus-two-step,Wafus Two-Step,0,0,0
wagoner,Wagoner,1,5,1
wagon-load-of-love,Wagon Load Of Love,0,0,1
wagon-wheel,Wagon Wheel,1,3,5
wagon-wheel-1,Wagon Wheel,1,3,5
wagon-wheels,Wagon Wheels,0,1,1
wait-a-little-longer-please-jesus,Wait a Little Longer Please Jesus,1,14,1
wait-a-minute,Wait a Minute,1,3,24
wait-a-minute-2,Wait A Minute,1,3,24
wait-and-see,Wait And See,0,0,16
wait-for-the-light-to-shine,Wait For the Light to Shine,0,4,1
waitin-down-the-road,Waitin' Down The Road,0,0,0
waitin-for-dawn-till-dawn,Waitin' For Dawn Till Dawn,0,0,0
waitin-for-the-deal-to-go-down,Waitin' For The Deal To Go Down,0,0,1
waitin-for-your-love,Waitin' For Your Love,0,1,1
waiting-a-lifetime,Waiting A Lifetime,0,0,0
waiting-at-the-gate,Waiting At The Gate,0,0,1
waiting-for-my-call-to-glory,Waiting For My Call To Glory,0,0,0
waiting-for-the-federals,Waiting for the Federals,1,0,0
waiting-for-the-phone-to-ring,Waiting For The Phone To Ring,0,0,0
waiting-for-the-sun-to-shine,Waiting For The Sun To Shine,1,0,1
waiting-in-school,Waiting In School,0,0,0
waiting-in-your-welfare-line,Waiting In Your Welfare Line,0,0,0
waiting-on-the-light-to-change,Waiting On The Light To Change,0,0,0
waiting-time,Waiting Time,0,0,5
waiting-tonight,Waiting Tonight?,0,0,0
waitin-on-the-tables-to-turn,Waitin' On The Tables To Turn,0,0,0
waitress-waitress,Waitress Waitress,0,1,0
wait-till-i-get-my-hands-on-you,Wait Till I Get My Hands On You,0,0,0
wait-till-the-sun-shines-nellie,Wait Till The Sun Shines Nellie,0,0,1
wake-me-up-in-oklahoma,Wake Me Up In Oklahoma,0,0,0
wake-me-when-its-over,Wake Me When It’s Over,0,1,8
wake-up,Wake Up,0,4,271
wake-up-irene,Wake Up Irene,0,0,2
wake-up-little-susie,Wake Up Little Susie,0,2,1
wake-up-susan,Wake Up Susan,0,3,1
wake-up-yesterday,Wake Up Yesterday,0,0,1
waking-up-to-love,Waking Up To Love,0,0,1
walk-a-country-mile,Walk A Country Mile,0,0,1
walk-all-over-georgia,Walk All Over Georgia,0,0,0
walk-a-mile-in-my-shoes,Walk A Mile In My Shoes,0,0,2
walk-beside-me,Walk Beside Me,0,2,2
walk-dem-golden-stairs,Walk Dem Golden Stairs,0,0,0
walkin-a-broken-heart,Walkin' A Broken Heart,0,0,1
walkin-away,Walkin' Away,0,0,4
walkin-down-the-line,Walkin Down The Line,0,3,1
walking-after-midnight,Walking After Midnight,0,1,2
walking-and-humming,Walking And Humming,0,0,0
walking-boss,Walking Boss,1,8,0
walking-dream,Walking Dream,0,0,1
walking-in-the-moonlight,Walking In The Moonlight,0,0,3
walking-in-the-spirit,Walking In The Spirit,0,1,1
walking-in-the-sunshine,Walking In The Sunshine,0,1,4
walking-my-lord-up-calvarys-hill,Walking My Lord Up Calvary’s Hill,1,5,0
walking-on-new-grass,Walking On New Grass,0,0,1
walking-on-the-blueridge-mountains,Walking On The Blueridge Mountains,1,0,0
walking-piece-of-heaven,Walking Piece of Heaven,0,0,2
walking-shadow-talking-memory,Walking Shadow Talking Memory,0,0,0
walking-shoes,Walking Shoes,0,2,4
walking-the-dog,Walking The Dog,1,6,3
walking-the-floor-over-you,Walking The Floor Over You,0,3,0
walking-the-kings-highway,Walking The King’s Highway,0,0,0
walking-the-streets,Walking the Streets,0,0,5
walking-to-jerusalem,Walking To Jerusalem,0,0,0
walking-to-new-orleans,Walking To New Orleans,0,0,1
walking-up-georgia-row,Walking Up Georgia Row,0,1,0
walkin-in,Walkin' In,0,0,0
walkin-in-jerusalem,Walkin' In Jerusalem,1,12,0
walkin-in-my-sleep,Walkin’ In My Sleep,1,8,1
walkin-tall,Walkin' Tall,0,0,1
walkin-the-floor-over-me,Walkin' The Floor Over Me,0,1,1
walkin-the-line,Walkin' The Line,0,0,1
walk-in-the-parlor,Walk in the Parlor,0,0,0
walkin-with-the-blues,Walkin' With The Blues,0,0,0
walk-me-to-the-door,Walk Me to the Door,0,0,1
walk-on,Walk On,0,1,25
walk-on-boy,Walk On Boy,1,9,1
walk-on-boy-1,Walk On Boy,1,9,1
walk-on-by,Walk on By,0,0,18
walk-on-fool,Walk On Fool,0,0,1
walk-on-out-of-my-mind,Walk On Out Of My Mind,0,0,1
walk-on-the-rocks,Walk On The Rocks,0,1,1
walk-on-the-wild-side-of-life,Walk On The Wild Side Of Life,0,0,0
walk-our-own-road,Walk Our Own Road,0,0,0
walk-out-backwards,Walk Out Backwards,0,0,1
walk-over-god-s-heaven,Walk Over God's Heaven,0,3,1
walk-right-back,Walk Right Back,0,1,2
walk-right-back-1,Walk Right Back,0,1,2
walk-slow,Walk Slow,0,1,3
walk-softly,Walk Softly,0,2,2
walk-softly-on-the-bridges,Walk Softly On The Bridges,0,1,1
walk-softly-on-this-heart-of-mine,Walk Softly On This Heart Of Mine,1,6,1
walk-tall,Walk Tall,0,0,9
walk-the-floor,Walk The Floor,0,0,0
walk-the-way-the-wind-blows,Walk the Way the Wind Blows,1,1,1
walk-through-paradise,Walk Through Paradise,0,0,1
walk-through-this-world-with-me,Walk Through This World With Me,0,2,1
walk-to-the-dance,Walk To The Dance,0,0,0
walk-up-georgia-row,Walk up Georgia Row,1,0,0
walk-with-me,Walk With Me,0,3,49
walk-with-me-1,Walk With Me,0,3,49
wall-around-heaven,Wall Around Heaven,0,0,0
wall-of-pictures,Wall Of Pictures,0,0,0
wall-of-tears,Wall Of Tears,0,0,1
wall-of-tears-1,Wall Of Tears,0,0,1
walls,Walls,0,1,77
walls-can-fall,Walls Can Fall,0,0,1
walls-of-this-old-honky-tonk,Walls Of This Old Honky Tonk,0,0,0
walls-of-time,Walls Of Time,1,11,1
wall-to-wall-heartache,Wall To Wall Heartache,0,0,0
waltz-across-texas,Waltz Across Texas,1,6,1
waltz-country-dance,Waltz Country Dance,0,0,0
waltz-country-dance-three-waltz-ons,Waltz Country Dance--Three Waltz Ons,0,0,0
waltzing-by-the-ohio,Waltzing By The Ohio,0,0,0
waltzing-matilda,Waltzing Matilda,1,2,5
waltzing-on-top-of-the-world,Waltzing On Top Of The World,0,0,1
waltzing-with-sin,Waltzing With Sin,0,0,1
waltz-of-the-alamo,Waltz Of The Alamo,0,0,0
waltz-of-the-angels,Waltz of the Angels,0,4,1
waltz-of-the-wind,Waltz Of The Wind,1,4,3
waltz-quadrille,Waltz Quadrille,0,0,0
wanderin-boy-s-last-letter,Wanderin' Boy's Last Letter,0,0,0
wandering-soul,Wandering Soul,0,2,9
wanderin-man,Wanderin' Man,0,0,3
wanderlust,Wanderlust,1,4,63
wanted,Wanted,0,3,41
wanted-man,Wanted Man,0,5,16
wanted-someone-to-love-me,Wanted Someone To Love Me,0,0,0
wanting-you-but-never-having-you,Wanting You But Never Having You,0,0,0
ward-of-broken-hearts,Ward Of Broken Hearts,0,0,0
war-is-hell-on-the-homefront-too,War Is Hell On The Homefront Too,0,0,0
warm-love,Warm Love,0,0,4
warm-place-in-the-snow,Warm Place In The Snow,0,0,1
warmth-of-the-wine,Warmth of the Wine,0,0,0
warm-up-the-night-with-you,Warm Up The Night With You,0,0,0
warm-warm-lips,Warm Warm Lips,0,0,0
warm-woman-and-cold-champagne,Warm Woman And Cold Champagne,0,0,0
warning-labels,Warning Labels,0,0,1
war-paint,War Paint,0,0,8
war-pigs,War Pigs,1,4,2
washed-my-hands-in-the-muddy-water,Washed My Hands in the Muddy Water,1,0,0
washing-my-dreams-in-tears,Washing My Dreams In Tears,0,0,0
washington-county,Washington County,1,4,1
was-it-all-worth-losing-you,Was It All Worth Losing You,0,0,1
was-it-just-the-wine,Was It Just The Wine,0,0,1
wasted,Wasted,0,2,89
wasted-days-and-wasted-nights,Wasted Days And Wasted Nights,0,0,1
wasted-way-of-life,Wasted Way Of Life,0,0,0
wasted-words,Wasted Words,0,2,7
wasted-years,Wasted Years,0,0,19
was-the-first-time-the-last-time,Was The First Time The Last Time,0,0,0
wasting-love,Wasting Love,0,1,2
wasting-my-time,Wasting My Time,0,2,24
watching-a-new-love-grow,Watching A New Love Grow,0,0,0
watching-my-world-walk-away,Watching My World Walk Away,0,0,0
watching-the-fire-go-down,Watching The Fire Go Down,0,0,0
watching-the-river-run,Watching The River Run,0,0,3
watching-the-way,Watching The Way,0,0,0
watch-where-you-re-going,Watch Where You're Going,0,0,1
water-bound,Water Bound,1,1,0
waterbound,Waterbound,1,8,3
waterloo,Waterloo,0,0,20
watermelon-crawl,Watermelon Crawl,0,0,1
watermelon-on-the-vine,Watermelon On The Vine,1,9,1
watermelon-time-in-georgia,Watermelon Time In Georgia,0,0,0
water-underneath-the-bridge,Water Underneath The Bridge,1,0,0
watson-s-blues,Watson's Blues,1,7,0
wave-goodbye-to-me,Wave Goodbye To Me,0,0,1
waves-on-the-sea,Waves On The Sea,0,3,0
way-back,Way Back,0,0,22
way-back-in-the-mountains,Way Back In The Mountains,0,0,1
way-beyond-the-blue,Way Beyond The Blue,0,1,1
way-down-deep,Way Down Deep,0,1,1
way-down-in-north-carolina,Way Down in North Carolina,0,1,0
way-down-south,Way Down South,1,0,9
way-downtown,Way Downtown,1,11,1
wayfaring-stranger,Wayfaring Stranger,1,40,9
wayfaring-stranger-1,Wayfaring Stranger,1,40,9
wayfaring-stranger-2,Wayfaring Stranger,1,40,9
waynesboro,Waynesboro,1,3,0
way-out-there,Way Out There,0,4,4
way-out-west-in-texas,Way Out West In Texas,0,0,1
ways-of-the-world,Ways Of The World,1,5,6
ways-to-love-a-man,Ways To Love A Man,0,0,1
way-to-free-myself,Way To Free Myself,0,0,0
way-up-on-the-mountain,Way Up On The Mountain,0,6,1
way-with-words,Way With Words,0,0,5
wayworn-traveler-the,"Wayworn Traveler, The",1,0,0
we-ain-t-out-of-love-yet,We Ain't Out Of Love Yet,0,0,0
weaker-moments,Weaker Moments,0,0,0
weakness,Weakness,0,0,15
weakness-in-a-man,Weakness In A Man,0,0,1
weakness-of-a-fool,Weakness Of A Fool,0,0,0
wealth-won-t-save-your-soul,Wealth Won't Save Your Soul,0,1,1
we-always-agree-on-love,We Always Agree On Love,0,0,0
wear-away,Wear Away,0,0,1
we-are-drifting,We Are Drifting,0,0,0
we-are-the-shepherds,We Are The Shepherds,0,0,1
wearing-a-label,Wearing A Label,0,0,0
wearing-out-your-walking-shoes,Wearing Out Your Walking Shoes,0,0,0
wear-my-ring-around-your-neck,Wear My Ring Around Your Neck,0,0,1
weary-angel,Weary Angel,1,0,0
weary-blues-from-waiting,Weary Blues From Waiting,0,2,0
weary-day,Weary Day,0,1,1
weary-lonesome-blues,Weary Lonesome Blues,1,7,1
weary-prodigal-son,Weary Prodigal Son,1,0,1
weary-traveler,Weary Traveler,1,4,1
weathered-gray-stone,Weathered Gray Stone,1,0,0
we-believe-in-happy-endings,We Believe in Happy endings,0,1,1
we-belong-together,We Belong Together,0,1,20
web-of-lies,Web Of Lies,0,0,8
we-buried-her-beneath-the-willow,We Buried Her Beneath The Willow,0,0,0
we-bury-the-hatchet,We Bury The Hatchet,0,0,1
we-call-on-him,We Call On Him,0,0,1
we-can-make-it,We Can Make It,0,0,16
we-cant-be-darlings-anymore,We Can’t Be Darlings Anymore,1,8,1
we-cant-go-on-living-like-this,We Can’t Go On Living Like This,0,0,1
we-can-t-let-this-happen-to-us,We Can't Let This Happen To Us,0,1,1
we-can-t-love-like-this-anymore,We Can't Love Like This Anymore,0,0,1
we-can-work-it-out,We Can Work it Out,1,4,10
we-could,We Could,0,3,2
we-could-have-been,We Could Have Been,0,1,2
we-couldn-t-tell-a-child,We Couldn't Tell A Child,0,0,0
we-crossed-our-hearts,We Crossed Our Hearts,0,0,0
we-crucified-our-jesus,We Crucified Our Jesus,0,0,0
we-danced-on-the-oregon-trail,We Danced On The Oregon Trail,0,0,0
wedding-bells,Wedding Bells,0,1,12
wedding-bells-for-you-and-him,Wedding Bells For You And Him,0,0,1
wedding-blues,Wedding Blues,0,0,1
wedding-cake,Wedding Cake,0,0,7
wedding-day,Wedding Day,0,1,21
we-did-but-now-you-don-t,We Did But Now You Don't,0,0,1
we-don-t-have-to-do-this,We Don't Have To Do This,0,0,1
we-don-t-want-the-world,We Don't Want The World,0,0,1
weeds-outlived-the-roses,Weeds Outlived The Roses,0,0,0
weekend-blues,Weekend Blues,0,0,1
weekender-s-two-step-the,Weekender's Two-step (The),0,0,0
weekends-were-made-for-cheating,Weekends Were Made For Cheating,0,0,0
we-fall-down,We Fall Down,0,0,2
we-found-it,We Found It,0,1,3
we-found-it-in-each-other-s-arms,We Found It In Each Other's Arms,0,0,1
we-go-good-together,We Go Good Together,0,0,0
we-got-love,We Got Love,0,0,13
we-got-love-1,We Got Love,0,0,13
we-go-together,We Go Together,0,0,7
we-got-paid-by-cash,We Got Paid By Cash,0,0,0
we-had-a-good-thing-going,We Had A Good Thing Going,0,0,1
we-had-a-good-time-trying,We Had A Good Time Trying,0,0,0
we-had-it-all,We Had It All,0,3,6
we-had-some-good-times,We Had Some Good Times,0,0,0
we-haven-t-tried,We Haven't Tried,0,0,0
we-have-this-moment-today,We Have This Moment Today,0,0,0
we-know-an-ending,We Know An Ending,0,0,1
welcome-fool,Welcome Fool,0,0,0
welcome-home,Welcome Home,1,7,93
welcome-home-mr-blues,Welcome Home Mr. Blues,0,0,0
welcome-to-the-sunshine-sweet-baby-jane,Welcome To The Sunshine (Sweet Baby Jane),0,0,0
we-live-in-two-different-worlds,We Live in Two Different Worlds,1,6,1
well-all-right,Well All Right,0,0,3
we-ll-find-a-way,We'll Find A Way,0,0,2
we-ll-get-ahead-someday,We'll Get Ahead Someday,0,1,0
we-ll-get-married-or-nothing,We'll Get Married Or Nothing,0,0,1
well-here-we-are-again,Well Here We Are Again,0,0,0
well-it-s-all-right,Well It's All Right,0,0,0
we-ll-meet-again,We'll Meet Again,0,20,13
well-meet-again,We’ll Meet Again,0,20,13
we-ll-meet-again-sweetheart,We'll Meet Again Sweetheart,1,20,1
well-meet-again-sweetheart,We’ll Meet Again Sweetheart,1,20,1
we-ll-never-change,We'll Never Change,0,0,0
well-never-love-again,We’ll Never Love Again,0,0,0
well-of-his-mercy,Well Of His Mercy,0,0,0
we-ll-soon-be-done-with-troubles-and-trials-chords,We'll Soon Be Done With Troubles And Trials chords,0,0,0
we-ll-stick-together,We'll Stick Together,0,0,2
we-ll-sweep-out-the-ashes,We'll Sweep Out The Ashes,0,0,1
we-ll-walk-along-together,We'll Walk Along Together,0,0,0
we-ll-waltz-in-love-tonight,We'll Waltz In Love Tonight,0,0,1
we-loved-it-away,We Loved It Away,0,0,1
we-love-each-other,We Love Each Other,0,0,1
we-made-a-mistake,We Made A Mistake,0,0,0
we-made-memories,We Made Memories,0,0,0
we-might-as-well-forget-it,We Might As Well Forget It,0,0,1
we-missed-you,We Missed You,1,0,1
we-missed-you-1,We Missed You,0,0,1
we-missed-you-in-church-last-sunday,We Missed You In Church Last Sunday,0,1,0
we-must-have-been-out-of-our-minds,We Must Have Been Out Of Our Minds,0,2,1
we-must-look-in-the-mirror,We Must Look In The Mirror,0,0,1
we-need-a-lot-more-happiness,We Need A Lot More Happiness,0,0,0
we-need-a-lot-more-jesus,We Need A Lot More Jesus,0,0,0
we-need-a-whole-lot-more-of-jesus,We Need A Whole Lot More Of Jesus,0,0,0
we-need-god-for-christmas,We Need God For Christmas,0,0,0
we-need-one-more-chance,We Need One More Chance,0,0,0
we-owe-god-for-everything,We Owe God For Everything,0,0,0
we-owe-it-all-to-yesterday,We Owe It All To Yesterday,0,0,0
we-re-all-god-s-children,We're All God's Children,0,1,0
we-re-all-in-this-thing-alone,We're All In This Thing Alone,0,0,1
we-re-all-in-your-corner,We're All In Your Corner,0,0,1
we-really-shouldn-t-be-doing-this,We Really Shouldn't Be Doing This,0,1,0
we-re-getting-closer-to-the-grave-each-day,We're Getting Closer to the Grave Each Day,0,0,0
we-re-gonna-build-a-fire,We're Gonna Build A Fire,0,0,1
we-re-gonna-get-together,We're Gonna Get Together,0,0,1
we-re-gonna-hold-on,We're Gonna Hold On,0,1,1
we-re-gonna-let-the-good-times-roll,We're Gonna Let The Good Times Roll,0,0,1
we-re-gonna-make-it-all-the-way,We're Gonna Make It All The Way,0,0,0
we-re-here-to-love,We're Here To Love,0,0,1
we-re-just-a-little-ole-country-band,We're Just A Little Ole Country Band,0,0,1
we-re-makin-up-for-lost-time,We're Makin' Up For Lost Time,0,0,0
we-re-marching-to-zion,We're Marching To Zion,0,0,1
we-re-not-kids-anymore,We're Not Kids Anymore,0,0,1
we-re-not-talking-anymore,We're Not Talking Anymore,0,0,0
were-not-the-jet-set,We’re Not The Jet Set,0,0,0
we-re-only-here-for-a-little-while,We're Only Here For A Little While,0,0,0
we-re-on-our-way,We're On Our Way,0,0,5
we-re-over,We're Over,0,0,0
we-re-putting-it-back-together,We're Putting It Back Together,0,0,1
we-re-steppin-out-tonight,We're Steppin' Out Tonight,0,2,1
we-re-strangers-again,We're Strangers Again,0,0,1
we-re-supposed-to-do-that-now-and-then,We're Supposed To Do That Now And Then,0,0,0
we-re-talking-it-over,We're Talking It Over,0,0,0
we-re-the-kind-of-people-that-make-the-jukebox-play,We're The Kind Of People That Make The Jukebox Play,0,0,0
we-re-watching-our-steps,We're Watching Our Steps,0,0,0
were-you-there-when-they-crucified-my-lord,Were You There When They Crucified My Lord,1,3,0
we-robbed-trains,We Robbed Trains,0,0,0
wertemberg-waltz-the,Wertemberg Waltz (The),0,0,0
we-shall-meet-someday,We Shall Meet Someday,0,1,0
we-shall-not-be-moved,We Shall Not Be Moved,1,1,4
we-shall-rise,We Shall Rise,1,8,1
we-should-be-together,We Should Be Together,0,0,6
we-split-the-blanket,We Split The Blanket,0,0,1
western-hobo-the,"Western Hobo, The",0,0,0
we-stood-at-the-altar,We Stood At The Altar,0,0,0
westphalia-waltz,Westphalia Waltz,1,8,1
westphalia-waltz-1,Westphalia Waltz,1,8,1
west-texas-waltz,West Texas Waltz,0,0,0
west-texas-waltz-1,West Texas Waltz,0,0,0
west-virginia-woman,West Virginia Woman,0,0,1
we-sure-can-love-each-other,We Sure Can Love Each Other,0,0,1
we-tell-ourselves,We Tell Ourselves,0,0,1
we-thank-thee,We Thank Thee,0,0,1
we-three-kings,We Three Kings,0,11,14
we-three-my-echo-my-shadow-and-me,We Three (My Echo My Shadow And Me),0,0,1
we-ve-closed-our-eyes-to-shame,We've Closed Our Eyes To Shame,0,0,0
we-ve-gone-too-far,We've Gone Too Far,0,0,1
we-ve-got-a-good-fire-goin,We've Got A Good Fire Goin',0,0,1
we-ve-got-a-good-thing-going,We've Got A Good Thing Going,0,0,1
we-ve-got-all-night,We've Got All Night,0,0,1
we-ve-got-everything-but-love,We've Got Everything But Love,0,0,0
we-ve-got-something-in-common,We've Got Something In Common,0,0,0
we-ve-got-tonight,We've Got Tonight,0,1,1
we-were-almost-like-a-dream-come-true,We Were Almost Like A Dream Come True,0,1,1
we-were-made-for-each-other,We Were Made For Each Other,0,0,2
we-will-march-through-the-streets-of-the-city,We Will March Through The Streets Of The City,0,0,1
we-wish-you-a-merry-christmas,We Wish You A Merry Christmas,0,8,14
we-won-t-be-home-until-then,We Won't Be Home Until Then,0,0,0
whalen-s-breakdown,Whalen's Breakdown,0,0,0
wham-bam,Wham Bam,0,0,6
what-about-me,What About Me,0,1,25
what-about-you,What About You,1,12,13
what-a-change-one-day-can-make,What A Change One Day Can Make,0,1,1
what-a-crying-shame,What A Crying Shame,0,0,1
what-a-day-that-will-be,What a Day That Will Be,1,2,2
what-a-day-yesterday-was,What A Day Yesterday Was,0,1,0
what-a-difference-a-day-made,What A Difference A Day Made,0,0,1
what-a-difference-youve-made-in-my-life,What A Difference You’ve Made In My Life,0,1,1
what-a-dream,What A Dream,0,0,3
what-a-fool-i-was,What A Fool I Was,0,0,2
what-a-friend-we-have-in-jesus,What A Friend We Have In Jesus,1,24,5
what-a-friend-we-have-in-mother,What A Friend We Have In Mother,1,1,0
what-a-healing-jesus,What A Healing Jesus,0,0,0
what-a-heartache,What A Heartache,0,1,1
what-ain-t-to-be-just-might-happen,What Ain't To Be Just Might Happen,0,2,1
what-a-journey,What A Journey,0,0,1
what-a-liar-i-am,What a Liar I am,0,0,1
what-a-lonesome-life-it-s-been,What A Lonesome Life It's Been,0,0,0
what-a-memory,What A Memory,0,0,0
what-a-memory-you-ll-make,What A Memory You'll Make,0,0,0
what-a-merry-christmas-this-could-be,What A Merry Christmas This Could Be,0,0,1
what-am-i-bid,What Am I Bid,0,0,0
what-am-i-doing-there,What Am I Doing There,0,0,1
what-am-i-going-to-do-without-you,What Am I Going To Do Without You,0,0,1
what-am-i-gonna-do,What Am I Gonna Do,0,2,9
what-am-i-gonna-do-1,What Am I Gonna Do,0,2,9
what-am-i-gonna-do-about-you,What Am I Gonna Do About You,0,0,1
what-am-i-gonna-do-girl,What Am I Gonna Do Girl,0,0,0
what-am-i-gonna-do-now,What Am I Gonna Do Now,0,0,0
what-am-i-living-for,What am I Living For,0,2,1
what-am-i-waiting-for,What Am I Waiting For,0,1,2
what-am-i-worth,What Am I Worth,0,0,3
what-a-night,What A Night,0,1,8
what-a-party,What A Party,0,0,1
what-a-price-i-had-to-pay,What A Price I Had To Pay,0,0,0
what-a-price-ive-paid,What A Price I’ve Paid,0,0,0
what-a-price-to-pay,What A Price To Pay,0,0,1
what-are-memories-made-of,What Are Memories Made Of,0,0,0
what-are-those-things,What Are Those Things,0,0,0
what-are-we-doin-lonesome,What Are We Doin’ Lonesome,0,0,0
what-are-we-gonna-do-about-me,What Are We Gonna Do About Me,0,0,1
what-are-you-trying-to-say,What Are You Trying To Say,1,0,1
what-a-time-we-will-have-over-there,What a Time We Will Have Over There,0,0,0
what-a-waste-of-good-corn-liquor,What A Waste Of Good Corn Liquor,0,1,0
what-a-way-to-die,What A Way To Die,0,1,2
what-a-way-to-go,What a Way to Go,0,2,5
what-a-way-to-live,What A Way To Live,0,0,2
what-a-way-to-live-1,What A Way To Live,0,0,2
what-a-woman-wants-to-hear,What A Woman Wants To Hear,0,1,1
what-a-wonderful-savior-is-he,What A Wonderful Savior Is He,0,2,0
what-a-wonderful-world,What A Wonderful World,0,1,6
what-became-of-that-beautiful-picture,What Became Of That Beautiful Picture,0,2,1
whatcha-gonna-do,Whatcha Gonna Do,0,5,9
whatcha-gonna-do-now,Whatcha Gonna Do Now,0,0,0
what-child-is-this,What Child Is This,0,14,8
what-comes-natural-to-a-fool,What Comes Natural to a Fool,0,0,0
what-did-you-expect-me-to-do,What Did You Expect Me To Do,0,0,1
what-does-a-loser-say,What Does A Loser Say,0,0,0
what-does-a-poor-girl-do,What Does A Poor Girl Do,0,0,0
what-does-it-take-to-make-a-grown-man-cry,What Does It Take To Make A Grown Man Cry,0,0,0
what-does-the-deep-sea-say,What Does The Deep Sea Say,1,10,0
what-does-your-conscience-say-to-you,What Does Your Conscience Say To You,0,0,1
what-do-i-care,What Do I Care,0,0,3
what-do-i-do-with-me,What Do I Do With Me,0,0,0
what-do-they-know,What Do They Know,0,0,2
what-do-you-know-about-heartache,What Do You Know About Heartache,0,0,0
what-do-you-know-about-heartaches,What Do You Know About Heartaches,0,1,0
what-do-you-say-to-that,What Do You Say To That,0,1,1
what-do-you-want-with-his-love,What Do You Want With His Love,0,0,0
what-else-could-i-do,What Else Could I Do,0,1,0
whatever-happened-to-me,Whatever Happened To Me,0,0,1
whatever-happened-to-old-fashioned-love,Whatever Happened To Old Fashioned Love,0,0,1
whatever-happened-to-randolph-scott,Whatever Happened To Randolph Scott,0,0,0
whatever-happened-to-us,Whatever Happened To Us,0,0,1
whatever-made-me-think,Whatever Made Me Think,0,0,0
whatever-s-left,Whatever's Left,0,0,2
what-every-woman-lives-for,What Every Woman Lives For,0,0,1
what-gives-you-the-right-to-do-me-wrong,What Gives You The Right (To Do Me Wrong),0,0,0
what-god-has-done,What God Has Done,0,0,1
what-goes-on-when-the-sun-goes-down,What Goes On When The Sun Goes Down,0,0,0
what-good-did-you-get-out-of-breaking-my-heart,What Good Did You Get Out Of Breaking My Heart,0,0,0
what-good-will-it-do,What Good Will It Do,0,0,0
what-good-would-it-do,What Good Would It Do,0,0,0
what-good-would-it-do-1,What Good Would It Do,0,0,0
what-happened-to-our-love,What Happened To Our Love,0,0,1
what-have-we-done,What Have We Done,0,0,6
what-have-you-got-to-lose,What Have You Got To Lose,0,1,3
what-i-believe-dear,What I Believe Dear,0,0,0
what-i-d-give-to-be-the-wind,What I'd Give (To Be The Wind),0,0,0
what-i-didnt-do,What I Didn’t Do,0,0,1
what-i-don-t-know,What I Don't Know,0,0,1
what-i-don-t-know-1,What I Don't Know,0,0,1
what-if-he-dont-love-you-like-i-do,What If He Don’t Love You Like I Do,0,0,0
what-if-i-said-i-love-you,What If I Said I Love You,0,0,0
what-if-i-say-goodbye,What If I Say Goodbye,0,1,0
what-if-we-were-running-out-of-love,What If We Were Running Out Of Love,0,0,1
what-i-had-with-you,What I Had With You,0,0,1
what-in-her-world-did-i-do,What in Her World Did I Do,0,0,0
what-in-the-world-has-gone-wrong-with-our-love,What In The World Has Gone Wrong With Our Love,0,0,1
what-in-the-world-s-come-over-you,What in the World's Come Over You,0,0,1
what-is-a-home-without-love,What Is A Home Without Love,0,3,0
what-is-it,What Is It,0,1,7
what-is-life-without-love,What Is Life Without Love,0,0,1
what-i-threw-away,What I Threw Away,0,0,1
what-i-ve-got-in-mind,What I've Got In Mind,0,0,2
what-i-want-you-to-be,What I Want You To Be,0,0,0
what-kind-of-a-girl-do-you-think-i-am,What Kind Of A Girl Do You Think I Am,0,0,0
what-kind-of-girl-are-you,What Kind Of Girl Are You,0,0,0
what-kind-of-hold,What Kind Of Hold,0,0,0
what-ll-i-do-if-i-don-t-have-you,What'll I Do If I Don't Have You,0,0,0
what-ll-i-tell-virginia,What'll I Tell Virginia,0,0,0
what-ll-you-do-about-me,What'll You Do About Me,0,2,1
what-locks-the-door,What Locks the Door,0,0,1
what-made-her-change-her-mind,What Made Her Change Her Mind,0,0,0
what-made-milwaukee-famous,What Made Milwaukee Famous,0,1,0
what-made-you-change-your-mind,What Made You Change Your Mind,0,0,1
what-made-you-change-your-mind-1,What Made You Change Your Mind,0,0,1
what-makes-a-man-wander,What Makes A Man Wander,0,0,1
what-might-have-been,What Might Have Been,0,1,7
what-money-can-t-buy,What Money Can't Buy,0,0,4
what-more-can-i-do,What More Can I Do,0,0,1
what-my-thoughts-do-all-the-time,What My Thoughts Do All The Time,0,0,1
what-my-woman-can-t-do,What My Woman Can't Do,0,0,1
what-now-my-love,What Now My Love,0,0,1
what-s-a-memory-like-you-doing-in-a-love-like-this,What's A Memory Like You Doing In A Love Like This,0,0,0
what-s-come-over-my-baby,What's Come Over My Baby,0,0,1
what-s-come-over-my-baby-1,What's Come Over My Baby,0,0,1
whats-forever-for,What’s Forever For,0,1,3
what-s-fort-worth,What's Fort Worth,0,0,0
what-s-going-on-in-your-world,What's Going On In Your World,0,0,0
what-s-gonna-happen-to-me,What's Gonna Happen To Me,0,1,2
whats-gonna-happen-to-me,What’s Gonna Happen To Me,0,1,2
whats-good-for-you,What’s Good For You,1,2,1
what-s-happened-to-blue-eyes,What's Happened To Blue Eyes,0,0,1
what-s-happened-to-me,What's Happened To Me,0,0,1
what-s-happening-in-your-world,What's Happening In Your World,0,0,0
what-s-he-doing-in-my-world,What's He Doing in My World,0,0,1
what-she-don-t-know-won-t-hurt-her,What She Don't Know Won't Hurt Her,0,0,0
what-s-he-got-that-i-couldn-t-offer-you,What's He Got (That I Couldn't Offer You),0,0,0
what-she-is-is-a-woman-in-love,What She Is (Is A Woman In Love),0,0,0
what-she-s-doing-now,What She's Doing Now,0,0,1
what-s-in-it-for-me,What's In It For Me,0,0,8
what-s-left-of-me,What's Left Of Me,0,0,6
what-s-new-in-old-mexico,What's New In Old Mexico,0,0,0
what-s-new-with-you,What's New With You,0,0,0
what-s-one-more-time,What's One More Time,0,0,1
what-s-she-really-like,What's She Really Like,0,0,1
what-s-so-different-about-you,What's So Different About You,0,0,1
what-s-the-matter-with-me,What's The Matter With Me,0,0,2
what-s-the-matter-with-the-mill,What's The Matter With The Mill,0,1,2
what-s-the-reason-i-m-not-pleasing-you,What's The Reason I'm Not Pleasing You,0,0,1
what-s-the-use,What's The Use,0,0,7
what-s-the-use-in-just-me-trying,What's the Use in Just Me Trying,0,0,0
what-s-the-use-to-love-you,What's the Use to Love You,0,0,0
what-s-wrong-with-me,What's Wrong With Me,0,0,7
what-s-wrong-with-stayin-home,What's Wrong With Stayin' Home,0,0,1
what-s-your-mama-s-name,What's Your Mama's Name,0,1,1
what-the-devil-ails-you,What the Devil Ails You?,1,0,0
what-they-all-call-love,What They All Call Love,0,1,1
what-this-old-world-needs,What This Old World Needs,0,0,0
what-to-do,What To Do,0,2,24
what-was-i-supposed-to-do,What Was I Supposed To Do,1,2,1
what-was-i-suppose-to-do,What Was I Suppose To Do,0,0,0
what-was-i-thinking,What Was I Thinking,0,0,3
what-we-need-is-a-brand-new-world,What We Need Is A Brand New World,0,0,0
what-were-you-doing-last-night,What Were You Doing Last Night,0,0,1
what-we-used-to-hang-on-to-is-gone,What We Used To Hang On To Is Gone,0,0,0
what-will-i-do-without-you,What Will I Do Without You,0,0,1
what-will-i-live-on-tomorrow,What Will I Live On Tomorrow,0,0,0
what-will-it-be-like,What Will It Be Like,0,0,1
what-will-i-tell-my-darling,What Will I Tell My Darling,0,0,0
what-will-i-tell-my-heart,What Will I Tell My Heart,0,0,1
what-will-you-tell-them,What Will You Tell Them,0,0,1
what-would-my-mama-say,What Would My Mama Say,0,0,1
what-would-you-do,What Would You Do,0,2,12
what-would-you-give,What Would You Give,1,16,0
what-would-you-give-in-exchange-for-your-soul,What Would You Give In Exchange For Your Soul,1,18,1
what-would-your-memories-do,What Would Your Memories Do,0,0,1
what-you-gonna-do-about-me,What You Gonna Do About Me,0,1,3
what-youll-do-when-im-gone,What You’ll Do When I’m Gone,0,0,1
wheel-hoss,Wheel Hoss,1,24,1
wheeling,Wheeling,1,2,3
wheel-of-hurt,Wheel Of Hurt,0,0,1
wheels,Wheels,0,11,30
wheels-of-love,Wheels Of Love,0,0,1
wheels-on-my-heels,Wheels On My Heels,0,0,1
when,When,0,1,42
when-a-fool-learns,When A Fool Learns,0,0,0
when-a-house-is-not-a-home,When a House Is Not a Home,0,0,0
when-all-i-need-is-you,When All I Need Is You,0,0,0
when-a-love-ain-t-right,When A Love Ain't Right,0,0,0
when-a-man-cant-get-a-woman-off-his-mind,When A Man Can’t Get A Woman Off His Mind,0,0,1
when-a-man-loves-a-woman,When A Man Loves A Woman,0,1,3
when-am-i-ever-gonna-settle-down,When Am I Ever Gonna Settle Down,0,0,1
when-are-you-ever-gonna-learn,When Are You Ever Gonna Learn,0,0,0
when-a-soldier-knocks-and-finds-nobody-home,When A Soldier Knocks And Finds Nobody Home,0,3,1
when-autumn-leaves-begin-to-fall,When Autumn Leaves Begin To Fall,1,0,1
when-baby-gets-the-blues,When Baby Gets The Blues,0,0,1
when-can-we-do-this-again,When Can We Do This Again,0,0,0
when-december-comes-around,When December Comes Around,0,0,0
when-did-right-become-wrong,When Did Right Become Wrong,0,0,1
when-did-you-leave-heaven,When Did You Leave Heaven,0,0,0
when-did-you-stop-loving-me,When Did You Stop Loving Me,0,0,2
whenever-forever-comes,Whenever Forever Comes,0,1,1
whenever-i-start-to-fall-in-love,Whenever I Start to Fall in Love,0,0,0
whenever-you-come-around,Whenever You Come Around,0,2,1
whenever-you-come-back-to-me,Whenever You Come Back To Me,0,0,0
whenever-you-re-ready,Whenever You're Ready,0,0,7
when-god-calls-his-children-home,When God Calls His Children Home,0,0,0
when-god-comes-and-gathers-his-jewels,When God Comes and Gathers His Jewels,0,3,1
when-god-dips-his-love-in-my-heart,When God Dips His Love In My Heart,0,2,1
when-god-dips-his-pen-of-love-in-my-heart,When God Dips His Pen of Love in My Heart,0,1,0
when-hearts-grow-hard-and-cold,When Hearts Grow Hard And Cold,0,0,0
when-he-calls,When He Calls,0,1,0
when-he-reached-down-his-hand,When He Reached Down His Hand,1,4,0
when-he-reached-down-his-hand-for-me,When He Reached Down His Hand For Me,1,4,0
when-he-walks-on-you,When He Walks On You,0,0,0
when-he-was-on-the-cross,When He Was On the Cross,0,0,0
when-i-call-on-you,When I Call On You,0,0,0
when-i-call-your-name,When I Call Your Name,0,1,3
when-i-can-read-my-titles-clear,When I Can Read My Titles Clear,1,2,0
when-i-close-my-eyes,When I Close My Eyes,0,1,11
when-i-dream,When I Dream,0,1,7
when-i-drink-my-wine,When I Drink My Wine,0,0,1
when-i-fall-in-love,When I Fall In Love,0,2,14
when-i-get-home,When I Get Home,0,3,9
when-i-get-lonely,When I Get Lonely,0,0,0
when-i-get-my-wings,When I Get My Wings,0,0,0
when-i-get-over-you,When I Get Over You,0,1,4
when-i-get-through-with-you,When I Get Through With You,0,0,1
when-i-get-to-the-end-of-the-way,When I Get To The End Of The Way,0,2,0
when-i-go-to-my-garden,When I Go To My Garden,0,0,0
when-i-grow-too-old-too-dream,When I Grow Too Old Too Dream,0,0,0
when-i-had-a-home-to-go-to,When I Had A Home To Go To,0,0,0
when-i-hear-the-wind-blow,When I Hear The Wind Blow,0,0,0
when-i-lay-my-burdens-down,When I Lay My Burdens Down,1,4,1
when-i-looked-up-and-he-looked-down,When I Looked Up And He Looked Down,0,0,0
when-i-look-into-your-heart,When I Look Into Your Heart,0,1,1
when-i-lost-you,When I Lost You,0,0,3
when-i-loved-her,When I Loved Her,0,0,1
when-i-loved-her-1,When I Loved Her,0,0,1
when-i-m-away-from-you,When I'm Away From You,0,0,1
when-i-m-gone,When I'm Gone,1,9,42
when-im-gone,When I’m Gone,1,9,42
when-i-m-gone-1,When I'm Gone,1,9,42
when-i-m-gone-you-ll-soon-forget,When I'm Gone You'll Soon Forget,0,0,1
when-i-m-knee-deep-in-bluegrass,When I'm Knee Deep In Bluegrass,0,1,1
when-i-m-out-of-you,When I'm Out Of You,0,0,0
when-i-m-through-fallin-apart,When I'm Through Fallin' Apart,0,1,0
when-i-m-with-you,When I'm With You,0,1,25
when-i-m-with-you-1,When I'm With You,0,1,25
when-i-need-you,When I Need You,0,0,3
when-i-reach-that-city-on-the-hill,When I Reach That City On The Hill,0,0,0
when-i-reach-that-home-up-there,When I Reach That Home Up There,0,1,0
when-i-reach-the-bottom,When I Reach The Bottom,0,0,0
when-i-said-i-do,When I Said I Do,0,0,1
when-i-sing-about-you,When I Sing About You,0,0,0
when-i-sing-for-him,When I Sing For Him,0,1,1
when-i-stop-dreaming,When I Stop Dreaming,1,11,1
when-i-stop-dreaming-1,When I Stop Dreaming,1,11,1
when-i-stop-leaving-ill-be-gone,When I Stop Leaving I’ll Be Gone,0,0,0
when-i-take-my-vacation-in-heaven,When I Take My Vacation In Heaven,1,0,1
when-it-comes-to-you,When It Comes To You,0,1,5
when-it-come-to-you,When It Come To You,0,0,0
when-it-rains-the-blues,When It Rains The Blues,0,0,0
when-i-travel-my-last-mile-he-will-hold-my-hand,When I Travel My Last Mile (He Will Hold My Hand),0,1,0
when-it-s-christmas-time-in-texas,When It's Christmas Time In Texas,0,0,1
when-its-lamplighting-time-in-the-valley,When its Lamplighting Time in the Valley,0,0,0
when-it-s-my-turn-again,When It's My Turn Again,0,0,0
when-it-s-night-time-in-nevada,When It's Night Time In Nevada,0,0,0
when-it-s-over,When It's Over,0,2,13
when-it-s-over-1,When It's Over,0,2,13
when-its-prayer-meeting-time,When It’s Prayer Meeting Time,0,0,0
when-it-s-roundup-time-in-heaven,When It's Roundup Time In Heaven,0,0,0
when-it-s-roundup-time-in-heaven-1,When It's Roundup Time In Heaven,0,0,0
when-it-s-spring-time-in-alaska,When it's Spring Time in Alaska,0,0,0
when-it-s-springtime-in-the-rockies,When It's Springtime In The Rockies,0,1,1
when-its-time-for-the-whippoorwill-to-sing,When It’s Time For The Whippoorwill To Sing,1,8,1
when-it-s-your-turn-to-fall,When It's Your Turn To Fall,0,0,0
when-it-s-your-turn-to-fall-1,When It's Your Turn To Fall,0,0,0
when-i-ve-learned-enough-to-die,When I've Learned Enough To Die,0,0,0
when-i-ve-traveled-my-last-mile,When I've Traveled My Last Mile,0,1,0
when-i-wake-to-sleep-no-more,When I Wake To Sleep No More,0,1,0
when-i-want-to-love-a-lady,When I Want To Love A Lady,0,0,1
when-i-was-yours,When I Was Yours,0,1,2
when-jesus-beckons-me-home,When Jesus Beckons Me Home,0,1,1
when-jesus-calls,When Jesus Calls,0,0,0
when-jesus-calls-all-his-children,When Jesus Calls All His Children,0,0,0
when-jesus-comes-calling-for-me,When Jesus Comes Calling For Me,0,1,1
when-life-hits-hard,When Life Hits Hard,0,1,0
when-liking-turns-to-loving,When Liking Turns To Loving,0,0,1
when-lonely-hits-your-heart,When Lonely Hits Your Heart,0,0,1
when-love-arrives,When Love Arrives,0,1,1
when-love-comes-around,When Love Comes Around,0,3,2
when-love-comes-around-again,When Love Comes Around Again,0,0,0
when-love-finds-you,When Love Finds You,0,1,2
when-love-is-gone,When Love Is Gone,0,0,8
when-love-was-all-we-had-to-share,When Love Was All We Had To Share,0,0,1
when-love-was-something-else,When Love Was Something Else,0,0,0
when-mama-ain-t-happy,When Mama Ain't Happy,0,0,0
when-mama-prayed,When Mama Prayed,0,1,0
when-mama-sang,When Mama Sang,0,0,0
when-my-blue-moon-turns-to-gold,When My Blue Moon Turns to Gold,1,12,0
when-my-conscience-hurts-the-most,When My Conscience Hurts The Most,0,0,1
when-my-dreamboat-comes-home,When My Dreamboat Comes Home,0,0,1
when-my-last-song-is-sung,When My Last Song Is Sung,0,1,1
when-my-savior-reached-down,When My Savior Reached Down,1,3,0
when-my-ship-comes-in,When My Ship Comes In,0,0,6
when-my-ship-comes-in-1,When My Ship Comes In,0,0,6
when-my-sugar-walks-down-the-street,When My Sugar Walks Down The Street,0,0,1
when-my-working-girl-comes-home,When My Working Girl Comes Home,0,0,0
when-my-world-left-town,When My World Left Town,0,0,0
when-ole-goin-gets-a-goin,When Ole Goin' Gets A Goin',0,0,0
when-santa-lost-his-way,When Santa Lost His Way,0,0,0
when-she-runs-out-of-fools,When She Runs Out Of Fools,0,0,0
when-she-s-got-me,When She's Got Me,0,0,0
when-she-s-wrong,When She's Wrong,0,0,1
when-she-touches-me,When She Touches Me,0,0,0
when-she-touches-me-1,When She Touches Me,0,0,0
when-silver-threads-are-gold-again,When Silver Threads Are Gold Again,1,0,0
when-sin-met-grace,When Sin Met Grace,0,0,0
when-snowflakes-fall-in-the-summer,When Snowflakes Fall In The Summer,0,0,1
when-somebody-loves-you,When Somebody Loves You,0,1,2
when-something-is-wrong-with-my-baby,When Something Is Wrong With My Baby,0,0,1
when-the-angels-carry-me-home,When the Angels Carry Me Home,1,5,0
when-the-angels-come-to-get-me,When The Angels Come To Get Me,1,0,0
when-the-angels-sing,When The Angels Sing,0,1,2
when-the-bees-are-in-the-hive,When The Bees Are In The Hive,1,3,1
when-the-bloom-is-off-the-rose,When The Bloom Is Off The Rose,0,1,0
when-the-bloom-is-on-the-sage,When The Bloom Is On The Sage,0,0,1
when-the-blues-are-moving-in,When The Blues Are Moving In,0,0,0
when-the-book-of-life-is-read,When The Book Of LIfe Is Read,0,0,1
when-the-boy-in-your-arms,When The Boy In Your Arms,0,0,0
when-the-bright-lights-grow-dim,When The Bright Lights Grow Dim,0,0,0
when-the-cactus-is-in-bloom,When The Cactus Is In Bloom,1,4,1
when-the-cottonwoods-are-yellow,When The Cottonwoods Are Yellow,0,1,0
when-the-evening-sun-goes-down,When The Evening Sun Goes Down,1,0,1
when-the-fallen-angels-fly,When the Fallen Angels Fly,0,1,0
when-the-feeling-goes-away,When The Feeling Goes Away,0,0,0
when-the-fire-comes-down-from-heaven,When The Fire Comes Down From Heaven,0,0,1
when-the-golden-leaves-begin-to-fall,When The Golden Leaves Begin To Fall,1,10,1
when-the-grass-grows-over-me,When The Grass Grows Over Me,0,2,1
when-the-great-trumpet-sounds,When The Great Trumpet Sounds,0,0,0
when-the-last-curtain-falls,When The Last Curtain Falls,0,2,1
when-the-last-of-our-days-shall-come,When the Last of Our Days Shall Come,0,0,0
when-the-love-factor-s-high,When The Love Factor's High,0,1,0
when-the-master-speak,When The Master Speak,0,0,0
when-the-moon-comes-over-the-mountain,When The Moon Comes Over The Mountain,0,1,1
when-the-morning-comes-lyrics-and-chords,When The Morning Comes Lyrics and Chords,0,0,0
when-the-mountain-dew-starts-falling,When The Mountain Dew Starts Falling,1,0,1
when-the-neon-lights-come-on,When the Neon Lights Come On,0,0,0
when-the-nightbirds-cry,When The Nightbirds Cry,1,0,0
when-the-rain-tumbles-down-in-july,When The Rain Tumbles Down In July,0,0,1
when-the-rain-turns-to-snow,When The Rain Turns To Snow,0,0,0
when-there-s-a-fire-in-your-heart,When There's A Fire In Your Heart,0,0,1
when-there-s-no-one-around,When There's No One Around,0,0,1
when-there-s-not-a-tear-left-to-my-name,When There's Not A Tear Left To My Name,0,0,0
when-the-roll-is-called-up-yonder,When The Roll Is Called Up Yonder,1,5,2
when-the-rooster-leaves-the-yard,When The Rooster Leaves The Yard,0,0,0
when-the-roses-bloom-again,When The Roses Bloom Again,1,5,2
when-the-roses-bloom-in-dixieland,When The Roses Bloom In Dixieland,0,3,1
when-the-roses-bloom-next-spring,When The Roses Bloom Next Spring,0,0,0
when-the-roses-come-again,When The Roses Come Again,0,0,0
when-the-saints-go-marching-in,When The Saints Go Marching In,1,14,12
when-the-savior-reached-down-for-me,When The Savior Reached Down For Me,0,6,1
when-the-ship-hit-the-sand,When The Ship Hit The Sand,0,0,1
when-the-silver-eagle-meets-the-great-speckled-bird,When The Silver Eagle Meets The Great Speckled Bird,0,0,1
when-the-snow-is-on-the-roses,When the Snow is on the Roses,0,1,1
when-the-sun-goes-down,When The Sun Goes Down,0,7,27
when-the-sun-goes-down-tomorrow,When The Sun Goes Down Tomorrow,0,1,1
when-the-sun-of-my-life-goes-down,When The Sun Of My Life Goes Down,0,1,0
when-the-sun-says-hello-to-the-mountain,When The Sun Says Hello To The Mountain,0,0,0
when-the-thought-of-you-catches-up-with-me,When The Thought Of You Catches Up With Me,0,0,1
when-the-tingle-becomes-a-chill,When The Tingle Becomes A Chill,0,0,1
when-the-trains-come-in,When The Trains Come In,0,0,1
when-the-wagon-was-new,When The Wagon Was New,1,5,0
when-the-white-roses-bloom-in-red-river-valley,When The White Roses Bloom In Red River Valley,0,0,0
when-the-wind-blows-in-chicago,When The Wind Blows In Chicago,0,0,0
when-the-works-all-done-this-fall,When The Works All Done This Fall,0,0,0
when-the-world-has-turned-you-down,When The World Has Turned You Down,0,0,1
when-the-worlds-on-fire,When The World’s On Fire,0,1,3
when-they-found-the-atomic-power,When They Found The Atomic Power,0,0,0
when-they-ring-those-golden-bells,When They Ring Those Golden Bells,0,10,0
when-tomorrow-starts-without-me,When Tomorrow Starts Without Me,0,0,1
when-two-worlds-collide,When Two Worlds Collide,0,1,5
when-we-all-get-to-heaven,When We All Get To Heaven,0,2,3
when-we-had-nothing,When We Had Nothing,0,0,0
when-we-live-again,When We Live Again,0,0,1
when-we-re-gone-long-gone,When We're Gone Long Gone,0,1,1
when-will-i-be-loved,When Will I Be Loved,0,1,0
when-will-the-rainbow-follow-the-rain,When Will The Rainbow Follow The Rain,0,0,0
when-you-and-i-were-young-maggie,When You And I Were Young Maggie,1,20,1
when-you-are-gone,When You Are Gone,0,0,2
when-you-fall-as-hard-as-i-did,When You Fall As Hard As I Did,0,0,0
when-you-fall-in-love-every-thing-s-a-waltz-chords,When You Fall In Love Every Thing's A Waltz chords,0,0,0
when-you-get-to-heaven-i-ll-be-there,When You Get To Heaven (I'll Be There),0,0,0
when-you-go,When You Go,0,2,8
when-you-go-1,When You Go,0,2,8
when-you-go-walking-after-midnight,When You Go Walking After Midnight,1,1,0
when-you-hurt-me-more-than-i-love-you,When You Hurt Me More Than I Love You,0,0,1
when-you-leave-amarillo,When You Leave Amarillo,0,0,0
when-you-loved-me,When You Loved Me,0,0,2
when-you-need-a-laugh,When You Need a Laugh,0,0,1
when-you-re-a-man-on-your-own,When You're A Man On Your Own,0,0,0
when-you-re-hot-you-re-hot,When You're Hot You're Hot,0,0,2
when-you-re-lonely,When You're Lonely,0,15,3
when-you-re-smiling,When You're Smiling,1,2,2
when-you-re-tired-of-breaking-other-hearts,When You're Tired of Breaking Other Hearts,0,0,1
when-your-hair-has-turned-to-silver,When Your Hair Has Turned To Silver,0,0,1
when-your-house-is-not-a-home,When Your House Is Not A Home,0,0,1
when-your-love-was-mine,When Your Love Was Mine,0,0,1
when-your-old-wedding-ring-was-new,When Your Old Wedding Ring Was New,0,0,0
when-your-world-stops-turning,When Your World Stops Turning,0,0,0
when-your-world-was-turning-for-me,When Your World Was Turning For Me,0,0,0
when-your-yellow-brick-road-turns-blue,When Your Yellow Brick Road Turns Blue,0,0,1
when-you-say-love,When You Say Love,0,0,3
when-you-say-nothing-at-all,When You Say Nothing At All,1,5,1
when-you-say-yes,When You Say Yes,0,0,0
when-you-wore-a-tulip,When You Wore A Tulip,0,0,0
where-am-i-going-to-live-when-i-get-home,Where Am I Going To Live When I Get Home,0,0,0
where-are-all-the-girls-i-used-to-cheat-with,Where Are All The Girls I Used To Cheat With,0,0,0
where-are-the-heroes,Where Are The Heroes,0,0,0
where-are-you,Where Are You,0,2,42
where-could-i-go,Where Could I Go,0,3,2
where-could-i-go-but-to-her,Where Could I Go (But To Her),0,0,0
where-could-you-go-but-to-her,Where Could You Go But To Her,0,0,0
where-did-our-young-years-go,Where Did Our Young Years Go,1,1,0
where-did-the-sunshine-go,Where Did The Sunshine Go,0,1,0
where-did-we-go-right,Where Did We Go Right,0,0,1
where-does-a-broken-heart-go,Where Does A Broken Heart Go,0,0,0
where-does-the-good-times-go,Where Does The Good Times Go,0,3,1
where-do-i-fit-in-the-picture,Where Do I Fit In The Picture,0,0,0
where-do-i-go,Where Do I Go,0,1,4
where-do-i-go-from-here,Where Do I Go From Here,0,1,6
where-do-i-go-from-here-1,Where Do I Go From Here,0,1,6
where-do-i-go-from-here-2,Where Do I Go From Here,0,1,6
where-do-i-go-from-here-3,Where Do I Go From Here,0,1,6
where-do-i-go-from-here-a-trucker-s-song,Where Do I Go From Here (A Trucker's Song),0,1,0
where-do-i-go-to-throw-a-picture-away,Where Do I Go To Throw A Picture Away,0,0,1
where-do-i-put-her-memory,Where Do I Put Her Memory,0,0,1
where-do-we-go-from-here,Where Do We Go From Here,0,1,37
where-do-we-take-it-from-here,Where Do We Take It From Here,0,0,1
where-do-you-go-to-lose-a-heartache,Where Do You Go To Lose A Heartache,0,0,0
where-do-you-stand,Where Do You Stand,0,0,1
where-d-ya-stay-last-night,Where'd Ya Stay Last Night,0,0,0
where-d-you-go-country-music,Where'd You Go Country Music,0,0,0
where-grass-won-t-grow,Where Grass Won't Grow,0,2,1
where-have-all-the-average-people-gone,Where Have All The Average People Gone,0,0,1
where-have-all-the-flowers-gone,Where Have All The Flowers Gone,0,3,1
where-have-all-the-seasons-gone,Where Have All The Seasons Gone,0,0,1
where-have-i-been-all-my-life,Where Have I Been All My Life,0,0,0
where-have-you-been,Where Have You Been,0,0,9
where-he-leads-me,Where He Leads Me,0,0,1
where-he-leads-me-i-will-follow,Where He Leads Me I Will Follow,0,2,1
where-he-s-going-i-ve-already-been,Where He's Going I've Already Been,0,0,0
where-i-come-from,Where I Come From,0,4,7
where-i-find-god,Where I Find God,0,0,0
where-i-learned-to-pray,Where I Learned To Pray,0,0,0
where-i-m-bound,Where I'm Bound,0,2,1
where-i-m-concerned,Where I'm Concerned,0,0,0
where-in-the-world,Where In The World,0,0,12
where-i-ought-to-be,Where I Ought To Be,0,1,1
where-is-my-castle,Where Is My Castle,0,0,0
where-is-my-wandering-boy-tonight,Where Is My Wandering Boy Tonight,1,0,0
where-is-she,Where Is She,0,0,3
where-i-stand,Where I Stand,0,3,4
where-is-the-christ-in-christmas,Where Is The Christ In Christmas,0,0,0
where-is-tomorrow,Where Is Tomorrow,0,0,0
where-is-your-heart-tonight,Where Is Your Heart Tonight,0,5,1
where-i-wrote-your-name,Where I Wrote Your Name,0,0,0
where-jesus-walks,Where Jesus Walks,0,0,0
where-love-begins,Where Love Begins,0,1,1
where-love-goes-when-it-dies,Where Love Goes When It Dies,0,0,0
where-love-has-died,Where Love Has Died,0,0,1
where-love-used-to-live,Where Love Used To Live,0,0,0
where-my-house-lives,Where My House Lives,0,0,1
where-no-cabins-fall,Where No Cabins Fall,0,6,0
where-no-one-stands-alone,Where No One Stands Alone,1,6,1
where-no-one-stands-alone-1,Where No One Stands Alone,1,6,1
where-rainbows-never-die,Where Rainbows Never Die,1,1,0
where-shall-i-be,Where Shall I Be,1,1,1
where-she-left-off,Where She Left Off,0,0,0
where-s-willie,Where's Willie,0,0,0
where-the-arkansas-river-leaves-oklahoma,Where The Arkansas River Leaves Oklahoma,0,0,1
where-the-blue-and-lonely-go,Where The Blue And Lonely Go,0,0,1
where-the-blue-of-the-night-meets-the-gold-of-the-day,Where The Blue Of The Night Meets The Gold Of The Day,0,1,1
where-the-city-ends,Where the City Ends,1,2,0
where-the-dim-lights-are-the-dimmest,Where The Dim Lights Are The Dimmest,1,3,1
where-the-mountains-meet-the-sky,Where The Mountains Meet The Sky,0,0,1
where-the-old-red-river-flows,Where The Old Red River Flows,0,2,1
where-the-roses-never-fade,Where the Roses Never Fade,1,6,2
where-the-sidewalk-ends,Where The Sidewalk Ends,0,1,4
where-the-silvery-colorado-wends-its-way,Where The Silvery Colorado Wends Its Way,1,0,0
where-the-soul-of-man-never-dies,Where the Soul of Man Never Dies,1,7,0
where-the-stars-and-stripes-and-the-eagle-fly,Where The Stars And Stripes And The Eagle Fly,0,0,1
where-the-tall-grass-grows,Where The Tall Grass Grows,0,0,1
where-the-tree-is,Where The Tree Is,0,0,0
where-the-wild-flowers-grow,Where the Wild Flowers Grow,1,0,0
where-the-wild-river-rolls,Where The Wild River Rolls,1,3,1
where-the-wild-wild-flowers-grow,Where the Wild Wild Flowers Grow,1,1,0
wherever-he-leads-i-ll-go,Wherever He Leads I'll Go,0,1,0
wherever-she-is,Wherever She Is,0,0,1
wherever-she-is-1,Wherever She Is,0,0,1
wherever-you-are,Wherever You Are,0,3,36
wherever-you-are-1,Wherever You Are,0,3,36
wherever-you-are-2,Wherever You Are,0,3,36
wherever-you-are-tonight,Wherever You Are Tonight,1,0,2
wherever-you-go,Wherever You Go,0,0,27
where-was-i,Where Was I,0,0,2
where-we-ll-never-grow-old,Where We'll Never Grow Old,1,12,2
where-well-never-grow-old,Where We’ll Never Grow Old,1,12,2
where-we-ll-never-say-farewell,Where We'll Never Say Farewell,1,4,0
where-well-never-say-farewell,Where We’ll Never Say Farewell,1,4,0
where-we-never-shall-die,Where We Never Shall Die,1,0,0
where-were-you,Where Were You,0,3,22
where-were-you-when-i-needed-you,Where Were You When I Needed You,0,0,2
where-were-you-when-the-world-stopped-turning,Where Were You (When The World Stopped Turning),0,1,1
where-will-i-shelter-my-sheep,Where Will I Shelter My Sheep,1,6,1
where-will-i-shelter-my-sheep-tonight,Where Will I Shelter My Sheep Tonight,0,1,0
where-would-i-be,Where Would I Be,0,0,5
where-would-i-be-without-jesus,Where Would I Be Without Jesus,0,0,1
where-your-love-won-t-go,Where Your Love Won't Go,0,0,0
which-bridge-to-cross,Which Bridge To Cross,0,0,0
which-one-is-to-blame,Which One is to Blame,0,1,0
which-side-of-the-glass,Which Side Of The Glass,0,0,0
which-sides-the-wrong-side,Which Side’s The Wrong Side,0,0,0
which-way-do-i-go,Which Way Do I Go,0,0,0
which-way-will-you-choose,Which Way Will You Choose,0,1,0
while-i-got-it-on-my-mind,While I Got It On My Mind,0,0,0
while-im-reading-your-letter,While I’m Reading Your Letter,1,0,0
while-shepherds-watched-their-flocks,While Shepherds Watched Their Flocks,0,1,6
while-the-ages-roll-on,While The Ages Roll On,0,1,0
while-the-feelings-good,While The Feelings Good,0,0,0
while-you-re-cheating-on-me,While You're Cheating On Me,0,1,1
while-you-re-dancing,While You're Dancing,0,0,1
while-you-sleep,While You Sleep,0,0,5
whine-whistle-whine,Whine Whistle Whine,0,0,1
whippoorwill-lane,Whippoorwill Lane,0,0,0
whirlwinds-of-my-mind-and-chords,Whirlwinds Of My Mind and Chords,0,0,0
whiskey,Whiskey,0,4,25
whiskey-1,Whiskey,0,4,25
whiskey-and-women,Whiskey And Women,0,0,1
whiskey-before-breakfast,Whiskey Before Breakfast,1,23,1
whiskey-bent-and-hell-bound,Whiskey Bent And Hell Bound,0,1,1
whiskey-castles,Whiskey Castles,0,0,1
whiskey-chasin,Whiskey Chasin',0,0,0
whiskey-deaf-whiskey-blind,Whiskey Deaf Whiskey Blind,1,0,0
whiskey-flavored-kisses,Whiskey Flavored Kisses,0,0,0
whiskey-heaven,Whiskey Heaven,0,0,1
whiskey-if-you-were-a-woman,Whiskey If You Were A Woman,0,0,0
whiskey-lullaby,Whiskey Lullaby,0,2,2
whiskey-man,Whiskey Man,0,0,4
whiskey-river,Whiskey River,0,2,1
whiskey-six-years-old,Whiskey Six Years Old,0,0,0
whiskey-to-wine,Whiskey To Wine,0,0,0
whiskey-trip,Whiskey Trip,0,0,1
whiskey-whiskey,Whiskey Whiskey,0,0,2
whiskey-whiskey-take-my-mind,Whiskey Whiskey Take My Mind,0,0,0
whispering-hope,Whispering Hope,1,7,3
whispering-pines,Whispering Pines,0,1,6
whispering-scandal,Whispering Scandal,0,0,0
whispering-sea,Whispering Sea,0,0,1
whispering-willow,Whispering Willow,0,0,1
whisper-my-name,Whisper My Name,0,4,5
whistle-ain-t-made-of-gold,Whistle Ain't Made Of Gold,0,0,0
whistle-my-love,Whistle My Love,0,0,0
whistling-tune,Whistling Tune,0,0,1
white-azaleas,White Azaleas,0,0,1
white-christmas,White Christmas,0,16,12
white-christmas-blue,White Christmas Blue,0,0,0
white-christmas-makes-me-blue,White Christmas Makes Me Blue,0,0,1
white-cross-on-okinawa,White Cross On Okinawa,0,0,1
white-dove,White Dove,1,18,9
white-fences-and-evergreen-trees,White Fences And Evergreen Trees,0,0,1
white-freightliner,White Freightliner,1,8,0
white-freightliner-blues,White Freightliner Blues,1,7,0
white-horse-breakdown,White Horse Breakdown,0,2,1
white-house-blues,White House Blues,1,27,1
white-houses,White Houses,0,0,4
white-lightning-lyrics-chords,White Lightning Lyrics Chords,0,0,0
white-line,White Line,0,1,7
white-line-fever,White Line Fever,0,5,6
white-man-singin-the-blues,White Man Singin' The Blues,0,0,1
white-oak-on-the-hill,White Oak On The Hill,1,1,0
white-satin-bed,White Satin Bed,0,0,1
white-silver-sands,White Silver Sands,0,3,1
whitewater,Whitewater,1,3,6
whither-thou-goest-i-will-go,Whither Thou Goest I Will Go,0,0,1
whoa-babe,Whoa Babe,0,1,1
who-am-i,Who Am I,0,1,41
who-am-i-to-say,Who Am I To Say,0,0,1
who-are-you-who-am-i,Who Are You Who Am I,0,0,0
whoa-sailor,Whoa Sailor,0,0,1
who-at-my-door-is-standing,Who at My Door is Standing,1,3,2
who-can-blame-you,Who Can Blame You,0,1,0
who-can-i-count-on,Who Can I Count On,0,0,1
who-cares,Who Cares,0,2,11
who-did-they-think-he-was,Who Did They Think He Was,0,0,0
who-did-you-love,Who Did You Love,0,0,0
who-do-i-know-in-dallas,Who Do I Know In Dallas,0,0,1
who-do-i-think-i-am,Who Do I Think I Am,0,0,0
who-done-it,Who Done It,1,1,2
who-do-you-know-in-california,Who Do You Know In California,0,1,0
who-do-you-think,Who Do You Think,0,0,1
who-do-you-think-1,Who Do You Think,0,0,1
who-do-you-think-they-would-blame,Who Do You Think They Would Blame,0,0,0
whoever-s-in-new-england,Whoever's In New England,0,0,1
whoever-s-watchin,Whoever's Watchin',0,0,1
who-got-our-love,Who Got Our Love,0,0,1
who-i-am,Who I Am,0,2,35
who-i-came-here-to-forget,Who I Came Here To Forget,0,0,1
who-kept-the-sheep,Who Kept The Sheep,0,0,1
who-killed-poor-robin,Who Killed Poor Robin,0,3,0
who-knows-right-from-wrong,Who Knows Right From Wrong,0,1,1
who-knows-you-best,Who Knows You Best,0,0,0
whole-lot-of-lettin-go,Whole Lot Of Lettin' Go,0,0,0
whole-lot-of-lonesome,Whole Lot Of Lonesome,0,0,1
whole-lot-of-loving,Whole Lot Of Loving,0,0,1
whole-lot-of-shaking-going-on,Whole Lot Of Shaking Going On,0,0,0
whole-lot-of-something,Whole Lot Of Something,0,0,0
whole-lot-of-woman,Whole Lot Of Woman,0,0,0
whole-lotta-love-on-the-line,Whole Lotta Love On The Line,0,0,1
who-ll-be-the-first,Who'll be the First,0,0,1
who-ll-buy-my-heartaches,Who'll Buy My Heartaches,0,0,0
who-ll-help-me-get-over-you,Who'll Help Me Get Over You,0,0,1
who-ll-turn-out-the-lights,Who'll Turn Out The Lights,0,0,1
who-ll-turn-out-the-lights-in-your-world-tonight,Who'll Turn Out The Lights In Your World Tonight,0,0,0
who-needs-a-baby,Who Needs A Baby,0,0,1
who-needs-you,Who Needs You?,1,1,2
whoop-from-arkansas-a,Whoop from Arkansas (A),1,0,0
who-put-all-my-ex-s-in-texas,Who Put All My Ex's In Texas,0,0,0
who-put-the-leaving-in-your-eyes,Who Put The Leaving In Your Eyes,0,0,1
who-says-god-is-dead,Who Says God Is Dead,0,0,1
who-says-you-can-t-have-it-all,Who Says You Can't Have It All,0,1,0
who-s-been-sleeping-in-my-bed,Who's Been Sleeping In My Bed,0,0,5
whos-calling-you-sweetheart-tonight,Who’s Calling You Sweetheart Tonight,1,2,0
who-s-cheating-who,Who's Cheating Who,0,0,0
who-s-cheatin-who,Who's Cheatin' Who,0,1,1
who-s-counting,Who's Counting,0,0,2
whose-birthday-is-christmas,Whose Birthday Is Christmas,0,0,0
whose-fool-i-want-to-be,Whose Fool I Want To Be,0,0,0
whose-heartache-is-this-anyway,Whose Heartache Is This Anyway,0,0,1
whose-heart-are-you-breaking-now,Whose Heart are You Breaking Now,0,0,0
whose-memory-are-you,Whose Memory Are You,0,0,0
whose-shoulder-will-you-cry-on,Whose Shoulder Will You Cry On,1,6,1
whos-going-down-to-town,Who’s Going Down To Town,1,0,1
who-s-gonna-buy-you-ribbons,Who's Gonna Buy You Ribbons,0,0,0
who-s-gonna-feed-them-hogs,Who's Gonna Feed Them Hogs,0,2,1
who-s-gonna-fill-their-shoes,Who's Gonna Fill Their Shoes,0,0,1
who-s-gonna-miss-me,Who's Gonna Miss Me,0,0,0
who-s-gonna-shoe-your-pretty-little-feet,Who's Gonna Shoe Your Pretty Little Feet,0,3,0
whos-gonna-shoe-your-pretty-little-foot,Who’s Gonna Shoe Your Pretty Little Foot,0,2,0
who-s-gonna-sing-the-last-country-song,Who's Gonna Sing The Last Country Song,0,0,0
who-s-gonna-take-the-garbage-out,Who's Gonna Take The Garbage Out,0,0,1
who-s-julie,Who's Julie,0,0,0
who-s-laughing-now,Who's Laughing Now,0,0,6
who-s-leaving-who-and-chords,Who's Leaving Who and Chords,0,0,0
who-s-lovin-my-baby,Who's Lovin' My Baby,0,0,1
who-s-sorry-now,Who's Sorry Now,0,1,3
whos-that-knocking-at-my-door,Who’s That Knocking At My Door,0,1,0
whos-that-knocking-at-my-window,Who’s That Knocking At My Window,1,0,0
who-s-to-bless-and-who-s-to-blame,Who's To Bless And Who's To Blame,0,0,1
who-stole-that-train-off-the-track,Who Stole That Train Off The Track,0,0,0
who-s-who,Who's Who,0,0,6
who-took-my-ring-from-your-finger,Who Took My Ring From Your Finger,0,0,0
who-walks-in-when-i-walk-out,Who Walks In When I Walk Out,0,0,1
who-will-buy-the-wine,Who Will Buy The Wine,0,0,1
who-will-call-you-sweetheart,Who Will Call You Sweetheart,1,2,1
who-will-i-be-loving-now,Who Will I Be Loving Now,0,0,1
who-will-it-be,Who Will It Be,0,0,1
who-will-pray-for-me,Who Will Pray For Me,0,0,0
who-will-sing-for-me,Who Will Sing For Me,1,16,1
who-will-the-next-fool-be,Who Will The Next Fool Be,0,0,2
who-will-watch-the-home-place,Who Will Watch The Home Place,0,1,1
who-you-gonna-blame-it-on-this-time,Who You Gonna Blame It On This Time,0,0,1
who-you-think-you-re-fooling,Who You Think You're Fooling,0,0,0
why,Why,0,1,192
why-1,Why,0,1,192
why-am-i-chained-to-a-memory,Why Am I Chained to a Memory,0,0,0
why-am-i-drinking,Why Am I Drinking,0,0,0
why-baby-why,Why Baby Why,0,3,3
why-can-t-he-be-you,Why Can't He Be You,0,0,1
why-can-t-i-cry,Why Can't I Cry,0,0,1
why-can-t-i-leave-her-alone,Why Can't I Leave Her Alone,0,0,0
why-can-t-i-take-you-home,Why Can't I Take You Home,0,0,0
why-can-t-you-be-satisfied-with-me,Why Can't You Be Satisfied With Me,0,0,0
why-did-i-wait-so-long,Why Did I Wait So Long,0,1,1
why-didn-t-i-hear-it-from-you,Why Didn't I Hear It From You,0,0,0
why-didn-t-i-think-of-that,Why Didn't I Think Of That,0,0,3
why-did-you-wait,Why Did You Wait,0,0,0
why-did-you-wander,Why Did You Wander,1,14,1
why-does-the-lady-cry,Why Does The Lady Cry,0,0,1
why-do-i-have-to-choose,Why Do I Have To Choose,0,0,0
why-do-i-love-you-so,Why Do I Love You So,0,0,1
why-don-t-my-mommy-stay-with-my-daddy-and-me,Why Don't My Mommy Stay With My Daddy And Me,0,0,0
why-don-t-that-telephone-ring,Why Don't That Telephone Ring,0,0,0
why-don-t-they-understand,Why Don't They Understand,0,0,1
why-don-t-we-go-somewhere-and-love,Why Don't We Go Somewhere And Love,0,0,1
why-don-t-we-sleep-on-it,Why Don't We Sleep On It,0,0,0
why-don-t-you-believe-me,Why Don't You Believe Me,0,0,1
why-don-t-you-leave-me-alone,Why Don't You Leave Me Alone,0,0,1
why-don-t-you-leave-this-town,Why Don't You Leave This Town,0,0,0
why-don-t-you-love-me,Why Don't You Love Me,0,1,7
why-don-t-you-spend-the-night,Why Don't You Spend The Night,0,0,0
why-don-t-you-tell-me,Why Don't You Tell Me,0,10,0
why-do-you-cry-little-darling,Why Do You Cry Little Darling,1,0,0
why-do-you-want-me,Why Do You Want Me,0,0,0
why-do-you-weep-dear-willow,Why Do You Weep Dear Willow,0,1,0
why-d-the-last-time-have-to-be-the-best,Why'd The Last Time Have To Be The Best,0,0,1
why-d-you-go-and-break-my-heart,Why'd You Go And Break My Heart,0,0,0
why-hurt-the-one-who-loves-you,Why Hurt The One Who Loves You,0,0,1
why-in-heaven-s-name,Why In Heaven's Name,0,0,0
why-keep-wishing,Why Keep Wishing,0,0,0
why-lady-why,Why Lady Why,0,0,1
why-me-lord,Why Me Lord,1,0,0
why-me-ralph,Why Me Ralph,1,2,0
why-must-i-remain,Why Must I Remain,1,0,0
why-not,Why Not,0,0,21
why-not-now,Why Not Now,0,2,1
why-oh-why,Why Oh Why,0,1,12
why-should-i-be-lonely,Why Should I Be Lonely,0,1,1
why-should-i-cry-over-you,Why Should I Cry Over You,0,0,2
why-should-we-try-anymore,Why Should We Try Anymore,0,0,1
why-theres-a-tear-in-my-eye,Why There’s A Tear In My Eye,0,0,1
why-why-why,Why Why Why,0,1,12
why-you-been-gone-so-long,Why You Been Gone So Long,1,11,1
why-you-been-gone-so-long-1,Why You Been Gone So Long,1,11,1
wichita,Wichita,0,0,6
wichita-lineman,Wichita Lineman,0,2,1
wicked-lies,Wicked Lies,0,0,0
wicked-path-of-sin,Wicked Path Of Sin,1,17,1
wide-open-road,Wide Open Road,0,0,3
widow-maker,Widow Maker,1,2,7
wife-of-a-hard-working-man,Wife Of A Hard Working Man,0,0,0
wife-of-the-party,Wife Of The Party,0,0,1
wife-s-little-pleasures,Wife's Little Pleasures,0,0,1
wild-and-blue,Wild And Blue,0,1,2
wild-and-wicked-world,Wild And Wicked World,0,0,1
wild-as-a-wildcat,Wild As A Wildcat,0,0,0
wild-bill-jones,Wild Bill Jones,1,32,2
wild-eyed-dream,Wild Eyed Dream,0,0,0
wildfire,Wildfire,0,2,64
wildflowers,Wildflowers,0,3,21
wild-horse,Wild Horse,1,3,6
wild-horses,Wild Horses,1,12,19
wild-in-the-country,Wild In The Country,0,0,1
wild-irish-rose,Wild Irish Rose,0,1,2
wild-man,Wild Man,0,0,7
wild-mountain-flowers-for-mary,Wild Mountain Flowers For Mary,1,1,1
wild-mountain-honey,Wild Mountain Honey,0,2,3
wild-mountain-rose,Wild Mountain Rose,0,1,0
wild-mountain-thyme,Wild Mountain Thyme,1,4,3
wild-rose,Wild Rose,0,1,10
wild-side-of-life,Wild Side Of Life,1,6,2
wild-side-of-life-lyrics-chords,Wild Side of Life Lyrics Chords,1,0,0
wild-turkey,Wild Turkey,0,0,5
wild-weekend,Wild Weekend,0,0,2
wild-wild-wind-chord,Wild Wild Wind chord,0,0,0
wildwood-flower,Wildwood Flower,1,33,4
will-he-wait-a-little-longer,Will He Wait A Little Longer,1,3,1
will-i-do-till-the-real-thing-comes-along,Will I Do (Till the Real Thing Comes Along),0,0,1
willie-moore,Willie Moore,1,11,2
willie-roy,Willie Roy,1,5,0
willie-s-guitar,Willie's Guitar,0,0,1
willie-the-wandering-gypsy-and-me,Willie The Wandering Gypsy And Me,0,0,1
willie-the-weeper,Willie The Weeper,0,1,1
will-i-ever-stop-loving-you,Will I Ever Stop Loving You,0,0,0
willie-was-a-gamblin-man,Willie Was A Gamblin' Man,0,0,0
willie-waylon-and-me,Willie Waylon And Me,0,0,1
willingly,Willingly,0,0,3
will-my-mother-know-me-there,Will My Mother Know Me There,1,2,0
willow-tree,Willow Tree,0,3,20
will-santy-come-to-shanty-town,Will Santy Come To Shanty Town,0,0,1
will-the-angels-play-their-harps-for-me,Will The Angels Play Their Harps For Me,0,1,0
will-the-circle-be-unbroken,Will The Circle Be Unbroken,1,47,3
will-the-circle-be-unbroken-1,Will the Circle Be Unbroken,1,47,3
will-the-circle-be-unbroken-2,Will The Circle Be Unbroken,1,47,3
will-the-real-me-please-stop-crying,Will The Real Me Please Stop Crying,0,0,0
will-there-be-any-stars-in-my-crown,Will There Be Any Stars In My Crown,1,7,1
will-the-roses-bloom,Will The Roses Bloom,1,4,1
will-the-roses-bloom-again,Will The Roses Bloom Again,1,0,0
will-the-roses-bloom-in-heaven,Will The Roses Bloom In Heaven,1,0,1
will-we-ever-make-love-in-love-again,Will We Ever Make Love In Love Again,0,0,0
will-you-be-here-tomorrow,Will You Be Here Tomorrow,0,0,0
will-you-be-lonesome-too,Will You Be Lonesome Too,1,8,1
will-you-be-loving-another-man,Will You Be Loving Another Man,1,22,0
will-you-be-ready-to-wear-a-golden-crown,Will You Be Ready (To Wear A Golden Crown),0,0,0
will-you-be-satisfied-that-way,Will You Be Satisfied That Way,0,4,1
will-you-ever-know,Will You Ever Know,0,0,2
will-you-love-me-when-i-m-old-and-feeble,Will You Love Me When I'm Old And Feeble,0,0,0
will-you-miss-me,Will You Miss Me,1,7,0
will-you-miss-me-when-i-m-gone,Will You Miss Me When I'm Gone,0,4,0
will-you-remember-mine,Will You Remember Mine,0,0,1
will-your-lawyer-talk-to-god,Will Your Lawyer Talk To God,0,0,0
will-you-still-love-me-tomorrow,Will You Still Love Me Tomorrow,0,0,0
will-you-travel-down-this-road-with-me,Will You Travel Down This Road With Me,1,0,1
will-you-visit-me-on-sunday,Will You Visit Me On Sunday,0,3,1
will-you-walk-with-me,Will You Walk With Me,0,0,2
willy-the-wandering-gypsy-and-me,Willy The Wandering Gypsy And Me,0,0,0
winding-down,Winding Down,0,0,3
winding-stream-the,"Winding Stream, The",0,0,0
wind-in-the-wheel,Wind In The Wheel,0,0,0
wind-in-the-wire,Wind In The Wire,0,1,0
window-number-five,Window Number Five,0,0,1
windows-have-pains,Windows Have Pains,0,0,1
window-shopping,Window Shopping,0,0,8
winds-of-yesterday,Winds Of Yesterday,0,0,1
windsurfer,Windsurfer,0,0,7
wind-up-doll,Wind Up Doll,0,0,3
windy-bill,Windy Bill,0,0,0
windy-city-anne,Windy City Anne,0,0,1
windy-mountain,Windy Mountain,1,5,1
wine,Wine,0,0,14
wine-colored-roses,Wine Colored Roses,0,0,1
wine-flowed-freely-chord,Wine Flowed Freely chord,0,0,0
wine-me-up,Wine Me Up,0,0,1
wine-take-me-away,Wine Take Me Away,0,0,1
wine-women-and-song,Wine Women And Song,0,1,3
wings-in-the-morning,Wings In The Morning,0,0,1
wings-of-a-dove,Wings of a Dove,0,7,5
wings-of-angels,Wings Of Angels,0,4,1
wings-upon-your-horns-lyrics-chords,Wings Upon Your Horns Lyrics Chords,0,0,0
winning-you-sure-made-a-loser-out-of-me-and-chords,Winning You Sure Made A Loser Out Of Me and Chords,0,0,0
wino-s-prayer,Wino's Prayer,0,0,0
wino-the-clown,Wino The Clown,0,0,1
winters-come-and-gone,Winter's Come and Gone,1,1,1
winters-night,Winter’s Night,0,5,4
winter-wonderland,Winter Wonderland,1,11,15
wintery-feeling,Wintery Feeling,0,0,1
wires-and-wood,Wires And Wood,0,1,0
wisdom-and-knowledge,Wisdom And Knowledge,0,0,0
wisdom-of-a-fool,Wisdom Of A Fool,0,0,1
wise-to-the-ways-of-a-woman,Wise To The Ways Of A Woman,0,0,0
wishful-thinking,Wishful Thinking,0,6,44
wishful-thinking-1,Wishful Thinking,0,6,44
wish-i-didn-t-have-to-miss-you,Wish I Didn't Have To Miss You,0,0,0
wish-i-didn-t-love-you-anymore,Wish I Didn't Love You Anymore,0,0,1
wishing,Wishing,0,0,27
wishing-all-these-old-things-were-new,Wishing All These Old Things Were New,0,0,1
wishing-it-was-you,Wishing It Was You,0,0,0
wishing-smiles-made-it-all-true,Wishing Smiles Made It All True,0,0,1
wishing-waltz,Wishing Waltz,1,2,2
wishing-well,Wishing Well,0,5,62
wishing-well-blues,Wishing Well Blues,0,2,2
wish-i-was-in-nashville-leaves-oklahoma,Wish I Was In Nashville Leaves Oklahoma,0,0,0
with-all-my-heart-and-soul,With All My Heart And Soul,0,0,3
with-any-luck-at-all,With Any Luck At All,0,0,0
with-bells-on,With Bells On,0,2,3
with-body-and-soul,With Body And Soul,1,9,1
with-christmas-near,With Christmas Near,0,0,0
withered-roses,Withered Roses,0,0,2
with-god-s-hand-in-mine,With God's Hand In Mine,0,0,0
with-his-hand-in-mine,With His Hand In Mine,0,0,0
with-his-hand-on-my-shoulder,With His Hand on My Shoulder,0,0,1
within-my-loving-arms,Within My Loving Arms,0,0,1
within-my-memories,Within My Memories,0,0,0
with-one-exception,With One Exception,0,0,1
without-a-song,Without A Song,0,0,4
without-him,Without Him,0,0,2
without-love,Without Love,0,0,26
without-love-there-is-nothing,Without Love (There Is Nothing),0,0,1
without-me-around,Without Me Around,0,0,1
without-regreat-i-d-love-you-again-and-chords,Without Regreat I'd Love You Again and Chords,0,0,0
without-you,Without You,0,7,242
without-you-1,Without You,0,7,242
without-you-2,Without You,0,7,242
without-you-3,Without You,0,7,242
without-you-baby,Without You Baby,0,0,0
without-you-here,Without You Here,0,1,4
without-you-in-my-life,Without You In My Life,0,0,1
without-you-on-my-side,Without You On My Side,0,0,1
without-your-love,Without Your Love,0,1,39
without-you-there-s-a-sadness-in-my-song,Without You There's A Sadness In My Song,0,0,1
without-you-to-love,Without You To Love,0,0,1
with-pen-in-hand,With Pen In Hand,0,0,1
with-tears-in-my-eyes,With Tears in My Eyes,0,1,1
with-you-by-my-side,With You By My Side,0,0,0
with-you-it-s-the-money,With You It's The Money,0,0,1
with-your-love,With Your Love,0,0,9
with-your-love-on-my-mind,With Your Love On My Mind,0,0,0
wolf-call,Wolf Call,0,0,1
wolverton-mountain-lyrics-chords,Wolverton Mountain Lyrics Chords,0,0,0
woman-don-t-try-to-sing-my-song,Woman Don't Try To Sing My Song,0,0,0
woman-don-t-you-try-to-tie-me-down,Woman Don't You Try to Tie Me Down,0,0,0
womanhood,Womanhood,0,0,1
woman-hungry,Woman Hungry,0,0,1
woman-in-the-back-of-my-mind,Woman in the Back of My Mind,0,0,0
woman-let-me-sing-you-a-song,Woman Let Me Sing You A Song,0,0,1
woman-let-me-sing-you-a-song-1,Woman Let Me Sing You A Song,0,0,1
woman-of-hurt,Woman Of Hurt,0,0,0
woman-of-the-world,Woman Of The World,0,0,8
woman-sensuous-woman,Woman Sensuous Woman,0,0,1
woman-without-love,Woman Without Love,0,0,1
woman-woman,Woman Woman,0,0,4
woman-woman-1,Woman Woman,0,0,4
woman-you-have-been-a-friend-to-me,Woman You Have Been A Friend To Me,0,0,1
woman-you-won-t-break-mine,Woman You Won't Break Mine,0,1,0
women-do-know-how-to-carry-on,Women Do Know How To Carry On,0,0,1
women-i-ve-never-had,Women I've Never Had,0,0,1
women-make-a-fool-out-of-me,Women Make A Fool Out Of Me,0,0,0
wonder-could-i-live-there-anymore,Wonder Could I Live There Anymore,0,0,1
wonderful-city,Wonderful City,0,0,1
wonderful-future,Wonderful Future,0,0,2
wonderful-soup-stone,Wonderful Soup Stone,0,0,1
wonderful-tonight,Wonderful Tonight,0,0,3
wonderful-words-of-life,Wonderful Words Of Life,0,0,1
wonderful-world-of-christmas,Wonderful World Of Christmas,0,0,1
wonderful-world-of-women,Wonderful World Of Women,0,0,0
wonderful-yesterday,Wonderful Yesterday,0,0,0
wondering,Wondering,0,2,40
wondering-what-to-do,Wondering What To Do,0,0,1
wonderland-of-love,Wonderland Of Love,0,0,1
wonders-of-the-wine,Wonders Of The Wine,0,0,0
wonder-when-my-baby-s-coming-home,Wonder When My Baby's Coming Home,0,0,1
won-t-cha-come-back-to-me,Won't Cha Come Back To Me,0,0,1
won-t-it-be-wonderful-there,Won't It Be Wonderful There,0,4,0
won-t-it-ever-be-morning,Won't It Ever Be Morning,0,0,1
won-t-you-be-mine,Won't You Be Mine,1,13,0
wont-you-come-and-sing-for-me,Won’t You Come And Sing For Me,1,4,0
won-t-you-come-home-and-talk-to-a-stranger,Won't You Come Home And Talk To A Stranger,0,0,0
won-t-you-come-on-back,Won't You Come On Back,0,0,1
won-t-you-forgive,Won't You Forgive,0,0,1
won-t-you-sometimes-think-of-me,Won't You Sometimes Think Of Me,0,0,1
won-t-you-waltz-me-to-heaven-tonight,Won't You Waltz Me To Heaven Tonight,0,0,0
wood-and-wire,Wood And Wire,0,0,1
woodbine-valley,Woodbine Valley,0,0,0
wooden-heart,Wooden Heart,0,0,5
woody-s-hornpipe,Woody's Hornpipe,0,0,0
word-games,Word Games,0,0,0
words,Words,0,1,90
words-1,Words,0,1,90
words-of-love,Words Of Love,0,0,14
word-song,Word Song,0,0,2
workin-class-hero,Workin' Class Hero,0,0,0
working-girl,Working Girl,0,2,11
workin-girl-blues,Workin' Girl Blues,0,4,0
working-man,Working Man,0,1,20
working-man-blues,Working Man Blues,0,4,3
working-my-way-through-a-heartache-lyrics-chords,Working My Way Through A Heartache Lyrics Chords,0,0,0
working-my-way-up-to-the-bottom,Working My Way Up To The Bottom,0,0,0
working-on-a-feeling,Working On A Feeling,0,0,0
working-on-the-building,Working on the Building,0,2,1
working-without-a-net,Working Without A Net,0,0,1
workin-man-s-hands,Workin' Man's Hands,0,0,0
workin-on-a-building,Workin' on a Building,1,7,1
work-in-progress,Work In Progress,0,1,12
works-of-the-lord,Works Of The Lord,0,0,0
works-of-the-lord-1,Works Of The Lord,0,0,0
world-i-used-to-know,World I Used To Know,0,0,2
world-of-forgotten-people,World Of Forgotten People,0,1,1
world-of-make-believe,World Of Make Believe,0,0,6
world-of-my-own,World Of My Own,0,0,2
world-of-unhappiness,World Of Unhappiness,0,0,0
world-of-wonder,World Of Wonder,0,0,6
world-s-biggest-fool,World's Biggest Fool,0,1,0
world-s-greatest-lover,World's Greatest Lover,0,0,2
worried-lyrics-chords,Worried Lyrics Chords,0,0,0
worried-man-blues,Worried Man Blues,1,15,5
worried-mind,Worried Mind,0,1,6
worry,Worry,0,2,22
worst-of-luck,Worst Of Luck,0,0,2
worth-fighting-for,Worth Fighting For,0,0,7
worth-watching,Worth Watching,0,0,0
would-i,Would I,0,0,0
wouldnt-change-you-if-i-could,Wouldn’t Change You If I Could,0,10,0
wouldn-t-i,Wouldn't I,0,1,0
wouldn-t-it-be-great,Wouldn't It Be Great,0,1,1
wouldn-t-that-be-something,Wouldn't That Be Something,0,0,2
would-these-arms-get-in-your-way,Would These Arms Get In Your Way,0,0,0
would-you,Would You,0,1,11
would-you-believe,Would You Believe,0,2,5
would-you-be-my-lady,Would You Be My Lady,0,0,1
would-you-be-ready,Would You Be Ready,0,0,1
would-you-be-satisfied,Would You Be Satisfied,0,0,0
would-you-catch-a-falling-star,Would You Catch A Falling Star,0,2,1
would-you-hold-it-against-me,Would You Hold it Against Me,0,0,1
would-you-lay-with-me,Would You Lay With Me,0,0,0
would-you-like-to-have-a-broken-heart,Would You Like To Have A Broken Heart,0,0,0
would-you-mind-if-i-just-call-you-julie,Would You Mind If I Just Call You Julie,0,0,0
would-you-recognize-jesus,Would You Recognize Jesus,0,0,1
would-you-settle-for-roses,Would You Settle For Roses,0,0,0
would-you-take-another-chance-on-me,Would You Take Another Chance On Me,0,0,1
would-you-take-me-back-again,Would You Take Me Back Again,0,0,1
would-you-want-the-world-to-end-not-loving-me-chords,Would You Want The World To End Not Loving Me chords,0,0,0
wrap-me-in-your-love,Wrap Me In Your Love,0,0,0
wrapped,Wrapped,0,0,4
wrapped-around-her-finger,Wrapped Around Her Finger,0,0,0
wrapped-up-in-you,Wrapped Up In You,0,1,1
wreck-of-the-c-and-o-the,"Wreck Of The C And O, The",1,0,0
wreck-of-the-number-nine,Wreck Of The Number Nine,0,3,1
wreck-of-the-old-ninety-seven,Wreck Of The Old Ninety -Seven,1,0,0
wreck-on-the-highway,Wreck On The Highway,1,8,2
wrinkled-crinkled-wadded-dollar-bill,Wrinkled Crinkled Wadded Dollar Bill,0,1,1
write-it-down-in-blue,Write It Down In Blue,0,0,1
write-me-a-picture,Write Me A Picture,0,0,0
write-me-in-care-of-the-blues,Write Me In Care Of The Blues,0,0,0
write-me-sweetheart,Write Me Sweetheart,0,0,0
write-this-down,Write This Down,0,0,4
writing-on-the-wall,Writing On The Wall,0,0,26
written-in-stone,Written In Stone,0,0,9
wrong,Wrong,0,2,41
wrong-1,Wrong,0,2,41
wrong-about-you,Wrong About You,0,0,2
wrong-company,Wrong Company,0,0,1
wrong-direction-home,Wrong Direction Home,0,1,1
wrong-end-of-the-rainbow,Wrong End Of The Rainbow,0,0,2
wrong-ideas,Wrong Ideas,0,0,1
wrong-kind-of-girl,Wrong Kind Of Girl,0,1,1
wrong-road-again,Wrong Road Again,1,5,1
wrong-side-of-the-tracks,Wrong Side (Of The Tracks),0,0,0
wrong-side-of-the-world,Wrong Side Of The World,0,0,1
wrong-s-what-i-do-best,Wrong's What I Do Best,0,0,1
wrong-way-to-find-mr-right,Wrong Way To Find Mr. Right,0,0,0
wurlitzer-prize-i-dont-want-to-get-over-you,Wurlitzer Prize (I Don’t Want To Get Over You),0,0,1
www-memory,WWW.Memory,0,1,0
y-all-come,Y'all Come,0,14,2
y-all-come-back-saloon,Y'all Come Back Saloon,0,0,1
yankee-doodle,Yankee Doodle,0,1,3
yard-sale,Yard Sale,0,1,3
yearning,Yearning,0,1,41
yearning-1,Yearning,0,1,41
yearning-to-kiss-you,Yearning To Kiss You,0,0,0
years,Years,0,0,23
years-after-you,Years After You,0,0,1
years-ago,Years Ago,0,1,5
years-from-now,Years From Now,0,7,4
yellow-creek,Yellow Creek,0,0,1
yellow-moon,Yellow Moon,0,0,10
yellow-roses,Yellow Roses,0,1,6
yellowstone-valley,Yellowstone Valley,0,0,0
ye-of-little-faith,Ye Of Little Faith,0,0,2
yes-i-know,Yes I Know,0,1,10
yes-i-know-why,Yes I Know Why,0,0,1
yes-i-m-hurtin,Yes I'm Hurtin’,0,0,0
yes-i-m-the-one,Yes I'm The One,0,0,0
yes-i-see-god,Yes I See God,0,1,1
yes-i-understand,Yes I Understand,0,0,0
yes-ma-am,Yes Ma'am,0,0,2
yes-ma-am-he-found-me-in-a-honky-tonk,Yes Ma'am He Found Me In A Honky Tonk,0,0,0
yes-mr-rogers,Yes Mr. Rogers,0,0,1
yes-or-no,Yes Or No,0,0,16
yes-sir-that-s-my-baby,Yes Sir That's My Baby,0,3,1
yesterday,Yesterday,0,7,77
yesterday-all-day-long-today,Yesterday All Day Long Today,0,0,0
yesterday-just-passed-my-way-again,Yesterday Just Passed My Way Again,0,0,1
yesterday-once-more,Yesterday Once More,0,0,2
yesterday-s-best,Yesterday's Best,0,0,0
yesterday-s-champagne,Yesterday's Champagne,0,0,0
yesterday-s-child,Yesterday's Child,0,0,5
yesterday-s-girl,Yesterday's Girl,0,1,1
yesterday-s-gone,Yesterday's Gone,0,1,9
yesterday-s-kisses,Yesterday's Kisses,0,0,2
yesterday-s-letters,Yesterday's Letters,0,0,1
yesterday-s-love,Yesterday's Love,0,1,1
yesterday-s-love-1,Yesterday's Love,0,1,1
yesterday-s-promise,Yesterday's Promise,0,0,0
yesterday-s-roses,Yesterday's Roses,0,0,1
yesterday-s-tears,Yesterday's Tears,0,0,1
yesterday-s-wine,Yesterday's Wine,0,0,1
yesterday-s-winner-is-a-loser-today,Yesterday's Winner Is A Loser Today,0,0,1
yesterday-when-i-was-young,Yesterday When I Was Young,0,0,1
yet-to-succeed,Yet To Succeed,0,0,0
yippi-cry-ai,Yippi Cry Ai,0,0,0
yonder-comes-a-sucker,Yonder Comes A Sucker,0,0,1
you-ain-t-gonna-have-ol-buck-to-kick-around-no-more,You Ain't Gonna Have Ol' Buck To Kick Around No More,0,0,1
you-aint-hurt-nothing-yet,You Ain’t Hurt Nothing Yet,0,0,0
you-ain-t-just-whistlin-dixie,You Ain't Just Whistlin' Dixie,0,1,1
you-ain-t-never-been-to-texas,You Ain't Never Been to Texas,0,0,0
you-ain-t-no-better-than-me,You Ain't No Better Than Me,0,0,0
you-ain-t-woman-enough-to-take-my-man,You Ain't Woman Enough to Take My Man,0,1,0
you-all-are-beautiful,You All Are Beautiful,0,0,1
you-almost-slipped-my-mind,You Almost Slipped My Mind,0,0,1
you-always-come-back-to-hurting-me,You Always Come Back to Hurting Me,0,1,0
you-always-get-by,You Always Get By,0,0,0
you-and-i-are-through,You And I Are Through,0,0,1
you-and-me,You And Me,0,12,124
you-and-me-1,You And Me,0,12,124
you-and-me-2,You And Me,0,12,124
you-and-me-against-the-world,You And Me Against The World,0,1,6
you-and-me-and-love,You And Me And Love,0,0,0
you-and-me-and-time,You And Me And Time,0,0,2
you-and-me-her-and-him,You And Me Her And Him,0,1,1
you-and-me-together,You And Me Together,0,0,4
you-and-me-with-chords,You and Me with chords,0,0,0
you-and-you-alone,You And You Alone,0,2,3
you-and-you-alone-1,You And You Alone,0,2,3
you-and-your-sweet-love,You And Your Sweet Love,0,0,1
you-are-a-star,You Are A Star,0,0,3
you-are-everything,You Are Everything,0,2,4
you-are-my-christmas-carol,You Are My Christmas Carol,0,0,0
you-are-my-flower,You are my flower,1,8,1
you-are-my-hero,You Are My Hero,0,0,3
you-are-my-life,You Are My Life,0,0,6
you-are-my-love,You Are My Love,0,0,11
you-are-my-one-desire,You Are My One Desire,0,0,1
you-are-my-sunshine,You Are My Sunshine,1,9,4
you-are-my-treasure,You Are My Treasure,0,0,1
you-are-my-world,You Are My World,0,0,4
you-are-so-beautiful,You Are So Beautiful,0,1,7
you-are-the-one,You Are The One,0,2,51
you-are-the-only-one,You Are The Only One,0,0,9
you-are-to-me,You Are To Me,0,0,3
you-are-what-i-am,You Are What I Am,0,1,1
you-asked-me-to,You Asked Me To,0,2,1
you-babe,You Babe,0,0,1
you-beat-all-ive-ever-seen,You Beat All I’ve Ever Seen,0,1,0
you-beat-any-dream-i-ve-ever-had,You Beat Any Dream I've Ever Had,0,0,0
you-belong-to-me,You Belong to Me,0,4,20
you-belong-to-my-heart,You Belong To My Heart,0,0,1
you-better-be-better-to-me,You Better Be Better To Me,0,0,0
you-better-keep-it-on-your-mind,You Better Keep It On Your Mind,0,0,1
you-better-let-that-liar-alone,You Better Let That Liar Alone,1,0,0
you-better-move-on,You Better Move On,0,0,1
you-better-treat-your-man-right,You Better Treat Your Man Right,0,0,1
you-bring-out-the-wild-side-of-me,You Bring Out The Wild Side Of Me,0,0,0
you-broke-your-own-heart,You Broke Your Own Heart,0,0,1
you-broke-your-promise,You Broke Your Promise,1,0,1
you-burned-a-hole-in-my-heart,You Burned A Hole In My Heart,0,0,0
you-called-me-another-woman-s-name,You Called Me Another Woman's Name,0,0,0
you-call-everybody-darling,You Call Everybody Darling,0,0,1
you-came-awful-close-to-loving-me,You Came Awful Close To Loving Me,0,0,0
you-can-always-give-her-back-to-me,You Can Always Give Her Back To Me,0,0,0
you-can-be-a-millionaire-with-me,You Can Be a Millionaire With Me,1,0,1
you-can-be-replaced,You Can Be Replaced,0,0,1
you-can-bet-your-bottom-dollar,You Can Bet Your Bottom Dollar,0,0,0
you-can-check-on-me,You Can Check On Me,0,0,0
you-can-count-me-missing,You Can Count Me Missing,0,0,0
you-can-count-on-me,You Can Count On Me,0,1,11
you-can-feel-bad,You Can Feel Bad,0,1,1
you-can-go-on-your-way-now,You Can Go On Your Way Now,0,0,0
you-can-have-her,You Can Have Her,1,6,1
you-can-have-him,You Can Have Him,0,0,4
you-can-hear-a-teardrop,You Can Hear A Teardrop,0,0,0
you-can-keep-your-nine-pound-hammer,You Can Keep Your Nine Pound Hammer,1,3,1
you-can-lead-a-heart-to-love,You Can Lead A Heart To Love,0,0,0
you-can-lie-to-me-tonight,You Can Lie To Me Tonight,0,0,0
you-can-never-stop-me-loving-you,You Can Never Stop Me Loving You,0,0,1
you-can-say-that-again,You Can Say That Again,0,0,2
you-can-share-my-blanket,You Can Share My Blanket,1,0,1
you-can-talk-me-out-of-anything,You Can Talk Me Out Of Anything,0,0,0
you-can-t-be-a-beacon,You Can't Be A Beacon,0,1,0
you-can-t-beat-jesus-christ,You Can't Beat Jesus Christ,0,0,1
you-can-t-be-true-dear,You Can't Be True Dear,0,1,1
you-can-t-break-a-heart,You Can't Break A Heart,0,0,0
you-can-t-break-the-chains-of-love,You Can't Break The Chains Of Love,0,0,1
you-can-t-buy-your-way-out-of-the-blues,You Can't Buy Your Way Out Of The Blues,0,0,0
you-cant-conceal-a-broken-heart,You Can’t Conceal A Broken Heart,0,0,0
you-can-t-do-me-this-way-and-get-by,You Can't Do Me This Way (And get By),0,0,0
you-can-t-do-wrong-and-get-by,You Can't Do Wrong And Get By,1,5,1
you-can-tell-the-world,You Can Tell The World,0,0,3
you-can-t-fall-in-love-when-you-re-crying,You Can't Fall in Love When You're Crying,0,0,0
you-can-t-find-happiness-that-way,You Can't Find Happiness That Way,0,0,0
you-can-t-fool-love,You Can't Fool Love,0,0,0
you-can-t-get-there-from-here,You Can't Get There From Here,0,0,2
you-can-t-give-up-on-love,You Can't Give Up On Love,0,1,1
you-can-t-go-home,You Can't Go Home,0,0,0
you-can-t-go-on,You Can't Go On,0,0,0
you-can-t-have-your-kate-and-edith-too,You Can't Have Your Kate And Edith Too,0,0,1
you-can-t-hide-redneck,You Can't Hide Redneck,0,0,0
you-can-t-housebreak-a-tom-cat,You Can't Housebreak A Tom Cat,0,0,0
you-can-t-hurt-ham,You Can't Hurt Ham,1,0,0
you-can-t-hurt-me-anymore,You Can't Hurt Me Anymore,0,0,1
you-can-t-judge-a-book-by-the-cover,You Can't Judge A Book By The Cover,0,1,1
you-can-t-judge-a-good-book-by-its-cover,You Can't Judge A Good Book By Its Cover,0,0,0
you-can-t-keep-a-good-memory-down,You Can't Keep A Good Memory Down,0,0,1
you-can-t-laugh-at-a-fool,You Can't Laugh (At A Fool),0,0,0
you-can-t-lose-what-you-never-had,You Can't Lose What You Never Had,0,0,2
you-can-t-make-a-heel-toe-the-mark,You Can't Make A Heel Toe The Mark,0,0,1
you-can-t-make-nothing-out-of-that-but-love,You Can't Make Nothing Out Of That But Love,0,0,1
you-can-t-make-old-friends,You Can't Make Old Friends,0,2,1
you-can-t-never-tell,You Can't Never Tell,0,0,0
you-can-t-pick-a-rose-in-december,You Can't Pick A Rose In December,0,0,1
you-can-t-reach-me-anymore,You Can't Reach Me Anymore,0,1,1
you-can-t-roller-skate-in-a-buffalo-herd,You Can't Roller Skate In A Buffalo Herd,0,0,0
you-can-t-say-no-in-acapulco,You Can't Say No In Acapulco,0,0,1
you-can-t-stop-the-wild-wind-from-blowing,You Can't Stop The Wild Wind From Blowing,0,0,1
you-can-t-take-back-a-teardrop-lyrics-and-chords,You Can't Take Back A Teardrop Lyrics and Chords,0,0,0
you-can-t-take-it-with-you,You Can't Take It With You,0,1,7
you-can-t-take-it-with-you-when-you-go,You Can't Take It With You When You Go,0,4,1
you-can-t-take-it-with-you-when-you-go-1,You Can't Take It With You When You Go,0,4,1
you-can-t-take-my-memories-of-you,You Can't Take My Memories Of You,0,0,0
you-can-t-take-the-country-from-the-boy,You Can't Take The Country From The Boy,0,0,0
you-can-t-take-the-country-out-of-me,You Can't Take The Country Out Of Me,0,0,1
you-can-t-trust-a-crazy-man,You Can't Trust A Crazy Man,0,0,0
you-can-t-wynn-stewart,You Can't Wynn Stewart,0,0,0
you-cared-enough-to-send-the-very-best,You Cared Enough To Send The Very Best,0,0,0
you-caused-it-all-by-telling-lies,You Caused It All By Telling Lies,0,2,1
you-changed-everything,You Changed Everything,0,0,0
you-comb-her-hair,You Comb Her Hair,0,1,1
you-could-be-coming-to-me,You Could Be Coming To Me,0,0,1
you-could-know-as-much-about-a-stranger,You Could Know as Much About a Stranger,0,1,1
you-could-never-be-true,You Could Never Be True,1,1,0
you-couldn-t-get-the-picture,You Couldn't Get The Picture,0,0,0
you-created-me,You Created Me,0,0,1
you-crossed-my-mind-a-thousand-times-today-lyrics-and-chords,You Crossed My Mind A Thousand Times Today Lyrics and Chords,0,0,0
you-darling-you-lyrics-and-chords,You Darling You Lyrics and Chords,0,0,0
you-d-be-home-by-now,You'd Be Home By Now,0,0,0
you-d-be-the-first-one-to-know,You'd be the First One to Know,0,0,1
youd-better-get-right-little-darling,You’d Better Get Right Little Darling,1,0,0
you-d-better-go,You'd Better Go,0,0,0
you-d-better-stop-tellin-lies-about-me,You'd Better Stop Tellin' Lies About Me,0,0,0
you-decorated-my-life,You Decorated My Life,0,0,1
you-denied-your-love,You Denied Your Love,1,0,0
you-deserve-the-stars-in-my-crown,You Deserve The Stars In My Crown,0,0,1
you-didn-t-have-to-be-so-nice,You Didn't Have To Be So Nice,0,0,2
you-didnt-have-to-go,You Didn’t Have to Go,1,0,0
you-didn-t-say-goodbye,You Didn't Say Goodbye,1,0,1
you-didn-t-stop-to-say-hello,You Didn't Stop To Say Hello,0,0,1
you-d-make-an-angel-want-to-cheat,You'd Make An Angel Want To Cheat,0,0,0
you-done-me-wrong,You Done Me Wrong,0,17,5
you-don-t-care-what-happens-to-me,You Don't Care What Happens To Me,0,0,1
you-don-t-count-the-cost,You Don't Count the Cost,0,1,0
you-don-t-even-know-who-i-am,You Don't Even Know Who I Am,0,1,2
you-don-t-even-try,You Don't Even Try,0,0,1
you-dont-have-the-nerve,You Don’t Have The Nerve,0,0,1
you-don-t-have-time-for-me,You Don't Have Time For Me,0,0,1
you-don-t-have-to-be-a-baby-to-cry,You Don't Have To Be A Baby To Cry,0,2,1
you-don-t-have-to-be-present-to-win,You Don't Have To Be Present To Win,0,0,0
you-don-t-have-to-go-home,You Don't Have To Go Home,0,1,1
you-don-t-have-to-live-with-it,You Don't Have To Live With It,0,0,0
you-dont-have-to-move-that-mountain,You Don’t Have To Move That Mountain,0,3,1
you-don-t-have-to-paint-me-a-picture,You Don't Have To Paint Me A Picture,0,1,0
you-don-t-have-very-far-to-go,You Don't Have Very Far To Go,0,1,1
you-don-t-hear,You Don't Hear,0,0,1
you-don-t-knock,You Don't Knock,0,3,0
you-dont-know-how-lucky-you-are,You Don’t Know How Lucky You Are,0,2,1
you-don-t-know-me,You Don't Know Me,0,3,49
you-don-t-know-my-mind-today,You Don't Know My Mind Today,0,0,0
you-don-t-know-what-you-re-missing,You Don't Know What You're Missing,0,0,1
you-don-t-love-god-if-you-don-t-love-your-neighbor,You Don't Love God If You Don't Love Your Neighbor,1,1,0
you-don-t-love-me,You Don't Love Me,0,2,24
you-don-t-love-me-anymore,You Don't Love Me Anymore,0,1,10
you-don-t-love-me-anymore-1,You Don't Love Me Anymore,0,1,10
you-don-t-love-me-but-i-ll-always-care,You Don't Love Me But I'll Always Care,0,0,1
you-don-t-miss-your-water,You Don't Miss Your Water,0,1,2
you-dont-miss-your-water,You Don’t Miss Your Water,0,1,2
you-don-t-move-me-anymore,You Don't Move Me Anymore,0,0,0
you-don-t-need-me-now,You Don't Need Me Now,0,0,1
you-don-t-need-to-move-a-mountain,You Don't Need to Move a Mountain,0,0,0
you-don-t-owe-me-a-thing,You Don't Owe Me A Thing,0,0,1
you-don-t-really-know,You Don't Really Know,0,0,1
you-don-t-seem-to-miss-me,You Don't Seem To Miss Me,0,2,1
you-don-t-treat-me-right,You Don't Treat Me Right,0,0,1
you-don-t-want-my-love,You Don't Want My Love,0,0,0
you-don-t-wear-blue-so-well,You Don't Wear Blue So Well,0,0,0
you-dreamer-you,You Dreamer You,0,0,1
you-d-still-find-a-way-to-cheat-on-me,You'd Still Find A Way To Cheat On Me,0,0,0
you-dun-stomped-on-my-heart,You Dun Stomped On My Heart,0,0,0
you-feel-good,You Feel Good,0,0,1
you-fool,You Fool,0,0,4
you-fool-you,You Fool You,0,0,1
you-gave-me-a-mountain,You Gave Me A Mountain,0,0,1
you-give-me-your-love-and-ill-give-you-mine,You Give Me Your Love And I’ll Give You Mine,1,0,0
you-go-around,You Go Around,0,0,0
you-got-gold,You Got Gold,0,0,1
you-got-it,You Got It,0,1,32
you-got-me-over-a-heartache-tonight,You Got Me Over A Heartache Tonight,1,1,0
you-go-to-your-church,You Go To Your Church,0,5,0
you-gotta-be-puttin-me-on,You Gotta Be Puttin' Me On,0,0,0
you-gotta-be-tired,You Gotta Be Tired,0,0,1
you-gotta-climb,You Gotta Climb,0,0,1
you-gotta-dig-a-little-deeper,You Gotta Dig A Little Deeper,1,0,0
you-gotta-do-what-you-gotta-do,You Gotta Do What You Gotta Do,0,1,1
you-gotta-have-a-license,You Gotta Have A License,0,1,0
you-gotta-have-love,You Gotta Have Love,0,0,0
you-got-the-kind-of-love,You Got The Kind Of Love,0,0,0
you-go-your-way,You Go Your Way,0,1,5
you-go-your-way-and-i-ll-go-crazy,You Go Your Way (And I'll Go Crazy),0,0,0
you-had-a-call,You Had A Call,0,0,0
you-have-my-heart,You Have My Heart,0,0,3
you-haven-t-heard,You Haven't Heard,0,0,0
you-haven-t-heard-the-last-of-me-1,You Haven't Heard The Last Of Me,0,0,1
you-haven-t-left-me-yet,You Haven't Left Me Yet,0,0,0
you-have-to-be-out-of-your-mind,You Have To Be Out Of Your Mind,0,0,0
you-helped-me-up-when-the-world-let-me-down,You Helped Me Up When The World Let Me Down,0,0,0
you-introduced-me-to-the-blues,You Introduced Me To The Blues,0,0,0
you-just-can-t-be-true-lyrics-chords,You Just Can't Be True Lyrics Chords,0,0,0
you-just-can-t-play-a-sad-song-on-a-banjo,You Just Can't Play A Sad Song On A Banjo,0,0,0
you-just-can-t-quit,You Just Can't Quit,0,0,1
you-just-don-t-love-me-anymore,You Just Don't Love Me Anymore,0,0,0
you-just-loved-the-leavin-out-of-me,You Just Loved The Leavin' Out Of Me,0,0,0
you-just-stood-there,You Just Stood There,0,0,0
you-keep-right-on-loving-me,You Keep Right On Loving Me,0,0,0
you-kept-me-awake-last-night-lyrics-and-chords,You Kept Me Awake Last Night Lyrics and Chords,0,0,0
you-kiss-me-like-you-re-waving-goodbye,You Kiss Me Like You're Waving Goodbye,0,0,0
you-know-how-talk-gets-around,You Know How Talk Gets Around,0,0,1
you-know-i-love-you,You Know I Love You,0,3,9
you-know-i-miss-you,You Know I Miss You,0,0,1
you-know-i-m-still-in-love-with-you-lyrics-chords,You Know I'm Still In Love With You Lyrics Chords,0,0,0
you-know-just-what-id-do,You Know Just What I’d Do,0,0,1
you-know-me-better-than-that,You Know Me Better Than That,0,0,0
you-know-me-much-too-well,You Know Me Much Too Well,0,0,0
you-know-who,You Know Who,0,2,5
you-know-you-re-not-forsaken,You Know You're Not Forsaken,0,0,0
you-lay-so-easy-on-my-mind,You Lay So Easy On My Mind,0,0,1
you-lead-me-to-the-wrong,You Lead Me to the Wrong,1,0,0
you-left-her-lonely-too-long,You Left Her Lonely Too Long,0,0,1
you-left-me,You Left Me,0,10,5
you-left-me-alone,You Left Me Alone,1,7,1
you-left-me-a-long-long-time-ago,You Left Me A Long Long Time Ago,0,0,1
you-left-the-door-wide-open,You Left The Door Wide Open,0,0,0
you-left-your-mark-on-me,You Left Your Mark On Me,0,0,2
you-lied-to-me-1,You Lied To Me,0,0,6
you-lift-me-up-to-heaven,You Lift Me Up To Heaven,0,0,0
you-ll-always-be-in-my-heart,You'll Always Be In My Heart,0,0,0
youll-always-be-my-blue-eyed-darling,You’ll Always Be My Blue Eyed Darling,0,3,0
you-ll-always-be-special-to-me,You'll Always Be Special To Me,0,1,1
you-ll-always-have-my-love,You'll Always Have My Love,0,0,1
you-ll-always-have-someone,You'll Always Have Someone,0,0,1
you-ll-always-live-inside-of-me,You'll Always Live Inside Of Me,0,0,0
you-ll-be-all-right,You'll Be All Right,0,0,2
youll-be-back,You’ll Be Back,0,0,2
you-ll-be-the-one,You'll Be The One,0,0,1
you-ll-be-there,You'll Be There,0,1,1
you-ll-come-back,You'll Come Back,0,0,0
you-ll-drive-me-back-into-her-arms-again,You'll Drive Me Back Into Her Arms Again,0,0,0
youll-find-her-name-written-there,You’ll Find Her Name Written There,1,11,1
youll-get-no-more-of-me,You’ll Get No More Of Me,1,2,1
you-ll-have-love,You'll Have Love,0,0,0
you-ll-never-be-mine-again,You'll Never Be Mine Again,0,0,1
you-ll-never-be-sorry,You'll Never Be Sorry,0,0,1
you-ll-never-be-the-sun,(You'll) Never Be The Sun,0,0,0
you-ll-never-fall-in-love-again,You'll Never Fall In Love Again,0,0,0
you-ll-never-get-a-better-chance-than-this,You'll Never Get A Better Chance Than This,0,0,0
you-ll-never-know,You'll Never Know,0,1,13
you-ll-never-know-1,You'll Never Know,0,1,13
you-ll-never-know-how-much-i-needed-you-today,You'll Never Know How Much I Needed You Today,0,0,1
you-ll-never-know-what-you-re-missin,You'll Never Know What You're Missin',0,0,1
youll-never-leave-harlan-alive,You’ll Never Leave Harlan Alive,0,2,1
you-ll-never-leave-me-completely,You'll Never Leave Me Completely,0,0,0
youll-never-love-me-now,You’ll Never Love Me Now,0,0,1
you-ll-never-miss-the-water,You'll Never Miss The Water,0,0,0
you-ll-never-take-texas-out-of-me,You'll Never Take Texas Out of Me,0,0,0
you-ll-never-walk-alone,You'll Never Walk Alone,0,1,3
you-ll-still-be-in-my-heart,You'll Still Be In My Heart,0,0,0
you-ll-still-be-the-one,You'll Still Be The One,0,0,1
you-ll-think-of-me,You'll Think Of Me,0,0,3
you-ll-think-of-me-1,You'll Think Of Me,0,0,3
you-look-like-someone-that-used-to-love-me,You Look Like Someone That Used To Love Me,0,0,0
you-look-like-the-devil,You Look Like The Devil,0,0,0
you-look-so-good-in-love,You Look So Good In Love,0,0,0
you-love-everybody-but-you,You Love Everybody But You,0,0,1
you-love-me-just-enough-to-hurt-me,You Love Me Just Enough to Hurt Me,0,0,1
you-love-the-ground-i-walk-on,You Love The Ground I Walk On,0,0,1
you-lucky-dog,You Lucky Dog,0,0,0
you-made-a-believer-out-of-me,You Made A Believer Out Of Me,0,0,2
you-made-a-monkey-out-of-me,You Made A Monkey Out Of Me,0,0,1
you-made-me-feel,You Made Me Feel,0,0,2
you-made-me-live-love-and-die,You Made Me Live Love And Die,0,0,1
you-made-me-love-you,You Made Me Love You,0,2,5
you-made-me-what-i-am-today,You Made Me What I Am Today,0,0,1
you-make-love-to-everyone,You Make Love To Everyone,0,0,1
you-make-me-feel-like-a-man,You Make Me Feel Like a Man,0,1,1
you-make-me-feel-more-like-a-man,You Make Me Feel More Like A Man,0,0,0
you-make-me-live-again,You Make Me Live Again,0,0,0
you-make-my-skies-turn-blue,You Make My Skies Turn Blue,0,0,1
you-may-feel-me-crying,You May Feel Me Crying,0,0,1
you-may-see-me-walking,You May See Me Walking,1,0,0
you-mean-so-very-much-to-me,You Mean So Very Much To Me,0,0,0
you-mean-the-world-to-me,You Mean the World to Me,0,0,9
you-might-want-to-use-me-again,You Might Want To Use Me Again,0,0,0
you-must-come-in-at-the-door,You Must Come In At The Door,0,1,0
you-must-have-a-dream,You Must Have A Dream,0,1,0
you-must-have-walked-across-my-mind-again,You Must Have Walked Across My Mind Again,0,0,1
you-must-not-be-drinking-enough,You Must Not Be Drinking Enough,0,0,0
you-must-really-love-me,You Must Really Love Me,0,0,1
you-must-walk-the-line,You Must Walk The Line,0,0,0
you-nearly-lose-your-mind,You Nearly Lose Your Mind,0,0,1
you-needed-me,You Needed Me,0,1,2
you-never-can-tell-c-est-la-vie,You Never Can Tell (C'est la vie),0,1,0
you-never-cross-my-mind,You Never Cross My Mind,0,0,2
you-never-cross-my-mind-1,You Never Cross My Mind,0,0,2
you-never-did-give-up-on-me,You Never Did Give Up On Me,0,0,0
you-never-even-call-me-by-my-name,You Never Even Call Me By My Name,0,0,0
you-never-know-just-how-good-you-ve-got-it,You Never Know Just How Good You've Got It,0,0,1
you-never-miss-a-real-good-thing,You Never Miss A Real Good Thing,0,0,0
you-never-really-wanted-me,You Never Really Wanted Me,0,0,1
you-never-said-you-loved-me,You Never Said You Loved Me,0,0,0
you-never-want-to-love-me,You Never Want To Love Me,0,0,1
you-never-were-mine,You Never Were Mine,0,0,0
you-never-will-be-true,You Never Will Be True,0,0,0
young-abe-lincoln,Young Abe Lincoln,0,0,0
young-and-beautiful,Young And Beautiful,0,1,4
young-at-heart,Young At Heart,0,1,11
young-but-true-love,Young But True Love,0,0,0
young-country,Young Country,0,0,1
young-dallas-cowboy,Young Dallas Cowboy,0,0,1
young-dreams,Young Dreams,0,0,2
young-emotions,Young Emotions,0,0,2
young-freda-bolt,Young Freda Bolt,1,0,0
young-girl,Young Girl,0,0,13
young-hearts,Young Hearts,0,0,15
young-lillie-s-dreams,Young Lillie's Dreams,0,1,0
young-love,Young Love,0,0,26
young-school-girl,Young School Girl,0,0,1
young-widow-brown,Young Widow Brown,0,0,1
young-world,Young World,0,0,2
you-once-lived-here,You Once Lived Here,0,0,0
you-only-paint-the-picture-once,You Only Paint The Picture Once,0,0,0
you-only-see-what-you-want-to-see,You Only See What You Want To See,0,0,0
you-only-think-of-me,You Only Think Of Me,0,0,0
you-only-want-me-when-you-re-lonely,You Only Want Me When You're Lonely,0,0,1
you-oughta-be-here-with-me,You Oughta Be Here With Me,0,1,2
you-oughta-hear-me-cry,You Oughta Hear Me Cry,0,0,0
you-oughta-see-pickles-now,You Oughta See Pickles Now,0,0,0
you-ought-to-try-it-sometime,You Ought To Try It Sometime,0,0,0
you-plant-your-fields,You Plant Your Fields,0,1,1
you-plus-him-minus-me,You Plus Him Minus Me,0,0,0
you-put-out-an-old-flame-last-night,You Put Out An Old Flame Last Night,0,0,0
you-raise-me-up,You Raise Me Up,0,0,1
your-alibi-called-today,Your Alibi Called Today,0,0,0
your-angel-steps-out-of-heaven,Your Angel Steps Out Of Heaven,0,0,1
your-bedroom-eyes,Your Bedroom Eyes,0,0,1
your-birthday-is,Your Birthday Is,0,0,1
your-body-is-an-outlaw,Your Body Is An Outlaw,0,0,0
your-cheating-heart,Your Cheating Heart,0,1,0
your-conscience,Your Conscience,0,0,0
your-country-boy,Your Country Boy,0,0,0
your-credit-card-won-t-get-you-into-heaven,Your Credit Card Won't Get You Into Heaven,0,0,1
youre-a-flower-in-the-wildwood,You’re A Flower In The Wildwood,1,2,0
you-re-a-heartbreaker,You're A Heartbreaker,0,0,1
you-re-a-hero-to-me,You're A Hero To Me,0,0,0
you-re-a-little-doll,You're A Little Doll,0,0,0
you-re-always-the-one,You're Always The One,0,1,1
you-re-a-part-of-me,You're A Part Of Me,0,1,2
you-re-a-real-good-friend,You're A Real Good Friend,0,0,1
you-re-at-your-best-when-you-lie,You're At Your Best When You Lie,0,0,0
you-re-breaking-my-heart,You're Breaking My Heart,0,0,8
you-re-breaking-my-heart-1,You're Breaking My Heart,0,0,8
you-re-calling-me-sweetheart-again,You're Calling Me Sweetheart Again,0,0,0
you-re-dancin-this-dance-all-wrong,You're Dancin' This Dance All Wrong,0,0,1
you-re-doing-things-to-hurt-me,You're Doing Things To Hurt Me,0,0,0
youre-drifting-away,You’re Drifting Away,1,6,1
youre-drifting-on,You’re Drifting On,1,1,1
you-re-driving-me-out-of-my-mind,You're Driving Me Out Of My Mind,0,0,1
you-re-driving-you-out-of-my-mind,You're Driving You Out Of My Mind,0,0,0
you-re-drivin-me-out-of-your-mind,You're Drivin' Me Out Of Your Mind,0,0,0
you-re-easy-to-love,You're Easy To Love,0,0,1
you-re-easy-to-remember,You're Easy To Remember,0,0,0
youre-everything-i-want,You’re Everything I Want,0,0,0
you-re-everything-to-me,You're Everything To Me,0,0,1
youre-forgetting-me,You’re Forgetting Me,0,0,1
you-re-for-me,You're For Me,0,0,1
you-re-free-to-go,You're Free To Go,0,0,1
you-re-from-texas,You're From Texas,0,0,1
you-re-gettin-heavy-on-my-mind,You're Gettin' Heavy On My Mind,0,0,0
you-re-going-away,You're Going Away,0,2,2
you-re-gonna-be-sorry,You're Gonna Be Sorry,0,2,4
you-re-gonna-be-sorry-you-let-me-down,You're Gonna Be Sorry You Let Me Down,0,1,0
youre-gonna-be-sorry-you-let-me-down,You’re Gonna Be Sorry You Let Me Down,0,1,0
you-re-gonna-be-waitin,You're Gonna Be Waitin',0,0,0
you-re-gonna-change,You're Gonna Change,0,0,0
you-re-gonna-leave-me-again,You're Gonna Leave Me Again,0,0,1
you-re-gonna-lose-her-like-that,You're Gonna Lose Her Like That,0,0,0
you-re-gonna-love-yourself,You're Gonna Love Yourself,0,0,0
you-re-gonna-need-a-man,You're Gonna Need a Man,0,0,1
youre-gonna-wonder-about-me,You’re Gonna Wonder About Me,0,0,1
you-re-heading-for-heartaches,You're Heading For Heartaches,0,0,0
you-re-heavy-on-my-mind-today,You're Heavy On My Mind Today,0,1,1
you-re-in-love,You're In Love,0,0,7
you-re-in-my-heart,You're In My Heart,0,2,2
you-re-just-mine,You're Just Mine,0,0,0
you-re-just-what-the-doctor-ordered,You're Just What The Doctor Ordered,0,0,1
you-re-killing-me-with-kindness,You're Killing Me With Kindness,0,0,0
you-re-learning,You're Learning,0,1,1
youre-leaving-me-for-the-last-time,You’re leaving me for the last time,1,0,0
you-re-looking-at-a-happy-man,You're Looking At A Happy Man,0,0,0
you-re-looking-at-country-lyrics-chords,You're Looking At Country Lyrics Chords,0,0,0
you-re-making-it-too-hard-for-me-to-go,You're Making It Too Hard For Me To Go,0,0,0
you-remembered-me,You Remembered Me,0,0,2
you-remembered-me-1,You Remembered Me,0,0,2
you-re-mine,You're Mine,0,2,28
you-re-my-baby,You're My Baby,0,0,7
you-re-my-best-friend,You're My Best Friend,1,1,4
you-re-my-everything,You're My Everything,0,0,9
you-re-my-favorite-star,You're My Favorite Star,0,0,1
you-re-my-girl,You're My Girl,0,0,7
youre-my-jamaica,You’re My Jamaica,0,0,1
you-re-my-kingdom,You're My Kingdom,0,0,1
youre-my-man,You’re My Man,0,0,3
you-re-my-one-and-only-love,You're My One And Only Love,0,0,1
you-re-my-perfect-reason,You're My Perfect Reason,0,0,0
youre-never-out-of-my-heart,You’re Never Out Of My Heart,0,0,0
you-re-next-to-nothing,You're Next To Nothing,0,0,0
you-re-no-angel-yourself,You're No Angel Yourself,0,0,0
you-re-nobody-till-somebody-loves-you,You're Nobody Till Somebody Loves You,0,0,1
you-re-no-secret-of-mine,You're No Secret Of Mine,0,0,0
you-re-not-alone,You're Not Alone,0,0,58
you-re-not-by-yourself,You're Not By Yourself,0,0,1
you-re-not-drowning-your-heartache,You're Not Drowning Your Heartache,0,0,0
you-re-not-easy-to-forget,You're Not Easy to Forget,0,1,1
youre-not-easy-to-forget,You’re Not Easy To Forget,0,1,1
you-re-not-easy-to-forget-1,You're Not Easy to Forget,0,1,1
youre-nothing-more-to-me,You’re Nothing More To Me,1,0,0
you-re-not-mine-anymore,You're Not Mine Anymore,0,2,1
you-re-not-my-same-sweet-baby,You're Not My Same Sweet Baby,0,0,1
you-re-not-that-easy-to-forget,You're Not That Easy To Forget,0,0,0
you-re-not-the-only-one,You're Not The Only One,0,0,9
you-re-only-in-my-arms-to-cry-on-my-shoulder,You're Only In My Arms (To Cry On My Shoulder),0,0,1
you-re-out-doing-what-i-m-here-doing-without,You're Out Doing What I'm Here Doing Without,0,0,0
you-re-out-of-step,You're Out Of Step,0,0,0
you-re-part-of-me,You're Part Of Me,0,0,2
youre-part-of-me,You’re Part Of Me,0,0,2
you-re-playing-hard-to-forget,You're Playing Hard To Forget,0,0,0
you-re-right,You're Right,0,0,4
you-re-right-i-m-wrong,You're Right I'm Wrong,0,1,1
you-re-right-i-m-wrong-i-m-sorry,You're Right I'm Wrong I'm Sorry,0,0,1
you-re-right-i-need-you-real-bad,You're Right I Need You Real Bad,0,0,0
you-re-running-wild,You're Running Wild,1,7,1
youre-running-wild,You’re Running Wild,1,7,1
you-re-slipping-away-from-me,You're Slipping Away From Me,0,0,0
you-re-so-close-to-me,You're So Close To Me,0,0,1
youre-so-good-when-youre-bad,You’re So Good When You’re Bad,0,0,1
you-re-something-special-to-me,You're Something Special To Me,0,0,1
you-re-so-square,You're So Square,0,0,0
you-re-standing-in-the-way,You're Standing In The Way,0,0,0
you-re-still-mine,You're Still Mine,0,2,1
you-re-still-my-heartache-number-one,You're Still My Heartache Number One,0,0,0
you-re-still-on-my-mind,You're Still On My Mind,0,3,3
youre-still-on-my-mind,You’re Still On My Mind,0,3,3
you-re-still-on-my-mind-1,You're Still On My Mind,0,3,3
youre-still-the-only-one-ill-ever-love,You’re Still The Only One I’ll Ever Love,0,0,1
you-re-stronger-than-me,You're Stronger Than Me,0,0,1
you-re-stronger-than-me-1,You're Stronger Than Me,0,0,1
you-re-telling-me-sweet-lies-again,You're Telling Me Sweet Lies Again,0,0,0
you-re-that-much-woman-to-me,You're That Much Woman To Me,0,0,0
you-re-that-someone-else,You're That Someone Else,0,0,0
you-re-the-angel,You're The Angel,0,0,0
you-re-the-angel-on-top-of-my-christmas-tree,You're The Angel On Top Of My Christmas Tree,0,0,0
you-re-the-best-break-this-old-heart-ever-had,You're The Best Break This Old Heart Ever Had,0,0,0
you-re-the-best-friend,You're The Best Friend,0,0,1
you-re-the-best-i-ve-never-had,You're The Best I've Never Had,0,0,0
you-re-the-best-of-all-leading-brands,You're The Best Of All Leading Brands,0,0,0
you-re-the-best-thing-that-ever-happened-to-me-chords,You're The Best Thing That Ever Happened To Me chords,0,0,0
you-re-the-biggest-part-of-me,You're The Biggest Part Of Me,0,0,0
you-re-the-cloud-i-m-on-when-i-m-high,You're The Cloud I'm On (When I'm High),0,0,0
you-re-the-devil-in-disguise,You're The Devil In Disguise,0,0,0
you-re-the-first-time-i-ve-thought-about-leaving,You're The First Time I've Thought About Leaving,0,0,1
you-re-the-girl-of-my-dreams,You're The Girl Of My Dreams,1,7,0
you-re-the-nearest-thing-to-heaven,You're The Nearest Thing To Heaven,0,0,1
you-re-the-one,You're The One,0,6,82
youre-the-one,You’re The One,0,6,82
you-re-the-one-1,You're The One,0,6,82
you-re-the-one-2,You're The One,0,6,82
you-re-the-one-for-me,You're The One For Me,0,0,7
you-re-the-one-i-dream-about,You're The One I Dream About,0,0,1
you-re-the-one-that-taught-me-how-to-swing,You're The One That Taught Me How To Swing,0,1,1
you-re-the-only-girl-in-the-game,You're The Only Girl In The Game,0,0,1
you-re-the-only-good-thing,You're the Only Good Thing,0,0,0
you-re-the-only-one,You're The Only One,0,1,19
you-re-the-only-one-1,You're The Only One,0,1,19
you-re-the-only-one-2,You're The Only One,0,1,19
you-re-the-only-one-for-me,You're The Only One For Me,0,0,5
you-re-the-only-song-i-sing-today,You're The Only Song I Sing Today,0,0,1
you-re-the-only-star-in-my-blue-heaven,You're The Only Star In My Blue Heaven,0,1,1
you-re-the-only-world-i-know,You're The Only World I Know,0,0,1
you-re-the-perfect-picture,You're The Perfect Picture,0,0,0
you-re-the-reason,You're The Reason,0,1,8
you-re-the-reason-1,You're the Reason,0,1,8
you-re-the-reason-god-made-oklahoma,You're The Reason God Made Oklahoma,0,0,1
you-re-the-reason-i-m-in-love,You're the Reason I'm in Love,0,0,0
you-re-the-reason-i-m-living,You're the Reason I'm Living,0,0,1
you-re-the-sad-in-my-songs,You're The Sad In My Songs,0,0,0
youre-the-sweetest-thing,You’re The Sweetest Thing,0,0,1
you-re-the-woman-behind-everything,You're The Woman Behind Everything,0,0,1
you-re-the-world,You're The World,0,0,1
you-re-too-late,You're Too Late,0,0,0
you-re-too-young-to-cry-now,You're Too Young To Cry Now,0,0,0
you-re-wanting-me-to-stop-loving-you,You're Wanting Me To Stop Loving You,0,0,1
you-re-welcome-anytime,You're Welcome Anytime,0,0,1
you-re-why-god-made-me,You're Why God Made Me,0,0,0
you-re-worth-waiting-for,You're Worth Waiting For,0,0,1
your-eyes,Your Eyes,0,0,62
your-eyes-dont-lie-to-me,Your Eyes Don’t Lie To Me,0,0,1
your-favorite-fool,Your Favorite Fool,0,0,0
your-first-time,Your First Time,0,0,0
your-forever-don-t-last-very-long,Your Forever Don't Last Very Long,0,0,0
your-good-for-nothing-heart,Your Good For Nothing Heart,0,0,0
your-good-girl-s-gonna-go-bad,Your Good Girl's Gonna Go Bad,0,0,1
your-greedy-heart,Your Greedy Heart,1,1,0
your-heart-is-too-crowded,Your Heart Is Too Crowded,0,0,0
your-heart-of-blue-is-showing,Your Heart Of Blue Is Showing,0,0,0
your-heart-turned-left,Your Heart Turned Left,0,1,1
your-kinda-love,Your Kinda Love,0,0,1
your-kind-of-living,Your Kind Of Living,0,0,0
your-kind-of-man,Your Kind Of Man,0,0,0
your-kind-of-people,Your Kind Of People,0,0,0
your-kisses-will,Your Kisses Will,0,0,0
your-leaving-left-me-still-loving-you,Your Leaving Left Me Still Loving You,0,0,0
your-lonely-nights-are-over,Your Lonely Nights Are Over,0,0,0
your-long-journey,Your Long Journey,1,6,1
your-love,Your Love,0,1,85
your-love-amazes-me,Your Love Amazes Me,0,0,1
your-love-blows-me-away,Your Love Blows Me Away,0,0,1
your-love-died-like-the-rose,Your Love Died Like The Rose,0,0,0
your-love-had-taken-me-that-high,Your Love Had Taken Me That High,0,0,1
your-love-has-lifted-me-higher-and-higher,Your Love Has Lifted Me Higher And Higher,0,1,0
your-love-is-just-for-strangers,Your Love Is Just For Strangers,0,0,0
your-love-is-like-a-flower,Your Love Is Like A Flower,1,25,1
your-love-is-like-a-flower-1,Your Love Is Like A Flower,1,25,1
your-love-is-mine,Your Love Is Mine,0,0,2
your-love-is-the-key-to-it-all,Your Love Is The Key To It All,0,0,0
your-love-is-the-way,Your Love Is The Way,0,0,0
your-love-s-been-a-long-time-coming,Your Love's Been A Long Time Coming,0,0,2
your-love-s-been-a-long-time-coming-1,Your Love's Been A Long Time Coming,0,0,2
your-love-shines-through,Your Love Shines Through,0,0,0
your-love-s-like-a-stranger,Your Love's Like A Stranger,0,0,0
your-love-s-on-the-line,Your Love's On The Line,0,0,1
your-loving-side,Your Loving Side,0,0,0
your-lying-blue-eyes,Your Lying Blue Eyes,0,0,1
your-man-loves-you-honey,Your Man Loves You Honey,0,1,1
your-memory-ain-t-what-it-used-to-be,Your Memory Ain't What It Used To Be,0,0,0
your-memory-comes-along,Your Memory Comes Along,0,0,0
your-memory-comes-along-1,Your Memory Comes Along,0,0,0
your-memory-comes-and-gets-me,Your Memory Comes And Gets Me,0,0,0
your-memory-is-killing-me,Your Memory Is Killing Me,0,0,0
your-memory-s-comin-on,Your Memory's Comin' On,0,0,0
your-memory-s-gone-to-rest,Your Memory's Gone To Rest,0,0,1
your-memory-sure-gets-around,Your Memory Sure Gets Around,0,0,0
your-money-and-my-good-looks,Your Money And My Good Looks,0,1,0
your-monkey-won-t-be-home-tonight-lyrics-with-chords,Your Monkey Won't Be Home Tonight Lyrics with Chords,0,0,0
your-mother-s-eyes,Your Mother's Eyes,0,0,2
your-mother-s-eyes-1,Your Mother's Eyes,0,0,2
your-mother-s-prayer,Your Mother's Prayer,0,0,1
your-mother-still-prays-for-you-jack,Your Mother Still Prays For You Jack,1,0,0
your-name-is-beautiful,Your Name is Beautiful,0,0,0
your-name-s-become-a-household-word,Your Name's Become A Household Word,0,0,0
your-old-cold-shoulder,Your Old Cold Shoulder,0,0,0
your-old-love-letters,Your Old Love Letters,0,5,1
your-old-magic,Your Old Magic,0,0,0
your-old-standby,Your Old Standby,0,5,2
your-old-used-to-be,Your Old Used To Be,0,0,0
your-one-and-only,Your One And Only,0,0,1
your-picture-in-the-paper,Your Picture In The Paper,0,0,0
your-place-or-mine,Your Place Or Mine,0,0,8
yours,Yours,0,0,35
yours-and-his,Yours And His,0,0,0
your-selfish-heart,Your Selfish Heart,0,2,1
yours-forever,Yours Forever,0,0,3
your-shining-face,Your Shining Face,0,0,2
your-side-of-the-story,Your Side Of The Story,0,0,0
yours-love,Yours Love,0,1,1
yours-love-1,Yours Love,0,1,1
your-squaw-is-on-the-warpath-lyrics-chords,Your Squaw Is On The Warpath Lyrics Chords,0,0,0
yours-to-hurt-tomorrow,Yours To Hurt Tomorrow,0,0,1
your-sweet-lies,Your Sweet Lies,0,0,0
your-sweet-love-lifted-me,Your Sweet Love Lifted Me,0,0,1
your-tears-are-telling-on-you,Your Tears Are Telling On You,0,0,0
your-tender-love,Your Tender Love,0,0,1
your-tender-loving-care-lyrics-with-chords,Your Tender Loving Care Lyrics with Chords,0,0,0
your-time-hasn-t-come-yet-baby,Your Time Hasn't Come Yet Baby,0,0,1
your-times-coming,Your Time’s Coming,0,0,0
your-true-love,Your True Love,0,0,1
your-turn-to-cry,Your Turn To Cry,0,1,4
your-uncharted-mind,Your Uncharted Mind,0,0,0
your-wanting-me-is-gone,Your Wanting Me Is Gone,0,0,0
your-way-my-way,Your Way My Way,0,0,2
your-wedding,Your Wedding,0,0,0
your-wedding-corsage,Your Wedding Corsage,0,0,0
your-wild-life-s-gonna-get-you-down,Your Wild Life's Gonna Get You Down,0,0,0
your-worries-and-troubles-are-mine,Your Worries And Troubles Are Mine,0,1,1
you-said-you-love-me,You Said You Love Me,0,0,1
you-saved-me,You Saved Me,0,1,11
you-saw-me-off-but-will-you-see-me-in,You Saw Me Off (But Will You See Me In),0,0,0
you-say-it-s-over,You Say It's Over,0,0,1
you-say-you-re-a-real-cowboy,You Say You're A Real Cowboy,0,0,0
you-scared-the-love-right-out-of-me-lyrics-chords,You Scared The Love Right Out Of Me Lyrics Chords,0,0,0
you-sent-her-an-orchid,You Sent Her An Orchid,0,0,0
you-set-my-dreams-to-music,You Set My Dreams To Music,0,0,1
you-should-be-layin-in-her-arms,You Should Be Layin' In Her Arms,0,0,0
you-should-do-the-calling,You Should Do The Calling,0,0,0
you-should-have-been-gone-by-now,You Should Have Been Gone By Now,0,0,0
you-should-live-my-life,You Should Live My Life,0,0,0
you-should-see-me-now,You Should See Me Now,0,0,0
you-should-see-tennessee-mam-selle,You Should See Tennessee Mam'selle,0,0,0
you-show-me-your-heart,You Show Me Your Heart,0,0,0
you-show-me-yours,You Show Me Yours,0,0,0
you-slip-into-my-mind,You Slip Into My Mind,0,0,0
you-snap-your-fingers-and-i-m-back-in-your-hands,You Snap Your Fingers (And I'm Back In Your Hands),0,0,1
you-still-get-to-me-in-my-dreams,You Still Get To Me In My Dreams,0,0,1
you-still-got-a-hold-on-me,You Still Got A Hold On Me,0,0,0
you-sure-got-this-ol-redneck-feelin-blue,You Sure Got This Ol' Redneck Feelin' Blue,0,0,0
you-sure-make-cheating-seem-easy,You Sure Make Cheating Seem Easy,0,0,0
you-take-me-for-granted,You Take Me For Granted,0,1,2
you-taught-me-everything-that-i-know,You Taught Me Everything That I Know,0,0,0
you-tear-me-up,You Tear Me Up,0,1,3
you-tell-me,You Tell Me,0,0,6
you-tell-me-your-troubles,You Tell Me Your Troubles,0,0,0
you-thrill-me,You Thrill Me,0,0,2
you-tied-a-love-knot-in-my-heart,You Tied A Love Knot In My Heart,1,0,0
you-told-him,You Told Him,0,0,0
you-told-me-so,You Told Me So,0,0,1
you-took-her-off-my-hands,You Took Her Off My Hands,0,0,1
you-took-him-off-my-hands,You Took Him Off My Hands,0,0,1
you-took-my-happy-away,You Took My Happy Away,0,0,1
you-took-the-easy-way-out,You Took The Easy Way Out,0,0,1
you-tore-my-heaven-all-to-hell,You Tore My Heaven All To Hell,0,0,0
you-touched-my-life,You Touched My Life,0,0,1
you-touched-my-life-1,You Touched My Life,0,0,1
you-turned-the-lights-on,You Turned The Lights On,0,0,0
you-turn-me-on,You Turn Me On,0,0,11
you-turn-me-on-1,You Turn Me On,0,0,11
you-ve-been-a-friend-to-me,You've Been A Friend To Me,1,5,1
youve-been-a-friend-to-me,You’ve Been A Friend To Me,1,5,1
you-ve-been-an-inspiration-to-me,You've Been An Inspiration To Me,0,0,0
youve-been-fooling-me-baby,You’ve Been Fooling Me Baby,0,1,1
you-ve-been-lonesome-too,You've Been Lonesome Too,0,1,0
you-ve-been-on-my-mind,You've Been On My Mind,0,0,3
you-ve-been-so-good-to-me,You've Been So Good To Me,0,0,0
you-ve-destroyed-me,You've Destroyed Me,0,0,1
you-ve-got-a-good-love-coming,You've Got A Good Love Coming,0,0,1
you-ve-got-a-hold-on-me,You've Got A Hold On Me,0,0,4
you-ve-got-a-lover,You've Got A Lover,0,1,2
you-ve-got-a-loving-coming,You've Got A Loving Coming,0,0,0
you-ve-got-a-new-light-shining-in-your-eyes,You've Got A New Light Shining In Your Eyes,0,0,1
you-ve-got-a-right,You've Got A Right,0,0,1
you-ve-got-love,You've Got Love,0,0,1
you-ve-got-me-crying-again,You've Got Me Crying Again,0,0,1
you-ve-got-me-right-where-you-want-me,You've Got Me (Right Where You Want Me),0,0,1
you-ve-got-me-to-hold-on-to,You've Got Me To Hold On To,0,0,1
you-ve-got-somebody-i-ve-got-somebody,You've Got Somebody I've Got Somebody,0,0,1
youve-got-something-on-your-mind,You’ve Got Something On Your Mind,0,0,0
you-ve-got-the-longest-leaving-act-in-town,You've Got The Longest Leaving Act In Town,0,0,1
youve-got-the-look-of-a-perfect-diamond,You’ve Got The Look Of A Perfect Diamond,1,1,1
you-ve-got-the-touch,You've Got The Touch,0,0,1
you-ve-got-the-ways-of-a-woman-in-love,You've Got The Ways Of A Woman In Love,0,0,0
you-ve-got-those-eyes,You've Got Those Eyes,0,0,0
you-ve-got-to-hide-your-love-away,You've Got To Hide Your Love Away,0,2,1
youve-got-to-righten-that-wrong,You’ve Got To Righten That Wrong,0,0,1
you-ve-got-to-stand-for-something,You've Got To Stand For Something,0,1,1
you-ve-got-what-it-takes,You've Got What It Takes,0,0,3
you-ve-got-your-troubles,You've Got Your Troubles,0,0,1
you-ve-just-stepped-in,You've Just Stepped In,0,0,0
you-ve-lost-that-loving-feeling,You've Lost That Loving Feeling,0,0,0
you-ve-made-me-what-i-am,You've Made Me What I Am,0,0,0
you-ve-made-up-for-everything,You've Made Up For Everything,0,0,0
you-ve-never-been-in-love-with-you,You've Never Been In Love With You,0,0,1
you-ve-never-been-this-far-before,You've Never Been This Far Before,0,0,1
you-ve-really-got-a-hold-on-me,You've Really Got A Hold On Me,0,0,1
you-ve-seen-that-look-on-me-a-thousand-times,You've Seen That Look On Me A Thousand Times,0,0,0
you-ve-still-got-a-place-in-my-heart,You've Still Got A Place In My Heart,0,0,1
you-ve-still-got-a-way-with-my-heart,You've Still Got A Way With My Heart,0,0,0
you-ve-turned-to-a-stranger,You've Turned to a Stranger,0,0,1
you-waited-too-long,You waited too long,0,0,2
you-walked-by,You Walked By,0,0,1
you-waltzed-yourself-right-into-my-life,You Waltzed Yourself Right Into My Life,0,0,0
you-wanna-give-me-a-lift,You Wanna Give Me A Lift,0,0,1
you-want-everything-but-me,You Want Everything But Me,0,0,0
you-want-her-not-me,You Want Her Not Me,0,0,0
you-went-back-on-your-word,You Went Back On Your Word,0,0,0
you-went-out-of-your-way-to-walk-on-me,You Went Out Of Your Way (To Walk On Me),0,0,0
you-were-a-good-friend,You Were A Good Friend,0,0,1
you-were-all-the-good-in-me,You Were All The Good In Me,0,0,1
you-were-always-on-my-mind,You Were Always on My Mind,0,0,1
you-were-never-mine-to-lose,You Were Never Mine To Lose,0,0,0
you-weren-t-there,You Weren't There,0,0,4
you-were-only-fooling,You Were Only Fooling,0,0,1
you-were-only-fooling-1,You Were Only Fooling,0,0,1
you-were-only-teasing-me,You Were Only Teasing Me,0,1,0
you-were-on-my-mind-this-morning,You Were On My Mind This Morning,1,1,1
you-were-the-cause-of-it-all,You Were The Cause Of It All,0,0,0
you-will,You Will,0,1,5
you-win-again,You Win Again,1,5,4
you-wont-be-satisfied-that-way,You Won’t Be Satisfied That Way,1,8,1
you-won-t-ever-forget-me-me,You Won't Ever Forget Me Me,0,0,0
you-won-t-forget-about-me,You Won't Forget About Me,0,0,1
you-won-t-have-far-to-go,You Won't Have Far To Go,0,0,1
you-won-t-have-her-long,You Won't Have Her Long,0,0,0
you-won-t-see-me,You Won't See Me,0,0,2
you-would-do-the-same-for-me,You Would Do The Same For Me,0,0,0
you-wouldn-t-cross-the-street-to-say-goodbye,You Wouldn't Cross The Street (To Say Goodbye),0,0,0
you-wouldn-t-know-an-angel,You Wouldn't Know An Angel,0,0,0
you-wouldn-t-know-love,You Wouldn't Know Love,0,1,2
you-you-only-you-lyrics-with-chords,You You Only You Lyrics with Chords,0,0,0
you-you-you,You You You,0,0,8
yo-yo,Yo Yo,0,0,26
yoyos-bozos-bimbos-and-heroes,Yoyos Bozos Bimbos And Heroes,0,0,1
yukatan-cafe,Yukatan Cafe,0,0,0
zig-zag-hornpipe,Zig-Zag Hornpipe,0,0,0
zion-s-hill,Zion's Hill,1,3,1
zions-hill,Zion’s Hill,0,3,1
