{
  "total_files": 17124,
  "threshold_percentage": 0.1,
  "verse_count": {
    "min": 0.0,
    "p0.1": 0.0,
    "p1": 0.0,
    "p5": 3.0,
    "p25": 4.0,
    "p50": 5.0,
    "p75": 6.0,
    "p95": 9.0,
    "p99": 13.0,
    "p99.9": 22.0,
    "max": 40.0,
    "mean": 5.184185937864985,
    "std": 2.293785180154506
  },
  "chord_count": {
    "min": 0.0,
    "p0.1": 0.0,
    "p1": 0.0,
    "p5": 19.0,
    "p25": 31.0,
    "p50": 40.0,
    "p75": 53.0,
    "p95": 77.0,
    "p99": 100.0,
    "p99.9": 131.75400000000081,
    "max": 200.0,
    "mean": 42.992817098808686,
    "std": 18.887506942589706
  },
  "word_count": {
    "min": 0.0,
    "p0.1": 0.0,
    "p1": 0.0,
    "p5": 90.0,
    "p25": 132.0,
    "p50": 164.0,
    "p75": 205.0,
    "p95": 283.0,
    "p99": 353.0,
    "p99.9": 467.8770000000004,
    "max": 887.0,
    "mean": 171.2128007474889,
    "std": 63.704430082801146
  }
}