{
  "total_files": 17124,
  "threshold_percentage": 0.1,
  "verse_count": {
    "min": 0.0,
    "p0.1": 0.0,
    "p1": 2.0,
    "p5": 3.0,
    "p25": 4.0,
    "p50": 5.0,
    "p75": 6.0,
    "p95": 9.0,
    "p99": 13.0,
    "p99.9": 22.0,
    "max": 40.0,
    "mean": 5.36948142957253,
    "std": 2.1965349721442533
  },
  "chord_count": {
    "min": 0.0,
    "p0.1": 0.0,
    "p1": 13.0,
    "p5": 21.0,
    "p25": 31.0,
    "p50": 40.0,
    "p75": 53.0,
    "p95": 77.0,
    "p99": 99.0,
    "p99.9": 131.75400000000081,
    "max": 200.0,
    "mean": 43.46017285680916,
    "std": 17.8519074668146
  },
  "word_count": {
    "min": 0.0,
    "p0.1": 0.0,
    "p1": 73.22999999999999,
    "p5": 97.0,
    "p25": 134.0,
    "p50": 165.0,
    "p75": 205.0,
    "p95": 281.0,
    "p99": 350.5400000000009,
    "p99.9": 467.8770000000004,
    "max": 887.0,
    "mean": 174.1966246204158,
    "std": 58.419279777833175
  }
}