{
  "total_files": 17124,
  "threshold_percentage": 0.1,
  "verse_count": {
    "min": 0.0,
    "p0.1": 0.0,
    "p1": 2.0,
    "p5": 3.0,
    "p25": 4.0,
    "p50": 5.0,
    "p75": 6.0,
    "p95": 10.0,
    "p99": 14.0,
    "p99.9": 23.877000000000407,
    "max": 40.0,
    "mean": 5.424491941135249,
    "std": 2.422199460526739
  },
  "chord_count": {
    "min": 0.0,
    "p0.1": 0.0,
    "p1": 11.0,
    "p5": 20.0,
    "p25": 31.0,
    "p50": 40.0,
    "p75": 53.0,
    "p95": 77.0,
    "p99": 100.0,
    "p99.9": 132.8770000000004,
    "max": 200.0,
    "mean": 43.33782994627423,
    "std": 18.241925595646265
  },
  "word_count": {
    "min": 0.0,
    "p0.1": 0.0,
    "p1": 67.0,
    "p5": 96.0,
    "p25": 134.0,
    "p50": 165.0,
    "p75": 205.0,
    "p95": 281.0,
    "p99": 348.77000000000044,
    "p99.9": 466.8770000000004,
    "max": 887.0,
    "mean": 173.51249708012148,
    "std": 59.42547499275072
  }
}