{
  "total_files": 17124,
  "threshold_percentage": 0.1,
  "verse_count": {
    "min": 0.0,
    "p0.1": 0.0,
    "p1": 1.0,
    "p5": 3.0,
    "p25": 4.0,
    "p50": 5.0,
    "p75": 6.0,
    "p95": 9.0,
    "p99": 13.0,
    "p99.9": 22.0,
    "max": 40.0,
    "mean": 5.264540995094604,
    "std": 2.237107542613719
  },
  "chord_count": {
    "min": 0.0,
    "p0.1": 0.0,
    "p1": 7.0,
    "p5": 20.0,
    "p25": 31.0,
    "p50": 40.0,
    "p75": 53.0,
    "p95": 77.0,
    "p99": 100.0,
    "p99.9": 131.75400000000081,
    "max": 200.0,
    "mean": 43.34098341508993,
    "std": 18.345432499405437
  },
  "word_count": {
    "min": 0.0,
    "p0.1": 0.0,
    "p1": 52.0,
    "p5": 95.0,
    "p25": 134.0,
    "p50": 165.0,
    "p75": 206.0,
    "p95": 283.0,
    "p99": 353.0,
    "p99.9": 467.8770000000004,
    "max": 887.0,
    "mean": 173.72973604298062,
    "std": 60.79761883968788
  }
}