{
  "total_files": 17124,
  "threshold_percentage": 0.1,
  "verse_count": {
    "min": 0.0,
    "p0.1": 0.12300000000000111,
    "p1": 2.0,
    "p5": 3.0,
    "p25": 4.0,
    "p50": 5.0,
    "p75": 6.0,
    "p95": 9.0,
    "p99": 13.0,
    "p99.9": 23.754000000000815,
    "max": 40.0,
    "mean": 5.503562251810325,
    "std": 2.19101793843741
  },
  "chord_count": {
    "min": 0.0,
    "p0.1": 0.0,
    "p1": 13.0,
    "p5": 21.0,
    "p25": 31.0,
    "p50": 40.0,
    "p75": 52.0,
    "p95": 76.0,
    "p99": 97.0,
    "p99.9": 126.87700000000041,
    "max": 200.0,
    "mean": 43.185704274702175,
    "std": 17.48003743521887
  },
  "word_count": {
    "min": 0.0,
    "p0.1": 0.6150000000000055,
    "p1": 74.22999999999999,
    "p5": 98.0,
    "p25": 134.0,
    "p50": 165.0,
    "p75": 203.0,
    "p95": 276.0,
    "p99": 342.77000000000044,
    "p99.9": 466.8770000000004,
    "max": 887.0,
    "mean": 173.12678112590515,
    "std": 56.90978722648645
  }
}